experiment,epoch,learning_rate,gradient_timing,loc_grad_norm,scale_grad_norm,pi_grad_norm,chosen_location_output_grad_mean_abs,chosen_scale_output_grad_mean_abs,pred_max_displacement_m,scale_mean,scale_max,GT_max_displacement_m
moving_only_8,1,0.001,train-mode backward before optimizer step,1.3290650940944313,0.0,0.0,0.0052083334885537624,0.0,2.0330042839050293,1.0,1.0,49.5347785949707
moving_only_8,2,0.001,train-mode backward before optimizer step,1.3967383391023953,0.0,0.0,0.0052083334885537624,0.0,,,,
moving_only_8,3,0.001,train-mode backward before optimizer step,1.4445951089064195,0.0,0.0,0.0052083334885537624,0.0,,,,
moving_only_8,4,0.001,train-mode backward before optimizer step,1.375278365155663,0.0,0.0,0.0052083334885537624,0.0,,,,
moving_only_8,5,0.001,train-mode backward before optimizer step,1.2496821419345103,0.0,0.0,0.0052083334885537624,0.0,,,,
moving_only_8,6,0.001,train-mode backward before optimizer step,1.2362391898134915,0.0,0.0,0.0052083334885537624,0.0,,,,
moving_only_8,7,0.001,train-mode backward before optimizer step,1.263586426067272,0.0,0.0,0.0052083334885537624,0.0,,,,
moving_only_8,8,0.001,train-mode backward before optimizer step,1.190590749362935,0.0,0.0,0.0052083334885537624,0.0,,,,
moving_only_8,9,0.001,train-mode backward before optimizer step,1.2629929877560333,0.0,0.0,0.0052083334885537624,0.0,,,,
moving_only_8,10,0.001,train-mode backward before optimizer step,1.2577346365051272,0.0,0.0,0.0052083334885537624,0.0,2.9225244522094727,1.0,1.0,49.5347785949707
moving_only_8,11,0.001,train-mode backward before optimizer step,1.2104716751905578,0.0,0.0,0.0052083334885537624,0.0,,,,
moving_only_8,12,0.001,train-mode backward before optimizer step,1.2219701800592326,0.0,0.0,0.0052083334885537624,0.0,,,,
moving_only_8,13,0.001,train-mode backward before optimizer step,1.1944167832272414,0.0,0.0,0.0052083334885537624,0.0,,,,
moving_only_8,14,0.001,train-mode backward before optimizer step,1.1862894749857602,0.0,0.0,0.0052083334885537624,0.0,,,,
moving_only_8,15,0.001,train-mode backward before optimizer step,1.1886605261057743,0.0,0.0,0.0052083334885537624,0.0,,,,
moving_only_8,16,0.001,train-mode backward before optimizer step,1.170164404542241,0.0,0.0,0.0052083334885537624,0.0,,,,
moving_only_8,17,0.001,train-mode backward before optimizer step,1.170013233102397,0.0,0.0,0.0052083334885537624,0.0,,,,
moving_only_8,18,0.001,train-mode backward before optimizer step,1.157039061676539,0.0,0.0,0.0052083334885537624,0.0,,,,
moving_only_8,19,0.001,train-mode backward before optimizer step,1.1619578771484869,0.0,0.0,0.0052083334885537624,0.0,,,,
moving_only_8,20,0.001,train-mode backward before optimizer step,1.1678489129257665,0.0,0.0,0.0052083334885537624,0.0,4.2756876945495605,1.0,1.0,49.5347785949707
moving_only_8,21,0.001,train-mode backward before optimizer step,1.168629459670826,0.0,0.0,0.0052083334885537624,0.0,,,,
moving_only_8,22,0.001,train-mode backward before optimizer step,1.1890340808848558,0.0,0.0,0.0052083334885537624,0.0,,,,
moving_only_8,23,0.001,train-mode backward before optimizer step,1.1736514597264025,0.0,0.0,0.0052083334885537624,0.0,,,,
moving_only_8,24,0.001,train-mode backward before optimizer step,1.1794948686339757,0.0,0.0,0.0052083334885537624,0.0,,,,
moving_only_8,25,0.001,train-mode backward before optimizer step,1.1796079722071127,0.0,0.0,0.0052083334885537624,0.0,,,,
moving_only_8,26,0.001,train-mode backward before optimizer step,1.1749967401684904,0.0,0.0,0.0052083334885537624,0.0,,,,
moving_only_8,27,0.001,train-mode backward before optimizer step,1.1933860542490917,0.0,0.0,0.0052083334885537624,0.0,,,,
moving_only_8,28,0.001,train-mode backward before optimizer step,1.2028322141572536,0.0,0.0,0.0052083334885537624,0.0,,,,
moving_only_8,29,0.001,train-mode backward before optimizer step,1.187854520255921,0.0,0.0,0.0052083334885537624,0.0,,,,
moving_only_8,30,0.001,train-mode backward before optimizer step,1.1883352960368518,0.0,0.0,0.0052083334885537624,0.0,4.704861164093018,1.0,1.0,49.5347785949707
moving_only_8,31,0.001,train-mode backward before optimizer step,1.2185610392791462,0.0,0.0,0.0052083334885537624,0.0,,,,
moving_only_8,32,0.001,train-mode backward before optimizer step,1.1990811284403413,0.0,0.0,0.0052083334885537624,0.0,,,,
moving_only_8,33,0.001,train-mode backward before optimizer step,1.1986715207541259,0.0,0.0,0.0052083334885537624,0.0,,,,
moving_only_8,34,0.001,train-mode backward before optimizer step,1.1937776961279383,0.0,0.0,0.0052083334885537624,0.0,,,,
moving_only_8,35,0.001,train-mode backward before optimizer step,1.185126844038164,0.0,0.0,0.0052083334885537624,0.0,,,,
moving_only_8,36,0.001,train-mode backward before optimizer step,1.2018231111008857,0.0,0.0,0.0052083334885537624,0.0,,,,
moving_only_8,37,0.001,train-mode backward before optimizer step,1.184613792045526,0.0,0.0,0.0052083334885537624,0.0,,,,
moving_only_8,38,0.001,train-mode backward before optimizer step,1.2010040797796182,0.0,0.0,0.0052083334885537624,0.0,,,,
moving_only_8,39,0.001,train-mode backward before optimizer step,1.2134486306193732,0.0,0.0,0.0052083334885537624,0.0,,,,
moving_only_8,40,0.001,train-mode backward before optimizer step,1.2121615395319254,0.0,0.0,0.0052083334885537624,0.0,5.215566635131836,1.0,1.0,49.5347785949707
moving_only_8,41,0.001,train-mode backward before optimizer step,1.2135926978312654,0.0,0.0,0.0052083334885537624,0.0,,,,
moving_only_8,42,0.001,train-mode backward before optimizer step,1.2049781987982493,0.0,0.0,0.0052083334885537624,0.0,,,,
moving_only_8,43,0.001,train-mode backward before optimizer step,1.2240524379781992,0.0,0.0,0.0052083334885537624,0.0,,,,
moving_only_8,44,0.001,train-mode backward before optimizer step,1.2096207482843004,0.0,0.0,0.0052083334885537624,0.0,,,,
moving_only_8,45,0.001,train-mode backward before optimizer step,1.200516826154562,0.0,0.0,0.0052083334885537624,0.0,,,,
moving_only_8,46,0.001,train-mode backward before optimizer step,1.2159753943110883,0.0,0.0,0.0052083334885537624,0.0,,,,
moving_only_8,47,0.001,train-mode backward before optimizer step,1.1997236404784086,0.0,0.0,0.0052083334885537624,0.0,,,,
moving_only_8,48,0.001,train-mode backward before optimizer step,1.209571287499057,0.0,0.0,0.0052083334885537624,0.0,,,,
moving_only_8,49,0.001,train-mode backward before optimizer step,1.2805976452896308,0.0,0.0,0.0052083334885537624,0.0,,,,
moving_only_8,50,0.001,train-mode backward before optimizer step,1.1976431979787274,0.0,0.0,0.0052083334885537624,0.0,5.711482524871826,1.0,1.0,49.5347785949707
moving_only_8,51,0.001,train-mode backward before optimizer step,1.212758209516089,0.0,0.0,0.0052083334885537624,0.0,,,,
moving_only_8,52,0.001,train-mode backward before optimizer step,1.2227159855551974,0.0,0.0,0.0052083334885537624,0.0,,,,
moving_only_8,53,0.001,train-mode backward before optimizer step,1.251056215362336,0.0,0.0,0.0052083334885537624,0.0,,,,
moving_only_8,54,0.001,train-mode backward before optimizer step,1.2575715468479367,0.0,0.0,0.0052083334885537624,0.0,,,,
moving_only_8,55,0.001,train-mode backward before optimizer step,1.217482338478031,0.0,0.0,0.0052083334885537624,0.0,,,,
moving_only_8,56,0.001,train-mode backward before optimizer step,1.2119130618202985,0.0,0.0,0.0052083334885537624,0.0,,,,
moving_only_8,57,0.001,train-mode backward before optimizer step,1.2422976904359255,0.0,0.0,0.0052083334885537624,0.0,,,,
moving_only_8,58,0.001,train-mode backward before optimizer step,1.2041676265414187,0.0,0.0,0.0052083334885537624,0.0,,,,
moving_only_8,59,0.001,train-mode backward before optimizer step,1.2680934353052313,0.0,0.0,0.0052083334885537624,0.0,,,,
moving_only_8,60,0.001,train-mode backward before optimizer step,1.216643573912509,0.0,0.0,0.0052083334885537624,0.0,6.133546829223633,1.0,1.0,49.5347785949707
moving_only_8,61,0.001,train-mode backward before optimizer step,1.234762254073899,0.0,0.0,0.0052083334885537624,0.0,,,,
moving_only_8,62,0.001,train-mode backward before optimizer step,1.2593093700673859,0.0,0.0,0.0052083334885537624,0.0,,,,
moving_only_8,63,0.001,train-mode backward before optimizer step,1.2443499679977272,0.0,0.0,0.0052083334885537624,0.0,,,,
moving_only_8,64,0.001,train-mode backward before optimizer step,1.2220567886433702,0.0,0.0,0.0052083334885537624,0.0,,,,
moving_only_8,65,0.001,train-mode backward before optimizer step,1.216611169129549,0.0,0.0,0.0052083334885537624,0.0,,,,
moving_only_8,66,0.001,train-mode backward before optimizer step,1.2669742306952212,0.0,0.0,0.0052083334885537624,0.0,,,,
moving_only_8,67,0.001,train-mode backward before optimizer step,1.2816332029802493,0.0,0.0,0.0052083334885537624,0.0,,,,
moving_only_8,68,0.001,train-mode backward before optimizer step,1.227161310043795,0.0,0.0,0.0052083334885537624,0.0,,,,
moving_only_8,69,0.001,train-mode backward before optimizer step,1.2289307942907517,0.0,0.0,0.0052083334885537624,0.0,,,,
moving_only_8,70,0.001,train-mode backward before optimizer step,1.2462962039176961,0.0,0.0,0.0052083334885537624,0.0,6.620449066162109,1.0,1.0,49.5347785949707
moving_only_8,71,0.001,train-mode backward before optimizer step,1.2943125901420067,0.0,0.0,0.0052083334885537624,0.0,,,,
moving_only_8,72,0.001,train-mode backward before optimizer step,1.2751572637952142,0.0,0.0,0.0052083334885537624,0.0,,,,
moving_only_8,73,0.001,train-mode backward before optimizer step,1.4265081330366876,0.0,0.0,0.0052083334885537624,0.0,,,,
moving_only_8,74,0.001,train-mode backward before optimizer step,1.2490549904374062,0.0,0.0,0.0052083334885537624,0.0,,,,
moving_only_8,75,0.001,train-mode backward before optimizer step,1.2852247811848216,0.0,0.0,0.0052083334885537624,0.0,,,,
moving_only_8,76,0.001,train-mode backward before optimizer step,1.283019816672591,0.0,0.0,0.0052083334885537624,0.0,,,,
moving_only_8,77,0.001,train-mode backward before optimizer step,1.3036905911029495,0.0,0.0,0.0052083334885537624,0.0,,,,
moving_only_8,78,0.001,train-mode backward before optimizer step,1.361354293530864,0.0,0.0,0.0052083334885537624,0.0,,,,
moving_only_8,79,0.001,train-mode backward before optimizer step,1.268514711194857,0.0,0.0,0.0052083334885537624,0.0,,,,
moving_only_8,80,0.001,train-mode backward before optimizer step,1.3296580775997153,0.0,0.0,0.0052083334885537624,0.0,7.193429470062256,1.0,1.0,49.5347785949707
moving_only_8,81,0.001,train-mode backward before optimizer step,1.2896311148661515,0.0,0.0,0.0052083334885537624,0.0,,,,
moving_only_8,82,0.001,train-mode backward before optimizer step,1.407352137275872,0.0,0.0,0.0052083334885537624,0.0,,,,
moving_only_8,83,0.001,train-mode backward before optimizer step,1.3604679707881548,0.0,0.0,0.0052083334885537624,0.0,,,,
moving_only_8,84,0.001,train-mode backward before optimizer step,1.3141542037340816,0.0,0.0,0.0052083334885537624,0.0,,,,
moving_only_8,85,0.001,train-mode backward before optimizer step,1.3829663160091343,0.0,0.0,0.0052083334885537624,0.0,,,,
moving_only_8,86,0.001,train-mode backward before optimizer step,1.3025833680366148,0.0,0.0,0.0052083334885537624,0.0,,,,
moving_only_8,87,0.001,train-mode backward before optimizer step,1.3213373025556299,0.0,0.0,0.0052083334885537624,0.0,,,,
moving_only_8,88,0.001,train-mode backward before optimizer step,1.5242834238978211,0.0,0.0,0.0052083334885537624,0.0,,,,
moving_only_8,89,0.001,train-mode backward before optimizer step,1.3249424699867371,0.0,0.0,0.0052083334885537624,0.0,,,,
moving_only_8,90,0.001,train-mode backward before optimizer step,1.3886741822698419,0.0,0.0,0.0052083334885537624,0.0,7.76606559753418,1.0,1.0,49.5347785949707
moving_only_8,91,0.001,train-mode backward before optimizer step,1.3710223719942283,0.0,0.0,0.0052083334885537624,0.0,,,,
moving_only_8,92,0.001,train-mode backward before optimizer step,1.364852107763802,0.0,0.0,0.0052083334885537624,0.0,,,,
moving_only_8,93,0.001,train-mode backward before optimizer step,1.2852156028801711,0.0,0.0,0.0052083334885537624,0.0,,,,
moving_only_8,94,0.001,train-mode backward before optimizer step,1.3682000869820083,0.0,0.0,0.0052083334885537624,0.0,,,,
moving_only_8,95,0.001,train-mode backward before optimizer step,1.3455873895227641,0.0,0.0,0.0052083334885537624,0.0,,,,
moving_only_8,96,0.001,train-mode backward before optimizer step,1.2949772639660528,0.0,0.0,0.0052083334885537624,0.0,,,,
moving_only_8,97,0.001,train-mode backward before optimizer step,1.3156282061812967,0.0,0.0,0.0052083334885537624,0.0,,,,
moving_only_8,98,0.001,train-mode backward before optimizer step,1.3045958570282787,0.0,0.0,0.0052083334885537624,0.0,,,,
moving_only_8,99,0.001,train-mode backward before optimizer step,1.3071687973861743,0.0,0.0,0.0052083334885537624,0.0,,,,
moving_only_8,100,0.001,train-mode backward before optimizer step,1.3022147521885021,0.0,0.0,0.0052083334885537624,0.0,8.367839813232422,1.0,1.0,49.5347785949707
moving_only_8,101,0.001,train-mode backward before optimizer step,1.3290438830857307,0.0,0.0,0.0052083334885537624,0.0,,,,
moving_only_8,102,0.001,train-mode backward before optimizer step,1.3784589859326268,0.0,0.0,0.0052083334885537624,0.0,,,,
moving_only_8,103,0.001,train-mode backward before optimizer step,1.3149536673615019,0.0,0.0,0.0052083334885537624,0.0,,,,
moving_only_8,104,0.001,train-mode backward before optimizer step,1.3958257652137864,0.0,0.0,0.0052083334885537624,0.0,,,,
moving_only_8,105,0.001,train-mode backward before optimizer step,1.372930102997353,0.0,0.0,0.0052083334885537624,0.0,,,,
moving_only_8,106,0.001,train-mode backward before optimizer step,1.4406762438427785,0.0,0.0,0.0052083334885537624,0.0,,,,
moving_only_8,107,0.001,train-mode backward before optimizer step,1.3817019961479566,0.0,0.0,0.0052083334885537624,0.0,,,,
moving_only_8,108,0.001,train-mode backward before optimizer step,1.3444167092649053,0.0,0.0,0.0052083334885537624,0.0,,,,
moving_only_8,109,0.001,train-mode backward before optimizer step,1.4703753528551529,0.0,0.0,0.0052083334885537624,0.0,,,,
moving_only_8,110,0.001,train-mode backward before optimizer step,1.3763701726947968,0.0,0.0,0.0052083334885537624,0.0,8.969673156738281,1.0,1.0,49.5347785949707
moving_only_8,111,0.001,train-mode backward before optimizer step,1.3428912715717691,0.0,0.0,0.0052083334885537624,0.0,,,,
moving_only_8,112,0.001,train-mode backward before optimizer step,1.5509803878904471,0.0,0.0,0.0052083334885537624,0.0,,,,
moving_only_8,113,0.001,train-mode backward before optimizer step,1.394395509641975,0.0,0.0,0.0052083334885537624,0.0,,,,
moving_only_8,114,0.001,train-mode backward before optimizer step,1.44858338062853,0.0,0.0,0.0052083334885537624,0.0,,,,
moving_only_8,115,0.001,train-mode backward before optimizer step,1.3486977462203413,0.0,0.0,0.0052083334885537624,0.0,,,,
moving_only_8,116,0.001,train-mode backward before optimizer step,1.3583969798455233,0.0,0.0,0.0052083334885537624,0.0,,,,
moving_only_8,117,0.001,train-mode backward before optimizer step,1.4189020573826236,0.0,0.0,0.0052083334885537624,0.0,,,,
moving_only_8,118,0.001,train-mode backward before optimizer step,1.4311593758561147,0.0,0.0,0.0052083334885537624,0.0,,,,
moving_only_8,119,0.001,train-mode backward before optimizer step,1.4259374082986855,0.0,0.0,0.0052083334885537624,0.0,,,,
moving_only_8,120,0.001,train-mode backward before optimizer step,1.4238507151975328,0.0,0.0,0.0052083334885537624,0.0,9.54541301727295,1.0,1.0,49.5347785949707
moving_only_8,121,0.001,train-mode backward before optimizer step,1.4192505423734856,0.0,0.0,0.0052083334885537624,0.0,,,,
moving_only_8,122,0.001,train-mode backward before optimizer step,1.438736972787549,0.0,0.0,0.0052083334885537624,0.0,,,,
moving_only_8,123,0.001,train-mode backward before optimizer step,1.5007997409547336,0.0,0.0,0.0052083334885537624,0.0,,,,
moving_only_8,124,0.001,train-mode backward before optimizer step,1.4320399856952082,0.0,0.0,0.0052083334885537624,0.0,,,,
moving_only_8,125,0.001,train-mode backward before optimizer step,1.3901251676430733,0.0,0.0,0.0052083334885537624,0.0,,,,
moving_only_8,126,0.001,train-mode backward before optimizer step,1.4235293180460589,0.0,0.0,0.0052083334885537624,0.0,,,,
moving_only_8,127,0.001,train-mode backward before optimizer step,1.4619829563321702,0.0,0.0,0.0052083334885537624,0.0,,,,
moving_only_8,128,0.001,train-mode backward before optimizer step,1.4512820463579759,0.0,0.0,0.0052083334885537624,0.0,,,,
moving_only_8,129,0.001,train-mode backward before optimizer step,1.4540006683229023,0.0,0.0,0.0052083334885537624,0.0,,,,
moving_only_8,130,0.001,train-mode backward before optimizer step,1.4512445648837715,0.0,0.0,0.0052083334885537624,0.0,10.131081581115723,1.0,1.0,49.5347785949707
moving_only_8,131,0.001,train-mode backward before optimizer step,1.4323398180415905,0.0,0.0,0.0052083334885537624,0.0,,,,
moving_only_8,132,0.001,train-mode backward before optimizer step,1.4481137497090395,0.0,0.0,0.0052083334885537624,0.0,,,,
moving_only_8,133,0.001,train-mode backward before optimizer step,1.5354187884033175,0.0,0.0,0.0052083334885537624,0.0,,,,
moving_only_8,134,0.001,train-mode backward before optimizer step,1.50716284053748,0.0,0.0,0.0052083334885537624,0.0,,,,
moving_only_8,135,0.001,train-mode backward before optimizer step,1.480274981463855,0.0,0.0,0.0052083334885537624,0.0,,,,
moving_only_8,136,0.001,train-mode backward before optimizer step,1.5789329677634818,0.0,0.0,0.0052083334885537624,0.0,,,,
moving_only_8,137,0.001,train-mode backward before optimizer step,1.4701666749824933,0.0,0.0,0.0052083334885537624,0.0,,,,
moving_only_8,138,0.001,train-mode backward before optimizer step,1.4992776756868866,0.0,0.0,0.0052083334885537624,0.0,,,,
moving_only_8,139,0.001,train-mode backward before optimizer step,1.5446870085804152,0.0,0.0,0.0052083334885537624,0.0,,,,
moving_only_8,140,0.001,train-mode backward before optimizer step,1.4408176665660255,0.0,0.0,0.0052083334885537624,0.0,10.613872528076172,1.0,1.0,49.5347785949707
moving_only_8,141,0.001,train-mode backward before optimizer step,1.465816601393596,0.0,0.0,0.0052083334885537624,0.0,,,,
moving_only_8,142,0.001,train-mode backward before optimizer step,1.533470975470818,0.0,0.0,0.0052083334885537624,0.0,,,,
moving_only_8,143,0.001,train-mode backward before optimizer step,1.6575060198590754,0.0,0.0,0.0052083334885537624,0.0,,,,
moving_only_8,144,0.001,train-mode backward before optimizer step,1.5918919606656212,0.0,0.0,0.0052083334885537624,0.0,,,,
moving_only_8,145,0.001,train-mode backward before optimizer step,1.5872093176700024,0.0,0.0,0.0052083334885537624,0.0,,,,
moving_only_8,146,0.001,train-mode backward before optimizer step,1.5831864366549475,0.0,0.0,0.0052083334885537624,0.0,,,,
moving_only_8,147,0.001,train-mode backward before optimizer step,1.6423146660851458,0.0,0.0,0.0052083334885537624,0.0,,,,
moving_only_8,148,0.001,train-mode backward before optimizer step,1.599159045391021,0.0,0.0,0.0052083334885537624,0.0,,,,
moving_only_8,149,0.001,train-mode backward before optimizer step,1.472858261331295,0.0,0.0,0.0052083334885537624,0.0,,,,
moving_only_8,150,0.001,train-mode backward before optimizer step,1.557885588290514,0.0,0.0,0.0052083334885537624,0.0,11.192802429199219,1.0,1.0,49.5347785949707
moving_only_8,151,0.001,train-mode backward before optimizer step,1.5518806820720956,0.0,0.0,0.0052083334885537624,0.0,,,,
moving_only_8,152,0.001,train-mode backward before optimizer step,1.5569187644474514,0.0,0.0,0.0052083334885537624,0.0,,,,
moving_only_8,153,0.001,train-mode backward before optimizer step,1.4767384448144567,0.0,0.0,0.0052083334885537624,0.0,,,,
moving_only_8,154,0.001,train-mode backward before optimizer step,1.7544157928582538,0.0,0.0,0.0052083334885537624,0.0,,,,
moving_only_8,155,0.001,train-mode backward before optimizer step,1.5138051122922314,0.0,0.0,0.0052083334885537624,0.0,,,,
moving_only_8,156,0.001,train-mode backward before optimizer step,1.5143362955096051,0.0,0.0,0.0052083334885537624,0.0,,,,
moving_only_8,157,0.001,train-mode backward before optimizer step,1.6280854178421933,0.0,0.0,0.0052083334885537624,0.0,,,,
moving_only_8,158,0.001,train-mode backward before optimizer step,1.4919015880565296,0.0,0.0,0.0052083334885537624,0.0,,,,
moving_only_8,159,0.001,train-mode backward before optimizer step,1.6380966945774589,0.0,0.0,0.0052083334885537624,0.0,,,,
moving_only_8,160,0.001,train-mode backward before optimizer step,1.4798391786676761,0.0,0.0,0.0052083334885537624,0.0,11.795303344726562,1.0,1.0,49.5347785949707
moving_only_8,161,0.001,train-mode backward before optimizer step,1.5436620565872556,0.0,0.0,0.0052083334885537624,0.0,,,,
moving_only_8,162,0.001,train-mode backward before optimizer step,1.5161281801766744,0.0,0.0,0.0052083334885537624,0.0,,,,
moving_only_8,163,0.001,train-mode backward before optimizer step,1.5165498493407392,0.0,0.0,0.0052083334885537624,0.0,,,,
moving_only_8,164,0.001,train-mode backward before optimizer step,1.6143322044627184,0.0,0.0,0.0052083334885537624,0.0,,,,
moving_only_8,165,0.001,train-mode backward before optimizer step,1.5983857262092784,0.0,0.0,0.0052083334885537624,0.0,,,,
moving_only_8,166,0.001,train-mode backward before optimizer step,1.5459708312179232,0.0,0.0,0.0052083334885537624,0.0,,,,
moving_only_8,167,0.001,train-mode backward before optimizer step,1.5514982638669468,0.0,0.0,0.0052083334885537624,0.0,,,,
moving_only_8,168,0.001,train-mode backward before optimizer step,1.7279290699507093,0.0,0.0,0.0052083334885537624,0.0,,,,
moving_only_8,169,0.001,train-mode backward before optimizer step,1.5218698302193765,0.0,0.0,0.0052083334885537624,0.0,,,,
moving_only_8,170,0.001,train-mode backward before optimizer step,1.707506211431464,0.0,0.0,0.0052083334885537624,0.0,12.399768829345703,1.0,1.0,49.5347785949707
moving_only_8,171,0.001,train-mode backward before optimizer step,1.5480216643026639,0.0,0.0,0.0052083334885537624,0.0,,,,
moving_only_8,172,0.001,train-mode backward before optimizer step,1.5483955374883325,0.0,0.0,0.0052083334885537624,0.0,,,,
moving_only_8,173,0.001,train-mode backward before optimizer step,1.6205395398353752,0.0,0.0,0.0052083334885537624,0.0,,,,
moving_only_8,174,0.001,train-mode backward before optimizer step,1.5617875687346732,0.0,0.0,0.0052083334885537624,0.0,,,,
moving_only_8,175,0.001,train-mode backward before optimizer step,1.611686288872506,0.0,0.0,0.0052083334885537624,0.0,,,,
moving_only_8,176,0.001,train-mode backward before optimizer step,1.646153275311922,0.0,0.0,0.0052083334885537624,0.0,,,,
moving_only_8,177,0.001,train-mode backward before optimizer step,1.4920379590111863,0.0,0.0,0.0052083334885537624,0.0,,,,
moving_only_8,178,0.001,train-mode backward before optimizer step,1.4724152881990236,0.0,0.0,0.0052083334885537624,0.0,,,,
moving_only_8,179,0.001,train-mode backward before optimizer step,1.4989020266857112,0.0,0.0,0.0052083334885537624,0.0,,,,
moving_only_8,180,0.001,train-mode backward before optimizer step,1.5969885682444325,0.0,0.0,0.0052083334885537624,0.0,13.025666236877441,1.0,1.0,49.5347785949707
moving_only_8,181,0.001,train-mode backward before optimizer step,1.5764767582724981,0.0,0.0,0.0052083334885537624,0.0,,,,
moving_only_8,182,0.001,train-mode backward before optimizer step,1.6155434446854515,0.0,0.0,0.0052083334885537624,0.0,,,,
moving_only_8,183,0.001,train-mode backward before optimizer step,1.5542305798361906,0.0,0.0,0.0052083334885537624,0.0,,,,
moving_only_8,184,0.001,train-mode backward before optimizer step,1.7076346521545893,0.0,0.0,0.0052083334885537624,0.0,,,,
moving_only_8,185,0.001,train-mode backward before optimizer step,1.5004381217364244,0.0,0.0,0.0052083334885537624,0.0,,,,
moving_only_8,186,0.001,train-mode backward before optimizer step,1.8036954501915348,0.0,0.0,0.0052083334885537624,0.0,,,,
moving_only_8,187,0.001,train-mode backward before optimizer step,1.6515732914844177,0.0,0.0,0.0052083334885537624,0.0,,,,
moving_only_8,188,0.001,train-mode backward before optimizer step,1.7178265504473624,0.0,0.0,0.0052083334885537624,0.0,,,,
moving_only_8,189,0.001,train-mode backward before optimizer step,1.7415400036822484,0.0,0.0,0.0052083334885537624,0.0,,,,
moving_only_8,190,0.001,train-mode backward before optimizer step,1.683190628100187,0.0,0.0,0.0052083334885537624,0.0,13.620509147644043,1.0,1.0,49.5347785949707
moving_only_8,191,0.001,train-mode backward before optimizer step,1.6189461765051663,0.0,0.0,0.0052083334885537624,0.0,,,,
moving_only_8,192,0.001,train-mode backward before optimizer step,1.5758658864567645,0.0,0.0,0.0052083334885537624,0.0,,,,
moving_only_8,193,0.001,train-mode backward before optimizer step,1.6059157572037255,0.0,0.0,0.0052083334885537624,0.0,,,,
moving_only_8,194,0.001,train-mode backward before optimizer step,1.6285797210525133,0.0,0.0,0.0052083334885537624,0.0,,,,
moving_only_8,195,0.001,train-mode backward before optimizer step,1.5482815026906909,0.0,0.0,0.0052083334885537624,0.0,,,,
moving_only_8,196,0.001,train-mode backward before optimizer step,1.7761051235086798,0.0,0.0,0.0052083334885537624,0.0,,,,
moving_only_8,197,0.001,train-mode backward before optimizer step,1.5539157593922364,0.0,0.0,0.0052083334885537624,0.0,,,,
moving_only_8,198,0.001,train-mode backward before optimizer step,1.606496653223589,0.0,0.0,0.0052083334885537624,0.0,,,,
moving_only_8,199,0.001,train-mode backward before optimizer step,1.64547051497177,0.0,0.0,0.0052083334885537624,0.0,,,,
moving_only_8,200,0.001,train-mode backward before optimizer step,1.6437423684208903,0.0,0.0,0.0052083334885537624,0.0,14.362056732177734,1.0,1.0,49.5347785949707
moving_only_8,201,0.001,train-mode backward before optimizer step,1.6546666705377795,0.0,0.0,0.0052083334885537624,0.0,,,,
moving_only_8,202,0.001,train-mode backward before optimizer step,1.5910874882785548,0.0,0.0,0.0052083334885537624,0.0,,,,
moving_only_8,203,0.001,train-mode backward before optimizer step,1.7611072459787356,0.0,0.0,0.0052083334885537624,0.0,,,,
moving_only_8,204,0.001,train-mode backward before optimizer step,1.8545174373934243,0.0,0.0,0.0052083334885537624,0.0,,,,
moving_only_8,205,0.001,train-mode backward before optimizer step,1.6885042099881353,0.0,0.0,0.0052083334885537624,0.0,,,,
moving_only_8,206,0.001,train-mode backward before optimizer step,1.8962769310278673,0.0,0.0,0.0052083334885537624,0.0,,,,
moving_only_8,207,0.001,train-mode backward before optimizer step,1.8226421047551524,0.0,0.0,0.0052083334885537624,0.0,,,,
moving_only_8,208,0.001,train-mode backward before optimizer step,1.576273301314868,0.0,0.0,0.0052083334885537624,0.0,,,,
moving_only_8,209,0.001,train-mode backward before optimizer step,1.7210158268464406,0.0,0.0,0.0052083334885537624,0.0,,,,
moving_only_8,210,0.001,train-mode backward before optimizer step,1.6015602524262722,0.0,0.0,0.0052083334885537624,0.0,15.102812767028809,1.0,1.0,49.5347785949707
moving_only_8,211,0.001,train-mode backward before optimizer step,1.6216566326023287,0.0,0.0,0.0052083334885537624,0.0,,,,
moving_only_8,212,0.001,train-mode backward before optimizer step,1.6114319291328782,0.0,0.0,0.0052083334885537624,0.0,,,,
moving_only_8,213,0.001,train-mode backward before optimizer step,1.6720232462656854,0.0,0.0,0.0052083334885537624,0.0,,,,
moving_only_8,214,0.001,train-mode backward before optimizer step,1.7681365462576357,0.0,0.0,0.0052083334885537624,0.0,,,,
moving_only_8,215,0.001,train-mode backward before optimizer step,1.619890915016859,0.0,0.0,0.0052083334885537624,0.0,,,,
moving_only_8,216,0.001,train-mode backward before optimizer step,1.752480657911704,0.0,0.0,0.0052083334885537624,0.0,,,,
moving_only_8,217,0.001,train-mode backward before optimizer step,1.6289534526171736,0.0,0.0,0.0052083334885537624,0.0,,,,
moving_only_8,218,0.001,train-mode backward before optimizer step,1.664377133608878,0.0,0.0,0.0052083334885537624,0.0,,,,
moving_only_8,219,0.001,train-mode backward before optimizer step,1.6360377898170229,0.0,0.0,0.0052083334885537624,0.0,,,,
moving_only_8,220,0.001,train-mode backward before optimizer step,1.602179091450176,0.0,0.0,0.0052083334885537624,0.0,15.810266494750977,1.0,1.0,49.5347785949707
moving_only_8,221,0.001,train-mode backward before optimizer step,1.8181782444953165,0.0,0.0,0.0052083334885537624,0.0,,,,
moving_only_8,222,0.001,train-mode backward before optimizer step,1.665533368383054,0.0,0.0,0.0052083334885537624,0.0,,,,
moving_only_8,223,0.001,train-mode backward before optimizer step,1.9802144744278716,0.0,0.0,0.0052083334885537624,0.0,,,,
moving_only_8,224,0.001,train-mode backward before optimizer step,1.6149020602667739,0.0,0.0,0.0052083334885537624,0.0,,,,
moving_only_8,225,0.001,train-mode backward before optimizer step,1.634596450863487,0.0,0.0,0.0052083334885537624,0.0,,,,
moving_only_8,226,0.001,train-mode backward before optimizer step,1.6135005142109158,0.0,0.0,0.0052083334885537624,0.0,,,,
moving_only_8,227,0.001,train-mode backward before optimizer step,1.6411660131967285,0.0,0.0,0.0052083334885537624,0.0,,,,
moving_only_8,228,0.001,train-mode backward before optimizer step,2.1508474927971237,0.0,0.0,0.0052083334885537624,0.0,,,,
moving_only_8,229,0.001,train-mode backward before optimizer step,1.694323945927612,0.0,0.0,0.0052083334885537624,0.0,,,,
moving_only_8,230,0.001,train-mode backward before optimizer step,1.7569519629365808,0.0,0.0,0.0052083334885537624,0.0,16.530776977539062,1.0,1.0,49.5347785949707
moving_only_8,231,0.001,train-mode backward before optimizer step,1.724167331032793,0.0,0.0,0.0052083334885537624,0.0,,,,
moving_only_8,232,0.001,train-mode backward before optimizer step,1.82373224079365,0.0,0.0,0.0052083334885537624,0.0,,,,
moving_only_8,233,0.001,train-mode backward before optimizer step,1.8087847062788054,0.0,0.0,0.0052083334885537624,0.0,,,,
moving_only_8,234,0.001,train-mode backward before optimizer step,1.7637220468846007,0.0,0.0,0.0052083334885537624,0.0,,,,
moving_only_8,235,0.001,train-mode backward before optimizer step,1.6511656582610394,0.0,0.0,0.0052083334885537624,0.0,,,,
moving_only_8,236,0.001,train-mode backward before optimizer step,1.6946966560636108,0.0,0.0,0.0052083334885537624,0.0,,,,
moving_only_8,237,0.001,train-mode backward before optimizer step,1.661018318018975,0.0,0.0,0.0052083334885537624,0.0,,,,
moving_only_8,238,0.001,train-mode backward before optimizer step,1.6196976466781434,0.0,0.0,0.0052083334885537624,0.0,,,,
moving_only_8,239,0.001,train-mode backward before optimizer step,1.7362779019830603,0.0,0.0,0.0052083334885537624,0.0,,,,
moving_only_8,240,0.001,train-mode backward before optimizer step,1.6572874130512025,0.0,0.0,0.0052083334885537624,0.0,17.296363830566406,1.0,1.0,49.5347785949707
moving_only_8,241,0.001,train-mode backward before optimizer step,1.5844663028695434,0.0,0.0,0.0052083334885537624,0.0,,,,
moving_only_8,242,0.001,train-mode backward before optimizer step,1.639792441290466,0.0,0.0,0.0052083334885537624,0.0,,,,
moving_only_8,243,0.001,train-mode backward before optimizer step,1.6334578547608303,0.0,0.0,0.0052083334885537624,0.0,,,,
moving_only_8,244,0.001,train-mode backward before optimizer step,2.16249998396275,0.0,0.0,0.0052083334885537624,0.0,,,,
moving_only_8,245,0.001,train-mode backward before optimizer step,1.5739981174330775,0.0,0.0,0.0052083334885537624,0.0,,,,
moving_only_8,246,0.001,train-mode backward before optimizer step,1.8149466066259243,0.0,0.0,0.0052083334885537624,0.0,,,,
moving_only_8,247,0.001,train-mode backward before optimizer step,2.020355565572542,0.0,0.0,0.0052083334885537624,0.0,,,,
moving_only_8,248,0.001,train-mode backward before optimizer step,1.5796294336772885,0.0,0.0,0.0052083334885537624,0.0,,,,
moving_only_8,249,0.001,train-mode backward before optimizer step,2.2524506413205434,0.0,0.0,0.0052083334885537624,0.0,,,,
moving_only_8,250,0.001,train-mode backward before optimizer step,1.9704991397898515,0.0,0.0,0.0052083334885537624,0.0,18.004011154174805,1.0,1.0,49.5347785949707
moving_only_8,251,0.001,train-mode backward before optimizer step,1.9693180956014127,0.0,0.0,0.0052083334885537624,0.0,,,,
moving_only_8,252,0.001,train-mode backward before optimizer step,1.9411009363011118,0.0,0.0,0.0052083334885537624,0.0,,,,
moving_only_8,253,0.001,train-mode backward before optimizer step,1.715634750334082,0.0,0.0,0.0052083334885537624,0.0,,,,
moving_only_8,254,0.001,train-mode backward before optimizer step,1.8910160502627864,0.0,0.0,0.0052083334885537624,0.0,,,,
moving_only_8,255,0.001,train-mode backward before optimizer step,1.6219520452212388,0.0,0.0,0.0052083334885537624,0.0,,,,
moving_only_8,256,0.001,train-mode backward before optimizer step,1.7796745307422062,0.0,0.0,0.0052083334885537624,0.0,,,,
moving_only_8,257,0.001,train-mode backward before optimizer step,1.6296164546509124,0.0,0.0,0.0052083334885537624,0.0,,,,
moving_only_8,258,0.001,train-mode backward before optimizer step,1.6565322200683663,0.0,0.0,0.0052083334885537624,0.0,,,,
moving_only_8,259,0.001,train-mode backward before optimizer step,1.7490971129346786,0.0,0.0,0.0052083334885537624,0.0,,,,
moving_only_8,260,0.001,train-mode backward before optimizer step,1.692390148928078,0.0,0.0,0.0052083334885537624,0.0,18.733570098876953,1.0,1.0,49.5347785949707
moving_only_8,261,0.001,train-mode backward before optimizer step,1.6522390790662425,0.0,0.0,0.0052083334885537624,0.0,,,,
moving_only_8,262,0.001,train-mode backward before optimizer step,1.678603632180897,0.0,0.0,0.0052083334885537624,0.0,,,,
moving_only_8,263,0.001,train-mode backward before optimizer step,1.6144617559817944,0.0,0.0,0.0052083334885537624,0.0,,,,
moving_only_8,264,0.001,train-mode backward before optimizer step,1.6271378958161553,0.0,0.0,0.0052083334885537624,0.0,,,,
moving_only_8,265,0.001,train-mode backward before optimizer step,2.037939827486328,0.0,0.0,0.0052083334885537624,0.0,,,,
moving_only_8,266,0.001,train-mode backward before optimizer step,1.7354491999546553,0.0,0.0,0.0052083334885537624,0.0,,,,
moving_only_8,267,0.001,train-mode backward before optimizer step,1.9008173383964873,0.0,0.0,0.0052083334885537624,0.0,,,,
moving_only_8,268,0.001,train-mode backward before optimizer step,1.7548237795518808,0.0,0.0,0.0052083334885537624,0.0,,,,
moving_only_8,269,0.001,train-mode backward before optimizer step,1.6872161850396177,0.0,0.0,0.0052083334885537624,0.0,,,,
moving_only_8,270,0.001,train-mode backward before optimizer step,1.969398972123311,0.0,0.0,0.0052083334885537624,0.0,19.626882553100586,1.0,1.0,49.5347785949707
moving_only_8,271,0.001,train-mode backward before optimizer step,2.0166671792655797,0.0,0.0,0.0052083334885537624,0.0,,,,
moving_only_8,272,0.001,train-mode backward before optimizer step,2.0413378631622523,0.0,0.0,0.0052083334885537624,0.0,,,,
moving_only_8,273,0.001,train-mode backward before optimizer step,1.7351183659782532,0.0,0.0,0.0052083334885537624,0.0,,,,
moving_only_8,274,0.001,train-mode backward before optimizer step,2.115999196296641,0.0,0.0,0.0052083334885537624,0.0,,,,
moving_only_8,275,0.001,train-mode backward before optimizer step,1.7481638004200264,0.0,0.0,0.0052083334885537624,0.0,,,,
moving_only_8,276,0.001,train-mode backward before optimizer step,1.77031046876613,0.0,0.0,0.0052083334885537624,0.0,,,,
moving_only_8,277,0.001,train-mode backward before optimizer step,1.755335669457417,0.0,0.0,0.0052083334885537624,0.0,,,,
moving_only_8,278,0.001,train-mode backward before optimizer step,1.8366552492584751,0.0,0.0,0.0052083334885537624,0.0,,,,
moving_only_8,279,0.001,train-mode backward before optimizer step,2.0270288569292596,0.0,0.0,0.0052083334885537624,0.0,,,,
moving_only_8,280,0.001,train-mode backward before optimizer step,1.8944369074830754,0.0,0.0,0.0052083334885537624,0.0,20.425769805908203,1.0,1.0,49.5347785949707
moving_only_8,281,0.001,train-mode backward before optimizer step,1.8839089662309823,0.0,0.0,0.0052083334885537624,0.0,,,,
moving_only_8,282,0.001,train-mode backward before optimizer step,1.7548156210414445,0.0,0.0,0.0052083334885537624,0.0,,,,
moving_only_8,283,0.001,train-mode backward before optimizer step,1.6982554155720304,0.0,0.0,0.0052083334885537624,0.0,,,,
moving_only_8,284,0.001,train-mode backward before optimizer step,1.7546725509339478,0.0,0.0,0.0052083334885537624,0.0,,,,
moving_only_8,285,0.001,train-mode backward before optimizer step,1.8353356182732712,0.0,0.0,0.0052083334885537624,0.0,,,,
moving_only_8,286,0.001,train-mode backward before optimizer step,1.7452530498450303,0.0,0.0,0.0052083334885537624,0.0,,,,
moving_only_8,287,0.001,train-mode backward before optimizer step,1.8493027080399989,0.0,0.0,0.0052083334885537624,0.0,,,,
moving_only_8,288,0.001,train-mode backward before optimizer step,1.7153601402539946,0.0,0.0,0.0052083334885537624,0.0,,,,
moving_only_8,289,0.001,train-mode backward before optimizer step,1.7506480796328427,0.0,0.0,0.0052083334885537624,0.0,,,,
moving_only_8,290,0.001,train-mode backward before optimizer step,1.7269511851621473,0.0,0.0,0.0052083334885537624,0.0,21.28818130493164,1.0,1.0,49.5347785949707
moving_only_8,291,0.001,train-mode backward before optimizer step,1.7677662166348134,0.0,0.0,0.0052083334885537624,0.0,,,,
moving_only_8,292,0.001,train-mode backward before optimizer step,1.787365943431461,0.0,0.0,0.0052083334885537624,0.0,,,,
moving_only_8,293,0.001,train-mode backward before optimizer step,1.7916507028149689,0.0,0.0,0.0052083334885537624,0.0,,,,
moving_only_8,294,0.001,train-mode backward before optimizer step,1.747765712249433,0.0,0.0,0.0052083334885537624,0.0,,,,
moving_only_8,295,0.001,train-mode backward before optimizer step,2.1730383629099395,0.0,0.0,0.0052083334885537624,0.0,,,,
moving_only_8,296,0.001,train-mode backward before optimizer step,2.6790374692554906,0.0,0.0,0.0052083334885537624,0.0,,,,
moving_only_8,297,0.001,train-mode backward before optimizer step,2.327401463670012,0.0,0.0,0.0052083334885537624,0.0,,,,
moving_only_8,298,0.001,train-mode backward before optimizer step,1.7869867518719946,0.0,0.0,0.0052083334885537624,0.0,,,,
moving_only_8,299,0.001,train-mode backward before optimizer step,1.8609190392836479,0.0,0.0,0.0052083334885537624,0.0,,,,
moving_only_8,300,0.001,train-mode backward before optimizer step,1.8230983856054452,0.0,0.0,0.0052083334885537624,0.0,22.09084129333496,1.0,1.0,49.5347785949707
moving_only_8,301,0.001,train-mode backward before optimizer step,1.909661247868209,0.0,0.0,0.0052083334885537624,0.0,,,,
moving_only_8,302,0.001,train-mode backward before optimizer step,1.780230709930923,0.0,0.0,0.0052083334885537624,0.0,,,,
moving_only_8,303,0.001,train-mode backward before optimizer step,1.8257314320523488,0.0,0.0,0.0052083334885537624,0.0,,,,
moving_only_8,304,0.001,train-mode backward before optimizer step,1.8757561690713722,0.0,0.0,0.0052083334885537624,0.0,,,,
moving_only_8,305,0.001,train-mode backward before optimizer step,2.3409655775333023,0.0,0.0,0.0052083334885537624,0.0,,,,
moving_only_8,306,0.001,train-mode backward before optimizer step,1.8804501733889813,0.0,0.0,0.0052083334885537624,0.0,,,,
moving_only_8,307,0.001,train-mode backward before optimizer step,1.9782606540174792,0.0,0.0,0.0052083334885537624,0.0,,,,
moving_only_8,308,0.001,train-mode backward before optimizer step,2.4723565993641627,0.0,0.0,0.0052083334885537624,0.0,,,,
moving_only_8,309,0.001,train-mode backward before optimizer step,1.8851727646743677,0.0,0.0,0.0052083334885537624,0.0,,,,
moving_only_8,310,0.001,train-mode backward before optimizer step,1.7862002992662165,0.0,0.0,0.0052083334885537624,0.0,22.90042495727539,1.0,1.0,49.5347785949707
moving_only_8,311,0.001,train-mode backward before optimizer step,2.4793610082000037,0.0,0.0,0.0052083334885537624,0.0,,,,
moving_only_8,312,0.001,train-mode backward before optimizer step,2.6846358511898742,0.0,0.0,0.0052083334885537624,0.0,,,,
moving_only_8,313,0.001,train-mode backward before optimizer step,1.9495384494896923,0.0,0.0,0.0052083334885537624,0.0,,,,
moving_only_8,314,0.001,train-mode backward before optimizer step,2.251349429758443,0.0,0.0,0.0052083334885537624,0.0,,,,
moving_only_8,315,0.001,train-mode backward before optimizer step,2.268834063167506,0.0,0.0,0.0052083334885537624,0.0,,,,
moving_only_8,316,0.001,train-mode backward before optimizer step,1.8141986827018661,0.0,0.0,0.0052083334885537624,0.0,,,,
moving_only_8,317,0.001,train-mode backward before optimizer step,2.195151505735925,0.0,0.0,0.0052083334885537624,0.0,,,,
moving_only_8,318,0.001,train-mode backward before optimizer step,1.9053259516992023,0.0,0.0,0.0052083334885537624,0.0,,,,
moving_only_8,319,0.001,train-mode backward before optimizer step,1.7503728189813916,0.0,0.0,0.0052083334885537624,0.0,,,,
moving_only_8,320,0.001,train-mode backward before optimizer step,1.9795177409646778,0.0,0.0,0.0052083334885537624,0.0,23.868593215942383,1.0,1.0,49.5347785949707
moving_only_8,321,0.001,train-mode backward before optimizer step,1.953957686934614,0.0,0.0,0.0052083334885537624,0.0,,,,
moving_only_8,322,0.001,train-mode backward before optimizer step,1.7286434873377277,0.0,0.0,0.0052083334885537624,0.0,,,,
moving_only_8,323,0.001,train-mode backward before optimizer step,1.8775870170056106,0.0,0.0,0.0052083334885537624,0.0,,,,
moving_only_8,324,0.001,train-mode backward before optimizer step,1.9028093444661258,0.0,0.0,0.0052083334885537624,0.0,,,,
moving_only_8,325,0.001,train-mode backward before optimizer step,1.807383551003394,0.0,0.0,0.0052083334885537624,0.0,,,,
moving_only_8,326,0.001,train-mode backward before optimizer step,2.344795495773934,0.0,0.0,0.0052083334885537624,0.0,,,,
moving_only_8,327,0.001,train-mode backward before optimizer step,1.7547010643371468,0.0,0.0,0.0052083334885537624,0.0,,,,
moving_only_8,328,0.001,train-mode backward before optimizer step,1.7559014593489062,0.0,0.0,0.0052083334885537624,0.0,,,,
moving_only_8,329,0.001,train-mode backward before optimizer step,1.9635642544473377,0.0,0.0,0.0052083334885537624,0.0,,,,
moving_only_8,330,0.001,train-mode backward before optimizer step,1.74266513679774,0.0,0.0,0.0052083334885537624,0.0,24.79214859008789,1.0,1.0,49.5347785949707
moving_only_8,331,0.001,train-mode backward before optimizer step,1.8437237974279688,0.0,0.0,0.0052083334885537624,0.0,,,,
moving_only_8,332,0.001,train-mode backward before optimizer step,1.8618596857877223,0.0,0.0,0.0052083334885537624,0.0,,,,
moving_only_8,333,0.001,train-mode backward before optimizer step,1.6952417602053496,0.0,0.0,0.0052083334885537624,0.0,,,,
moving_only_8,334,0.001,train-mode backward before optimizer step,2.503979602825586,0.0,0.0,0.0052083334885537624,0.0,,,,
moving_only_8,335,0.001,train-mode backward before optimizer step,1.7083706802776426,0.0,0.0,0.0052083334885537624,0.0,,,,
moving_only_8,336,0.001,train-mode backward before optimizer step,2.043979011467011,0.0,0.0,0.0052083334885537624,0.0,,,,
moving_only_8,337,0.001,train-mode backward before optimizer step,2.0647979848712605,0.0,0.0,0.0052083334885537624,0.0,,,,
moving_only_8,338,0.001,train-mode backward before optimizer step,1.6835450201639002,0.0,0.0,0.0052083334885537624,0.0,,,,
moving_only_8,339,0.001,train-mode backward before optimizer step,2.188436641979432,0.0,0.0,0.0052083334885537624,0.0,,,,
moving_only_8,340,0.001,train-mode backward before optimizer step,2.0580281420742947,0.0,0.0,0.0052083334885537624,0.0,25.68640899658203,1.0,1.0,49.5347785949707
moving_only_8,341,0.001,train-mode backward before optimizer step,1.9285077829260244,0.0,0.0,0.0052083334885537624,0.0,,,,
moving_only_8,342,0.001,train-mode backward before optimizer step,2.538227060272436,0.0,0.0,0.0052083334885537624,0.0,,,,
moving_only_8,343,0.001,train-mode backward before optimizer step,1.712303731929102,0.0,0.0,0.0052083334885537624,0.0,,,,
moving_only_8,344,0.001,train-mode backward before optimizer step,1.7886194414872971,0.0,0.0,0.0052083334885537624,0.0,,,,
moving_only_8,345,0.001,train-mode backward before optimizer step,2.025327108609289,0.0,0.0,0.0052083334885537624,0.0,,,,
moving_only_8,346,0.001,train-mode backward before optimizer step,2.242266531893835,0.0,0.0,0.0052083334885537624,0.0,,,,
moving_only_8,347,0.001,train-mode backward before optimizer step,1.9059295070300788,0.0,0.0,0.0052083334885537624,0.0,,,,
moving_only_8,348,0.001,train-mode backward before optimizer step,2.391995921529694,0.0,0.0,0.0052083334885537624,0.0,,,,
moving_only_8,349,0.001,train-mode backward before optimizer step,2.386127805899452,0.0,0.0,0.0052083334885537624,0.0,,,,
moving_only_8,350,0.001,train-mode backward before optimizer step,1.7849253501107323,0.0,0.0,0.0052083334885537624,0.0,26.599891662597656,1.0,1.0,49.5347785949707
moving_only_8,351,0.001,train-mode backward before optimizer step,1.649651729609413,0.0,0.0,0.0052083334885537624,0.0,,,,
moving_only_8,352,0.001,train-mode backward before optimizer step,2.102636653715603,0.0,0.0,0.0052083334885537624,0.0,,,,
moving_only_8,353,0.001,train-mode backward before optimizer step,2.287807624302697,0.0,0.0,0.0052083334885537624,0.0,,,,
moving_only_8,354,0.001,train-mode backward before optimizer step,2.005067912436853,0.0,0.0,0.0052083334885537624,0.0,,,,
moving_only_8,355,0.001,train-mode backward before optimizer step,2.638116115413356,0.0,0.0,0.0052083334885537624,0.0,,,,
moving_only_8,356,0.001,train-mode backward before optimizer step,1.7491333476406334,0.0,0.0,0.0052083334885537624,0.0,,,,
moving_only_8,357,0.001,train-mode backward before optimizer step,2.6981091761505445,0.0,0.0,0.0052083334885537624,0.0,,,,
moving_only_8,358,0.001,train-mode backward before optimizer step,1.5957350830552306,0.0,0.0,0.0052083334885537624,0.0,,,,
moving_only_8,359,0.001,train-mode backward before optimizer step,1.6061492125087824,0.0,0.0,0.0052083334885537624,0.0,,,,
moving_only_8,360,0.001,train-mode backward before optimizer step,2.000067795216238,0.0,0.0,0.0052083334885537624,0.0,27.45077133178711,1.0,1.0,49.5347785949707
moving_only_8,361,0.001,train-mode backward before optimizer step,1.9045219979306947,0.0,0.0,0.0052083334885537624,0.0,,,,
moving_only_8,362,0.001,train-mode backward before optimizer step,1.9390618989871793,0.0,0.0,0.0052083334885537624,0.0,,,,
moving_only_8,363,0.001,train-mode backward before optimizer step,2.4038885420654346,0.0,0.0,0.0052083334885537624,0.0,,,,
moving_only_8,364,0.001,train-mode backward before optimizer step,1.4840321925551014,0.0,0.0,0.0052083334885537624,0.0,,,,
moving_only_8,365,0.001,train-mode backward before optimizer step,1.6516602052336766,0.0,0.0,0.0052083334885537624,0.0,,,,
moving_only_8,366,0.001,train-mode backward before optimizer step,2.473939310519016,0.0,0.0,0.0052083334885537624,0.0,,,,
moving_only_8,367,0.001,train-mode backward before optimizer step,1.396586964128975,0.0,0.0,0.0052083334885537624,0.0,,,,
moving_only_8,368,0.001,train-mode backward before optimizer step,1.7451976577507349,0.0,0.0,0.0052083334885537624,0.0,,,,
moving_only_8,369,0.001,train-mode backward before optimizer step,1.885994755925448,0.0,0.0,0.0052083334885537624,0.0,,,,
moving_only_8,370,0.001,train-mode backward before optimizer step,1.4896845179504028,0.0,0.0,0.0052083334885537624,0.0,28.245817184448242,1.0,1.0,49.5347785949707
moving_only_8,371,0.001,train-mode backward before optimizer step,1.5965529581735471,0.0,0.0,0.0052083334885537624,0.0,,,,
moving_only_8,372,0.001,train-mode backward before optimizer step,1.899552634135432,0.0,0.0,0.0052083334885537624,0.0,,,,
moving_only_8,373,0.001,train-mode backward before optimizer step,1.5387592822969518,0.0,0.0,0.0052083334885537624,0.0,,,,
moving_only_8,374,0.001,train-mode backward before optimizer step,1.849720348632991,0.0,0.0,0.0052083334885537624,0.0,,,,
moving_only_8,375,0.001,train-mode backward before optimizer step,1.6897892742395397,0.0,0.0,0.0052083334885537624,0.0,,,,
moving_only_8,376,0.001,train-mode backward before optimizer step,1.8463740612887136,0.0,0.0,0.0052083334885537624,0.0,,,,
moving_only_8,377,0.001,train-mode backward before optimizer step,1.4345855267137764,0.0,0.0,0.0052083334885537624,0.0,,,,
moving_only_8,378,0.001,train-mode backward before optimizer step,1.8545735600409674,0.0,0.0,0.0052083334885537624,0.0,,,,
moving_only_8,379,0.001,train-mode backward before optimizer step,1.321326099735984,0.0,0.0,0.0052083334885537624,0.0,,,,
moving_only_8,380,0.001,train-mode backward before optimizer step,2.014330238141295,0.0,0.0,0.0052083334885537624,0.0,29.0203857421875,1.0,1.0,49.5347785949707
moving_only_8,381,0.001,train-mode backward before optimizer step,1.4724328866093235,0.0,0.0,0.0052083334885537624,0.0,,,,
moving_only_8,382,0.001,train-mode backward before optimizer step,1.462981852006056,0.0,0.0,0.0052083334885537624,0.0,,,,
moving_only_8,383,0.001,train-mode backward before optimizer step,1.7513749594774752,0.0,0.0,0.0052083334885537624,0.0,,,,
moving_only_8,384,0.001,train-mode backward before optimizer step,1.5809886355333882,0.0,0.0,0.0052083334885537624,0.0,,,,
moving_only_8,385,0.001,train-mode backward before optimizer step,1.3204387825938113,0.0,0.0,0.0052083334885537624,0.0,,,,
moving_only_8,386,0.001,train-mode backward before optimizer step,1.7512178525364654,0.0,0.0,0.0052083334885537624,0.0,,,,
moving_only_8,387,0.001,train-mode backward before optimizer step,1.4297570689837202,0.0,0.0,0.0052083334885537624,0.0,,,,
moving_only_8,388,0.001,train-mode backward before optimizer step,1.9511210540370898,0.0,0.0,0.0052083334885537624,0.0,,,,
moving_only_8,389,0.001,train-mode backward before optimizer step,2.114941989111217,0.0,0.0,0.0052083334885537624,0.0,,,,
moving_only_8,390,0.001,train-mode backward before optimizer step,1.292365591618084,0.0,0.0,0.0052083334885537624,0.0,29.748517990112305,1.0,1.0,49.5347785949707
moving_only_8,391,0.001,train-mode backward before optimizer step,2.3068766133827316,0.0,0.0,0.0052083334885537624,0.0,,,,
moving_only_8,392,0.001,train-mode backward before optimizer step,2.276201333988898,0.0,0.0,0.0052083334885537624,0.0,,,,
moving_only_8,393,0.001,train-mode backward before optimizer step,1.4176146190035113,0.0,0.0,0.0052083334885537624,0.0,,,,
moving_only_8,394,0.001,train-mode backward before optimizer step,1.8256258580783653,0.0,0.0,0.0052083334885537624,0.0,,,,
moving_only_8,395,0.001,train-mode backward before optimizer step,1.854221370778344,0.0,0.0,0.0052083334885537624,0.0,,,,
moving_only_8,396,0.001,train-mode backward before optimizer step,1.6397091088395515,0.0,0.0,0.0052083334885537624,0.0,,,,
moving_only_8,397,0.001,train-mode backward before optimizer step,1.2018507560414935,0.0,0.0,0.0052083334885537624,0.0,,,,
moving_only_8,398,0.001,train-mode backward before optimizer step,2.618325508455996,0.0,0.0,0.0052083334885537624,0.0,,,,
moving_only_8,399,0.001,train-mode backward before optimizer step,1.4032410515292,0.0,0.0,0.0052083334885537624,0.0,,,,
moving_only_8,400,0.001,train-mode backward before optimizer step,1.2682110240563056,0.0,0.0,0.0052083334885537624,0.0,30.67421531677246,1.0,1.0,49.5347785949707
moving_only_8,401,0.001,train-mode backward before optimizer step,1.5628958276491427,0.0,0.0,0.0052083334885537624,0.0,,,,
moving_only_8,402,0.001,train-mode backward before optimizer step,1.3915758816237789,0.0,0.0,0.0052083334885537624,0.0,,,,
moving_only_8,403,0.001,train-mode backward before optimizer step,1.5080922163874284,0.0,0.0,0.0052083334885537624,0.0,,,,
moving_only_8,404,0.001,train-mode backward before optimizer step,1.5764434523547615,0.0,0.0,0.0052083334885537624,0.0,,,,
moving_only_8,405,0.001,train-mode backward before optimizer step,2.2102924611552863,0.0,0.0,0.0052083334885537624,0.0,,,,
moving_only_8,406,0.001,train-mode backward before optimizer step,1.3102187293877638,0.0,0.0,0.0052083334885537624,0.0,,,,
moving_only_8,407,0.001,train-mode backward before optimizer step,1.3373324719985873,0.0,0.0,0.0052083334885537624,0.0,,,,
moving_only_8,408,0.001,train-mode backward before optimizer step,1.9749989838478421,0.0,0.0,0.0052083334885537624,0.0,,,,
moving_only_8,409,0.001,train-mode backward before optimizer step,1.5040583989112795,0.0,0.0,0.0052083334885537624,0.0,,,,
moving_only_8,410,0.001,train-mode backward before optimizer step,1.6519126834658875,0.0,0.0,0.0052083334885537624,0.0,31.436716079711914,1.0,1.0,49.5347785949707
moving_only_8,411,0.001,train-mode backward before optimizer step,2.3265882379850473,0.0,0.0,0.0052083334885537624,0.0,,,,
moving_only_8,412,0.001,train-mode backward before optimizer step,1.5977343793716068,0.0,0.0,0.0052083334885537624,0.0,,,,
moving_only_8,413,0.001,train-mode backward before optimizer step,1.5223542437122919,0.0,0.0,0.0052083334885537624,0.0,,,,
moving_only_8,414,0.001,train-mode backward before optimizer step,2.1007168931044284,0.0,0.0,0.0052083334885537624,0.0,,,,
moving_only_8,415,0.001,train-mode backward before optimizer step,1.9639997246780063,0.0,0.0,0.0052083334885537624,0.0,,,,
moving_only_8,416,0.001,train-mode backward before optimizer step,1.4939003377181463,0.0,0.0,0.0052083334885537624,0.0,,,,
moving_only_8,417,0.001,train-mode backward before optimizer step,1.5320347540137844,0.0,0.0,0.0052083334885537624,0.0,,,,
moving_only_8,418,0.001,train-mode backward before optimizer step,2.331323749514074,0.0,0.0,0.0052083334885537624,0.0,,,,
moving_only_8,419,0.001,train-mode backward before optimizer step,1.4280097114821744,0.0,0.0,0.0052083334885537624,0.0,,,,
moving_only_8,420,0.001,train-mode backward before optimizer step,1.4272981031570462,0.0,0.0,0.0052083334885537624,0.0,32.26736831665039,1.0,1.0,49.5347785949707
moving_only_8,421,0.001,train-mode backward before optimizer step,2.10379327774891,0.0,0.0,0.0052083334885537624,0.0,,,,
moving_only_8,422,0.001,train-mode backward before optimizer step,1.6082914930184122,0.0,0.0,0.0052083334885537624,0.0,,,,
moving_only_8,423,0.001,train-mode backward before optimizer step,1.521704255697127,0.0,0.0,0.0052083334885537624,0.0,,,,
moving_only_8,424,0.001,train-mode backward before optimizer step,2.514461709715959,0.0,0.0,0.0052083334885537624,0.0,,,,
moving_only_8,425,0.001,train-mode backward before optimizer step,2.6177403439819056,0.0,0.0,0.0052083334885537624,0.0,,,,
moving_only_8,426,0.001,train-mode backward before optimizer step,1.6291350626221313,0.0,0.0,0.0052083334885537624,0.0,,,,
moving_only_8,427,0.001,train-mode backward before optimizer step,1.95462619817293,0.0,0.0,0.0052083334885537624,0.0,,,,
moving_only_8,428,0.001,train-mode backward before optimizer step,2.5637144285185998,0.0,0.0,0.0052083334885537624,0.0,,,,
moving_only_8,429,0.001,train-mode backward before optimizer step,2.110782261638782,0.0,0.0,0.0052083334885537624,0.0,,,,
moving_only_8,430,0.001,train-mode backward before optimizer step,1.3516248517905736,0.0,0.0,0.0052083334885537624,0.0,33.025394439697266,1.0,1.0,49.5347785949707
moving_only_8,431,0.001,train-mode backward before optimizer step,1.4041287733039913,0.0,0.0,0.0052083334885537624,0.0,,,,
moving_only_8,432,0.001,train-mode backward before optimizer step,2.9476110762365555,0.0,0.0,0.0052083334885537624,0.0,,,,
moving_only_8,433,0.001,train-mode backward before optimizer step,1.7202524761239648,0.0,0.0,0.0052083334885537624,0.0,,,,
moving_only_8,434,0.001,train-mode backward before optimizer step,1.203349627537928,0.0,0.0,0.0052083334885537624,0.0,,,,
moving_only_8,435,0.001,train-mode backward before optimizer step,1.6360505731122277,0.0,0.0,0.0052083334885537624,0.0,,,,
moving_only_8,436,0.001,train-mode backward before optimizer step,1.7536948111401893,0.0,0.0,0.0052083334885537624,0.0,,,,
moving_only_8,437,0.001,train-mode backward before optimizer step,1.7809118734026406,0.0,0.0,0.0052083334885537624,0.0,,,,
moving_only_8,438,0.001,train-mode backward before optimizer step,1.3819578519668554,0.0,0.0,0.0052083334885537624,0.0,,,,
moving_only_8,439,0.001,train-mode backward before optimizer step,1.828011225212671,0.0,0.0,0.0052083334885537624,0.0,,,,
moving_only_8,440,0.001,train-mode backward before optimizer step,2.1466456902514772,0.0,0.0,0.0052083334885537624,0.0,33.45685958862305,1.0,1.0,49.5347785949707
moving_only_8,441,0.001,train-mode backward before optimizer step,1.5393002845661867,0.0,0.0,0.0052083334885537624,0.0,,,,
moving_only_8,442,0.001,train-mode backward before optimizer step,1.2378739304201758,0.0,0.0,0.0052083334885537624,0.0,,,,
moving_only_8,443,0.001,train-mode backward before optimizer step,1.7141614956880034,0.0,0.0,0.0052083334885537624,0.0,,,,
moving_only_8,444,0.001,train-mode backward before optimizer step,1.650096260524623,0.0,0.0,0.0052083334885537624,0.0,,,,
moving_only_8,445,0.001,train-mode backward before optimizer step,1.9010734716360482,0.0,0.0,0.0052083334885537624,0.0,,,,
moving_only_8,446,0.001,train-mode backward before optimizer step,1.3559727120760303,0.0,0.0,0.0052083334885537624,0.0,,,,
moving_only_8,447,0.001,train-mode backward before optimizer step,2.1319490628196607,0.0,0.0,0.0052083334885537624,0.0,,,,
moving_only_8,448,0.001,train-mode backward before optimizer step,1.7449124680462826,0.0,0.0,0.0052083334885537624,0.0,,,,
moving_only_8,449,0.001,train-mode backward before optimizer step,1.743698541841263,0.0,0.0,0.0052083334885537624,0.0,,,,
moving_only_8,450,0.001,train-mode backward before optimizer step,1.2680964585827648,0.0,0.0,0.0052083334885537624,0.0,34.08238983154297,1.0,1.0,49.5347785949707
moving_only_8,451,0.001,train-mode backward before optimizer step,1.2889773092634327,0.0,0.0,0.0052083334885537624,0.0,,,,
moving_only_8,452,0.001,train-mode backward before optimizer step,1.1205685000709757,0.0,0.0,0.0052083334885537624,0.0,,,,
moving_only_8,453,0.001,train-mode backward before optimizer step,1.1551198478788858,0.0,0.0,0.0052083334885537624,0.0,,,,
moving_only_8,454,0.001,train-mode backward before optimizer step,1.376257153376529,0.0,0.0,0.0052083334885537624,0.0,,,,
moving_only_8,455,0.001,train-mode backward before optimizer step,1.3200186116913613,0.0,0.0,0.0052083334885537624,0.0,,,,
moving_only_8,456,0.001,train-mode backward before optimizer step,1.2732260087391083,0.0,0.0,0.0052083334885537624,0.0,,,,
moving_only_8,457,0.001,train-mode backward before optimizer step,1.406035082761923,0.0,0.0,0.0052083334885537624,0.0,,,,
moving_only_8,458,0.001,train-mode backward before optimizer step,1.2553147862609284,0.0,0.0,0.0052083334885537624,0.0,,,,
moving_only_8,459,0.001,train-mode backward before optimizer step,1.2987315293741821,0.0,0.0,0.0052083334885537624,0.0,,,,
moving_only_8,460,0.001,train-mode backward before optimizer step,1.9088642509159153,0.0,0.0,0.0052083334885537624,0.0,34.3441276550293,1.0,1.0,49.5347785949707
moving_only_8,461,0.001,train-mode backward before optimizer step,1.3205405557528065,0.0,0.0,0.0052083334885537624,0.0,,,,
moving_only_8,462,0.001,train-mode backward before optimizer step,1.2670687671023615,0.0,0.0,0.0052083334885537624,0.0,,,,
moving_only_8,463,0.001,train-mode backward before optimizer step,2.1011217065624104,0.0,0.0,0.0052083334885537624,0.0,,,,
moving_only_8,464,0.001,train-mode backward before optimizer step,1.6274358157381241,0.0,0.0,0.0052083334885537624,0.0,,,,
moving_only_8,465,0.001,train-mode backward before optimizer step,1.6598816281110647,0.0,0.0,0.0052083334885537624,0.0,,,,
moving_only_8,466,0.001,train-mode backward before optimizer step,1.7164507818888037,0.0,0.0,0.0052083334885537624,0.0,,,,
moving_only_8,467,0.001,train-mode backward before optimizer step,1.7654329007769236,0.0,0.0,0.0052083334885537624,0.0,,,,
moving_only_8,468,0.001,train-mode backward before optimizer step,1.2319249946641202,0.0,0.0,0.0052083334885537624,0.0,,,,
moving_only_8,469,0.001,train-mode backward before optimizer step,1.4732856984149552,0.0,0.0,0.0052083334885537624,0.0,,,,
moving_only_8,470,0.001,train-mode backward before optimizer step,1.8291421231718377,0.0,0.0,0.0052083334885537624,0.0,34.73374938964844,1.0,1.0,49.5347785949707
moving_only_8,471,0.001,train-mode backward before optimizer step,1.4891911200519679,0.0,0.0,0.0052083334885537624,0.0,,,,
moving_only_8,472,0.001,train-mode backward before optimizer step,1.6891814418407582,0.0,0.0,0.0052083334885537624,0.0,,,,
moving_only_8,473,0.001,train-mode backward before optimizer step,1.2689419280652827,0.0,0.0,0.0052083334885537624,0.0,,,,
moving_only_8,474,0.001,train-mode backward before optimizer step,1.4744179552076973,0.0,0.0,0.0052083334885537624,0.0,,,,
moving_only_8,475,0.001,train-mode backward before optimizer step,1.1965578686437701,0.0,0.0,0.0052083334885537624,0.0,,,,
moving_only_8,476,0.001,train-mode backward before optimizer step,1.5130050930524934,0.0,0.0,0.0052083334885537624,0.0,,,,
moving_only_8,477,0.001,train-mode backward before optimizer step,1.6150146602092446,0.0,0.0,0.0052083334885537624,0.0,,,,
moving_only_8,478,0.001,train-mode backward before optimizer step,1.3229692310204488,0.0,0.0,0.0052083334885537624,0.0,,,,
moving_only_8,479,0.001,train-mode backward before optimizer step,1.4699869773993093,0.0,0.0,0.0052083334885537624,0.0,,,,
moving_only_8,480,0.001,train-mode backward before optimizer step,1.3215666407617588,0.0,0.0,0.0052083334885537624,0.0,35.61644744873047,1.0,1.0,49.5347785949707
moving_only_8,481,0.001,train-mode backward before optimizer step,1.5027870705879725,0.0,0.0,0.0052083334885537624,0.0,,,,
moving_only_8,482,0.001,train-mode backward before optimizer step,1.2216959229504285,0.0,0.0,0.0052083334885537624,0.0,,,,
moving_only_8,483,0.001,train-mode backward before optimizer step,1.1544762986796675,0.0,0.0,0.0052083334885537624,0.0,,,,
moving_only_8,484,0.001,train-mode backward before optimizer step,1.494772225734243,0.0,0.0,0.0052083334885537624,0.0,,,,
moving_only_8,485,0.001,train-mode backward before optimizer step,1.3739684616790866,0.0,0.0,0.0052083334885537624,0.0,,,,
moving_only_8,486,0.001,train-mode backward before optimizer step,2.008869690133832,0.0,0.0,0.0052083334885537624,0.0,,,,
moving_only_8,487,0.001,train-mode backward before optimizer step,1.540216121976315,0.0,0.0,0.0052083334885537624,0.0,,,,
moving_only_8,488,0.001,train-mode backward before optimizer step,1.4927995204435311,0.0,0.0,0.0052083334885537624,0.0,,,,
moving_only_8,489,0.001,train-mode backward before optimizer step,1.944143056098685,0.0,0.0,0.0052083334885537624,0.0,,,,
moving_only_8,490,0.001,train-mode backward before optimizer step,1.7785252182109348,0.0,0.0,0.0052083334885537624,0.0,36.1549186706543,1.0,1.0,49.5347785949707
moving_only_8,491,0.001,train-mode backward before optimizer step,1.9048799528749107,0.0,0.0,0.0052083334885537624,0.0,,,,
moving_only_8,492,0.001,train-mode backward before optimizer step,1.3911383718811403,0.0,0.0,0.0052083334885537624,0.0,,,,
moving_only_8,493,0.001,train-mode backward before optimizer step,1.1817529815979269,0.0,0.0,0.0052083334885537624,0.0,,,,
moving_only_8,494,0.001,train-mode backward before optimizer step,1.3822305815208524,0.0,0.0,0.0052083334885537624,0.0,,,,
moving_only_8,495,0.001,train-mode backward before optimizer step,1.472310506899791,0.0,0.0,0.0052083334885537624,0.0,,,,
moving_only_8,496,0.001,train-mode backward before optimizer step,1.4163610558759598,0.0,0.0,0.0052083334885537624,0.0,,,,
moving_only_8,497,0.001,train-mode backward before optimizer step,1.7516727632160616,0.0,0.0,0.0052083334885537624,0.0,,,,
moving_only_8,498,0.001,train-mode backward before optimizer step,1.8385742450856408,0.0,0.0,0.0052083334885537624,0.0,,,,
moving_only_8,499,0.001,train-mode backward before optimizer step,1.1438913987233164,0.0,0.0,0.0052083334885537624,0.0,,,,
moving_only_8,500,0.001,train-mode backward before optimizer step,1.4680606233780955,0.0,0.0,0.0052083334885537624,0.0,36.215110778808594,1.0,1.0,49.5347785949707
moving_only_8,501,0.001,train-mode backward before optimizer step,1.440415829418699,0.0,0.0,0.0052083334885537624,0.0,,,,
moving_only_8,502,0.001,train-mode backward before optimizer step,1.3267527701053081,0.0,0.0,0.0052083334885537624,0.0,,,,
moving_only_8,503,0.001,train-mode backward before optimizer step,1.6720666425104398,0.0,0.0,0.0052083334885537624,0.0,,,,
moving_only_8,504,0.001,train-mode backward before optimizer step,2.418672049567311,0.0,0.0,0.0052083334885537624,0.0,,,,
moving_only_8,505,0.001,train-mode backward before optimizer step,1.3409554476275736,0.0,0.0,0.0052083334885537624,0.0,,,,
moving_only_8,506,0.001,train-mode backward before optimizer step,1.3699386858370015,0.0,0.0,0.0052083334885537624,0.0,,,,
moving_only_8,507,0.001,train-mode backward before optimizer step,1.5381872775283416,0.0,0.0,0.0052083334885537624,0.0,,,,
moving_only_8,508,0.001,train-mode backward before optimizer step,1.7791837257254215,0.0,0.0,0.0052083334885537624,0.0,,,,
moving_only_8,509,0.001,train-mode backward before optimizer step,1.2451442437495333,0.0,0.0,0.0052083334885537624,0.0,,,,
moving_only_8,510,0.001,train-mode backward before optimizer step,1.823342551768307,0.0,0.0,0.0052083334885537624,0.0,36.40695571899414,1.0,1.0,49.5347785949707
moving_only_8,511,0.001,train-mode backward before optimizer step,1.8857907242020444,0.0,0.0,0.0052083334885537624,0.0,,,,
moving_only_8,512,0.001,train-mode backward before optimizer step,1.4872105371785382,0.0,0.0,0.0052083334885537624,0.0,,,,
moving_only_8,513,0.001,train-mode backward before optimizer step,1.1887769952040503,0.0,0.0,0.0052083334885537624,0.0,,,,
moving_only_8,514,0.001,train-mode backward before optimizer step,2.054134422485756,0.0,0.0,0.0052083334885537624,0.0,,,,
moving_only_8,515,0.001,train-mode backward before optimizer step,1.8797351587003504,0.0,0.0,0.0052083334885537624,0.0,,,,
moving_only_8,516,0.001,train-mode backward before optimizer step,1.906479663686371,0.0,0.0,0.0052083334885537624,0.0,,,,
moving_only_8,517,0.001,train-mode backward before optimizer step,1.9714414856777893,0.0,0.0,0.0052083334885537624,0.0,,,,
moving_only_8,518,0.001,train-mode backward before optimizer step,1.5102255606739368,0.0,0.0,0.0052083334885537624,0.0,,,,
moving_only_8,519,0.001,train-mode backward before optimizer step,1.7781226507957657,0.0,0.0,0.0052083334885537624,0.0,,,,
moving_only_8,520,0.001,train-mode backward before optimizer step,1.4087517902404068,0.0,0.0,0.0052083334885537624,0.0,37.147682189941406,1.0,1.0,49.5347785949707
moving_only_8,521,0.001,train-mode backward before optimizer step,1.4469133865930548,0.0,0.0,0.0052083334885537624,0.0,,,,
moving_only_8,522,0.001,train-mode backward before optimizer step,2.6726745350149512,0.0,0.0,0.0052083334885537624,0.0,,,,
moving_only_8,523,0.001,train-mode backward before optimizer step,1.5311781951821193,0.0,0.0,0.0052083334885537624,0.0,,,,
moving_only_8,524,0.001,train-mode backward before optimizer step,2.039076222573796,0.0,0.0,0.0052083334885537624,0.0,,,,
moving_only_8,525,0.001,train-mode backward before optimizer step,1.3632454634980067,0.0,0.0,0.0052083334885537624,0.0,,,,
moving_only_8,526,0.001,train-mode backward before optimizer step,2.3004899024364898,0.0,0.0,0.0052083334885537624,0.0,,,,
moving_only_8,527,0.001,train-mode backward before optimizer step,1.6146122283270108,0.0,0.0,0.0052083334885537624,0.0,,,,
moving_only_8,528,0.001,train-mode backward before optimizer step,1.267602879450127,0.0,0.0,0.0052083334885537624,0.0,,,,
moving_only_8,529,0.001,train-mode backward before optimizer step,2.0285687155594747,0.0,0.0,0.0052083334885537624,0.0,,,,
moving_only_8,530,0.001,train-mode backward before optimizer step,2.1013249547626716,0.0,0.0,0.0052083334885537624,0.0,37.78848648071289,1.0,1.0,49.5347785949707
moving_only_8,531,0.001,train-mode backward before optimizer step,1.8341797700824467,0.0,0.0,0.0052083334885537624,0.0,,,,
moving_only_8,532,0.001,train-mode backward before optimizer step,1.5289478409971353,0.0,0.0,0.0052083334885537624,0.0,,,,
moving_only_8,533,0.001,train-mode backward before optimizer step,2.437702287317068,0.0,0.0,0.0052083334885537624,0.0,,,,
moving_only_8,534,0.001,train-mode backward before optimizer step,1.8117171426357672,0.0,0.0,0.0052083334885537624,0.0,,,,
moving_only_8,535,0.001,train-mode backward before optimizer step,1.437191935219038,0.0,0.0,0.0052083334885537624,0.0,,,,
moving_only_8,536,0.001,train-mode backward before optimizer step,1.7443419803387552,0.0,0.0,0.0052083334885537624,0.0,,,,
moving_only_8,537,0.001,train-mode backward before optimizer step,1.6102761031054182,0.0,0.0,0.0052083334885537624,0.0,,,,
moving_only_8,538,0.001,train-mode backward before optimizer step,1.352610150450406,0.0,0.0,0.0052083334885537624,0.0,,,,
moving_only_8,539,0.001,train-mode backward before optimizer step,2.178039550193351,0.0,0.0,0.0052083334885537624,0.0,,,,
moving_only_8,540,0.001,train-mode backward before optimizer step,1.6130552310737811,0.0,0.0,0.0052083334885537624,0.0,38.486358642578125,1.0,1.0,49.5347785949707
moving_only_8,541,0.001,train-mode backward before optimizer step,1.898389751355426,0.0,0.0,0.0052083334885537624,0.0,,,,
moving_only_8,542,0.001,train-mode backward before optimizer step,2.1419138999630243,0.0,0.0,0.0052083334885537624,0.0,,,,
moving_only_8,543,0.001,train-mode backward before optimizer step,1.4875929213445478,0.0,0.0,0.0052083334885537624,0.0,,,,
moving_only_8,544,0.001,train-mode backward before optimizer step,2.1477141566835107,0.0,0.0,0.0052083334885537624,0.0,,,,
moving_only_8,545,0.001,train-mode backward before optimizer step,2.284181559605331,0.0,0.0,0.0052083334885537624,0.0,,,,
moving_only_8,546,0.001,train-mode backward before optimizer step,2.4353931261915114,0.0,0.0,0.0052083334885537624,0.0,,,,
moving_only_8,547,0.001,train-mode backward before optimizer step,1.2659323266165095,0.0,0.0,0.0052083334885537624,0.0,,,,
moving_only_8,548,0.001,train-mode backward before optimizer step,1.7407685701661388,0.0,0.0,0.0052083334885537624,0.0,,,,
moving_only_8,549,0.001,train-mode backward before optimizer step,1.4756009249166873,0.0,0.0,0.0052083334885537624,0.0,,,,
moving_only_8,550,0.001,train-mode backward before optimizer step,1.208505286105125,0.0,0.0,0.0052083334885537624,0.0,39.026119232177734,1.0,1.0,49.5347785949707
moving_only_8,551,0.001,train-mode backward before optimizer step,2.022672889521306,0.0,0.0,0.0052083334885537624,0.0,,,,
moving_only_8,552,0.001,train-mode backward before optimizer step,2.748316031794088,0.0,0.0,0.0052083334885537624,0.0,,,,
moving_only_8,553,0.001,train-mode backward before optimizer step,1.5697178319036842,0.0,0.0,0.0052083334885537624,0.0,,,,
moving_only_8,554,0.001,train-mode backward before optimizer step,1.7239952929766118,0.0,0.0,0.0052083334885537624,0.0,,,,
moving_only_8,555,0.001,train-mode backward before optimizer step,2.687280710646202,0.0,0.0,0.0052083334885537624,0.0,,,,
moving_only_8,556,0.001,train-mode backward before optimizer step,2.3186911492850566,0.0,0.0,0.0052083334885537624,0.0,,,,
moving_only_8,557,0.001,train-mode backward before optimizer step,1.9580206731145116,0.0,0.0,0.0052083334885537624,0.0,,,,
moving_only_8,558,0.001,train-mode backward before optimizer step,2.0811714774847356,0.0,0.0,0.0052083334885537624,0.0,,,,
moving_only_8,559,0.001,train-mode backward before optimizer step,1.706577500992883,0.0,0.0,0.0052083334885537624,0.0,,,,
moving_only_8,560,0.001,train-mode backward before optimizer step,1.8461822898652975,0.0,0.0,0.0052083334885537624,0.0,39.26939010620117,1.0,1.0,49.5347785949707
moving_only_8,561,0.001,train-mode backward before optimizer step,1.532261614699992,0.0,0.0,0.0052083334885537624,0.0,,,,
moving_only_8,562,0.001,train-mode backward before optimizer step,1.419425683197744,0.0,0.0,0.0052083334885537624,0.0,,,,
moving_only_8,563,0.001,train-mode backward before optimizer step,1.3918349956590288,0.0,0.0,0.0052083334885537624,0.0,,,,
moving_only_8,564,0.001,train-mode backward before optimizer step,2.214386590798991,0.0,0.0,0.0052083334885537624,0.0,,,,
moving_only_8,565,0.001,train-mode backward before optimizer step,2.2881115674078853,0.0,0.0,0.0052083334885537624,0.0,,,,
moving_only_8,566,0.001,train-mode backward before optimizer step,2.250063949939881,0.0,0.0,0.0052083334885537624,0.0,,,,
moving_only_8,567,0.001,train-mode backward before optimizer step,1.5809231138994022,0.0,0.0,0.0052083334885537624,0.0,,,,
moving_only_8,568,0.001,train-mode backward before optimizer step,1.777297023222819,0.0,0.0,0.0052083334885537624,0.0,,,,
moving_only_8,569,0.001,train-mode backward before optimizer step,2.2971338465724505,0.0,0.0,0.0052083334885537624,0.0,,,,
moving_only_8,570,0.001,train-mode backward before optimizer step,2.0900042525753797,0.0,0.0,0.0052083334885537624,0.0,39.48480224609375,1.0,1.0,49.5347785949707
moving_only_8,571,0.001,train-mode backward before optimizer step,1.5212037783929517,0.0,0.0,0.0052083334885537624,0.0,,,,
moving_only_8,572,0.001,train-mode backward before optimizer step,2.5689139292975285,0.0,0.0,0.0052083334885537624,0.0,,,,
moving_only_8,573,0.001,train-mode backward before optimizer step,2.1650121236266804,0.0,0.0,0.0052083334885537624,0.0,,,,
moving_only_8,574,0.001,train-mode backward before optimizer step,1.8583294438283278,0.0,0.0,0.0052083334885537624,0.0,,,,
moving_only_8,575,0.001,train-mode backward before optimizer step,1.5615393239100608,0.0,0.0,0.0052083334885537624,0.0,,,,
moving_only_8,576,0.001,train-mode backward before optimizer step,2.2628436675309613,0.0,0.0,0.0052083334885537624,0.0,,,,
moving_only_8,577,0.001,train-mode backward before optimizer step,2.0491749999185296,0.0,0.0,0.0052083334885537624,0.0,,,,
moving_only_8,578,0.001,train-mode backward before optimizer step,1.5419397375882298,0.0,0.0,0.0052083334885537624,0.0,,,,
moving_only_8,579,0.001,train-mode backward before optimizer step,2.4606160697734647,0.0,0.0,0.0052083334885537624,0.0,,,,
moving_only_8,580,0.001,train-mode backward before optimizer step,2.5083752128212105,0.0,0.0,0.0052083334885537624,0.0,39.314693450927734,1.0,1.0,49.5347785949707
moving_only_8,581,0.001,train-mode backward before optimizer step,1.295808518027632,0.0,0.0,0.0052083334885537624,0.0,,,,
moving_only_8,582,0.001,train-mode backward before optimizer step,2.6626261516715033,0.0,0.0,0.0052083334885537624,0.0,,,,
moving_only_8,583,0.001,train-mode backward before optimizer step,2.7149670676628017,0.0,0.0,0.0052083334885537624,0.0,,,,
moving_only_8,584,0.001,train-mode backward before optimizer step,1.4384756666885867,0.0,0.0,0.0052083334885537624,0.0,,,,
moving_only_8,585,0.001,train-mode backward before optimizer step,1.2755084123110647,0.0,0.0,0.0052083334885537624,0.0,,,,
moving_only_8,586,0.001,train-mode backward before optimizer step,1.7698127210943317,0.0,0.0,0.0052083334885537624,0.0,,,,
moving_only_8,587,0.001,train-mode backward before optimizer step,1.583514885655809,0.0,0.0,0.0052083334885537624,0.0,,,,
moving_only_8,588,0.001,train-mode backward before optimizer step,1.3201536544621233,0.0,0.0,0.0052083334885537624,0.0,,,,
moving_only_8,589,0.001,train-mode backward before optimizer step,2.4030619685895345,0.0,0.0,0.0052083334885537624,0.0,,,,
moving_only_8,590,0.001,train-mode backward before optimizer step,1.8715536582390258,0.0,0.0,0.0052083334885537624,0.0,39.44482421875,1.0,1.0,49.5347785949707
moving_only_8,591,0.001,train-mode backward before optimizer step,1.8446211246269517,0.0,0.0,0.0052083334885537624,0.0,,,,
moving_only_8,592,0.001,train-mode backward before optimizer step,2.14620149284924,0.0,0.0,0.0052083334885537624,0.0,,,,
moving_only_8,593,0.001,train-mode backward before optimizer step,1.7684315924148575,0.0,0.0,0.0052083334885537624,0.0,,,,
moving_only_8,594,0.001,train-mode backward before optimizer step,1.4503071091563091,0.0,0.0,0.0052083334885537624,0.0,,,,
moving_only_8,595,0.001,train-mode backward before optimizer step,2.408184362090776,0.0,0.0,0.0052083334885537624,0.0,,,,
moving_only_8,596,0.001,train-mode backward before optimizer step,1.5181668449759576,0.0,0.0,0.0052083334885537624,0.0,,,,
moving_only_8,597,0.001,train-mode backward before optimizer step,1.5219049327936038,0.0,0.0,0.0052083334885537624,0.0,,,,
moving_only_8,598,0.001,train-mode backward before optimizer step,2.36761672547043,0.0,0.0,0.0052083334885537624,0.0,,,,
moving_only_8,599,0.001,train-mode backward before optimizer step,1.7261379181216499,0.0,0.0,0.0052083334885537624,0.0,,,,
moving_only_8,600,0.001,train-mode backward before optimizer step,1.679944715720105,0.0,0.0,0.0052083334885537624,0.0,39.60198211669922,1.0,1.0,49.5347785949707
moving_only_8,601,0.001,train-mode backward before optimizer step,1.4940374119675133,0.0,0.0,0.0052083334885537624,0.0,,,,
moving_only_8,602,0.001,train-mode backward before optimizer step,2.0398759976738106,0.0,0.0,0.0052083334885537624,0.0,,,,
moving_only_8,603,0.001,train-mode backward before optimizer step,1.638497661196239,0.0,0.0,0.0052083334885537624,0.0,,,,
moving_only_8,604,0.001,train-mode backward before optimizer step,2.122046614894483,0.0,0.0,0.0052083334885537624,0.0,,,,
moving_only_8,605,0.001,train-mode backward before optimizer step,2.1219139744505746,0.0,0.0,0.0052083334885537624,0.0,,,,
moving_only_8,606,0.001,train-mode backward before optimizer step,1.711706417036836,0.0,0.0,0.0052083334885537624,0.0,,,,
moving_only_8,607,0.001,train-mode backward before optimizer step,2.1107789421095435,0.0,0.0,0.0052083334885537624,0.0,,,,
moving_only_8,608,0.001,train-mode backward before optimizer step,2.1001986312017107,0.0,0.0,0.0052083334885537624,0.0,,,,
moving_only_8,609,0.001,train-mode backward before optimizer step,2.2165205933020506,0.0,0.0,0.0052083334885537624,0.0,,,,
moving_only_8,610,0.001,train-mode backward before optimizer step,1.6559148244503459,0.0,0.0,0.0052083334885537624,0.0,39.933441162109375,1.0,1.0,49.5347785949707
moving_only_8,611,0.001,train-mode backward before optimizer step,2.3930004461223886,0.0,0.0,0.0052083334885537624,0.0,,,,
moving_only_8,612,0.001,train-mode backward before optimizer step,1.7214006913749638,0.0,0.0,0.0052083334885537624,0.0,,,,
moving_only_8,613,0.001,train-mode backward before optimizer step,1.8248251487148783,0.0,0.0,0.0052083334885537624,0.0,,,,
moving_only_8,614,0.001,train-mode backward before optimizer step,1.6667133077657912,0.0,0.0,0.0052083334885537624,0.0,,,,
moving_only_8,615,0.001,train-mode backward before optimizer step,2.959549768963247,0.0,0.0,0.0052083334885537624,0.0,,,,
moving_only_8,616,0.001,train-mode backward before optimizer step,2.188344015542924,0.0,0.0,0.0052083334885537624,0.0,,,,
moving_only_8,617,0.001,train-mode backward before optimizer step,1.3246092488009313,0.0,0.0,0.0052083334885537624,0.0,,,,
moving_only_8,618,0.001,train-mode backward before optimizer step,2.4162252732498177,0.0,0.0,0.0052083334885537624,0.0,,,,
moving_only_8,619,0.001,train-mode backward before optimizer step,2.3357504876010484,0.0,0.0,0.0052083334885537624,0.0,,,,
moving_only_8,620,0.001,train-mode backward before optimizer step,2.1187586281167414,0.0,0.0,0.0052083334885537624,0.0,39.98017883300781,1.0,1.0,49.5347785949707
moving_only_8,621,0.001,train-mode backward before optimizer step,2.2956951693957905,0.0,0.0,0.0052083334885537624,0.0,,,,
moving_only_8,622,0.001,train-mode backward before optimizer step,2.1170999906226604,0.0,0.0,0.0052083334885537624,0.0,,,,
moving_only_8,623,0.001,train-mode backward before optimizer step,2.0293364652613697,0.0,0.0,0.0052083334885537624,0.0,,,,
moving_only_8,624,0.001,train-mode backward before optimizer step,1.23932644550781,0.0,0.0,0.0052083334885537624,0.0,,,,
moving_only_8,625,0.001,train-mode backward before optimizer step,1.3172797100577,0.0,0.0,0.0052083334885537624,0.0,,,,
moving_only_8,626,0.001,train-mode backward before optimizer step,1.979676147814453,0.0,0.0,0.0052083334885537624,0.0,,,,
moving_only_8,627,0.001,train-mode backward before optimizer step,1.8590352420717302,0.0,0.0,0.0052083334885537624,0.0,,,,
moving_only_8,628,0.001,train-mode backward before optimizer step,1.9844033716716332,0.0,0.0,0.0052083334885537624,0.0,,,,
moving_only_8,629,0.001,train-mode backward before optimizer step,2.0055599534500392,0.0,0.0,0.0052083334885537624,0.0,,,,
moving_only_8,630,0.001,train-mode backward before optimizer step,1.5576142990636925,0.0,0.0,0.0052083334885537624,0.0,40.12071228027344,1.0,1.0,49.5347785949707
moving_only_8,631,0.001,train-mode backward before optimizer step,1.5527498768000978,0.0,0.0,0.0052083334885537624,0.0,,,,
moving_only_8,632,0.001,train-mode backward before optimizer step,1.4801783786991618,0.0,0.0,0.0052083334885537624,0.0,,,,
moving_only_8,633,0.001,train-mode backward before optimizer step,1.562761440535924,0.0,0.0,0.0052083334885537624,0.0,,,,
moving_only_8,634,0.001,train-mode backward before optimizer step,1.8796791495041427,0.0,0.0,0.0052083334885537624,0.0,,,,
moving_only_8,635,0.001,train-mode backward before optimizer step,2.1786281904327383,0.0,0.0,0.0052083334885537624,0.0,,,,
moving_only_8,636,0.001,train-mode backward before optimizer step,2.2830716025211344,0.0,0.0,0.0052083334885537624,0.0,,,,
moving_only_8,637,0.001,train-mode backward before optimizer step,1.4981039509036518,0.0,0.0,0.0052083334885537624,0.0,,,,
moving_only_8,638,0.001,train-mode backward before optimizer step,1.8310536336423484,0.0,0.0,0.0052083334885537624,0.0,,,,
moving_only_8,639,0.001,train-mode backward before optimizer step,2.4202830129121247,0.0,0.0,0.0052083334885537624,0.0,,,,
moving_only_8,640,0.001,train-mode backward before optimizer step,1.4105621404532858,0.0,0.0,0.0052083334885537624,0.0,40.116851806640625,1.0,1.0,49.5347785949707
moving_only_8,641,0.001,train-mode backward before optimizer step,1.8064091882768547,0.0,0.0,0.0052083334885537624,0.0,,,,
moving_only_8,642,0.001,train-mode backward before optimizer step,1.9652343135270407,0.0,0.0,0.0052083334885537624,0.0,,,,
moving_only_8,643,0.001,train-mode backward before optimizer step,2.9124611223854577,0.0,0.0,0.0052083334885537624,0.0,,,,
moving_only_8,644,0.001,train-mode backward before optimizer step,2.2130463866001358,0.0,0.0,0.0052083334885537624,0.0,,,,
moving_only_8,645,0.001,train-mode backward before optimizer step,1.8967064712919013,0.0,0.0,0.0052083334885537624,0.0,,,,
moving_only_8,646,0.001,train-mode backward before optimizer step,2.84462387066146,0.0,0.0,0.0052083334885537624,0.0,,,,
moving_only_8,647,0.001,train-mode backward before optimizer step,2.598526941025662,0.0,0.0,0.0052083334885537624,0.0,,,,
moving_only_8,648,0.001,train-mode backward before optimizer step,2.2801173078793284,0.0,0.0,0.0052083334885537624,0.0,,,,
moving_only_8,649,0.001,train-mode backward before optimizer step,1.6631017251534055,0.0,0.0,0.0052083334885537624,0.0,,,,
moving_only_8,650,0.001,train-mode backward before optimizer step,2.7208309166510416,0.0,0.0,0.0052083334885537624,0.0,40.37650680541992,1.0,1.0,49.5347785949707
moving_only_8,651,0.001,train-mode backward before optimizer step,3.298456695192634,0.0,0.0,0.0052083334885537624,0.0,,,,
moving_only_8,652,0.001,train-mode backward before optimizer step,1.888256394952059,0.0,0.0,0.0052083334885537624,0.0,,,,
moving_only_8,653,0.001,train-mode backward before optimizer step,2.3160496862316498,0.0,0.0,0.0052083334885537624,0.0,,,,
moving_only_8,654,0.001,train-mode backward before optimizer step,2.560902656810589,0.0,0.0,0.0052083334885537624,0.0,,,,
moving_only_8,655,0.001,train-mode backward before optimizer step,1.8100318685860797,0.0,0.0,0.0052083334885537624,0.0,,,,
moving_only_8,656,0.001,train-mode backward before optimizer step,1.833105970109647,0.0,0.0,0.0052083334885537624,0.0,,,,
moving_only_8,657,0.001,train-mode backward before optimizer step,1.4314391611167074,0.0,0.0,0.0052083334885537624,0.0,,,,
moving_only_8,658,0.001,train-mode backward before optimizer step,1.8802695554043578,0.0,0.0,0.0052083334885537624,0.0,,,,
moving_only_8,659,0.001,train-mode backward before optimizer step,2.1019557956612243,0.0,0.0,0.0052083334885537624,0.0,,,,
moving_only_8,660,0.001,train-mode backward before optimizer step,1.93593517378287,0.0,0.0,0.0052083334885537624,0.0,40.58830642700195,1.0,1.0,49.5347785949707
moving_only_8,661,0.001,train-mode backward before optimizer step,1.7142405132107525,0.0,0.0,0.0052083334885537624,0.0,,,,
moving_only_8,662,0.001,train-mode backward before optimizer step,2.021848447559697,0.0,0.0,0.0052083334885537624,0.0,,,,
moving_only_8,663,0.001,train-mode backward before optimizer step,1.7319615827812802,0.0,0.0,0.0052083334885537624,0.0,,,,
moving_only_8,664,0.001,train-mode backward before optimizer step,1.958720163882235,0.0,0.0,0.0052083334885537624,0.0,,,,
moving_only_8,665,0.001,train-mode backward before optimizer step,1.671561962561673,0.0,0.0,0.0052083334885537624,0.0,,,,
moving_only_8,666,0.001,train-mode backward before optimizer step,2.3106749841649257,0.0,0.0,0.0052083334885537624,0.0,,,,
moving_only_8,667,0.001,train-mode backward before optimizer step,1.9955321085987325,0.0,0.0,0.0052083334885537624,0.0,,,,
moving_only_8,668,0.001,train-mode backward before optimizer step,1.4633121955383426,0.0,0.0,0.0052083334885537624,0.0,,,,
moving_only_8,669,0.001,train-mode backward before optimizer step,1.8932171976132506,0.0,0.0,0.0052083334885537624,0.0,,,,
moving_only_8,670,0.001,train-mode backward before optimizer step,1.4726038798574403,0.0,0.0,0.0052083334885537624,0.0,40.769287109375,1.0,1.0,49.5347785949707
moving_only_8,671,0.001,train-mode backward before optimizer step,1.6629902522396451,0.0,0.0,0.0052083334885537624,0.0,,,,
moving_only_8,672,0.001,train-mode backward before optimizer step,1.9890706749616565,0.0,0.0,0.0052083334885537624,0.0,,,,
moving_only_8,673,0.001,train-mode backward before optimizer step,1.4902728027936014,0.0,0.0,0.0052083334885537624,0.0,,,,
moving_only_8,674,0.001,train-mode backward before optimizer step,1.4160350768357495,0.0,0.0,0.0052083334885537624,0.0,,,,
moving_only_8,675,0.001,train-mode backward before optimizer step,1.2924057651364593,0.0,0.0,0.0052083334885537624,0.0,,,,
moving_only_8,676,0.001,train-mode backward before optimizer step,1.7281311857401376,0.0,0.0,0.0052083334885537624,0.0,,,,
moving_only_8,677,0.001,train-mode backward before optimizer step,1.4066506171674966,0.0,0.0,0.0052083334885537624,0.0,,,,
moving_only_8,678,0.001,train-mode backward before optimizer step,1.6417335997861722,0.0,0.0,0.0052083334885537624,0.0,,,,
moving_only_8,679,0.001,train-mode backward before optimizer step,1.9153921073471394,0.0,0.0,0.0052083334885537624,0.0,,,,
moving_only_8,680,0.001,train-mode backward before optimizer step,2.139273220109495,0.0,0.0,0.0052083334885537624,0.0,40.89879608154297,1.0,1.0,49.5347785949707
moving_only_8,681,0.001,train-mode backward before optimizer step,1.6910094810199336,0.0,0.0,0.0052083334885537624,0.0,,,,
moving_only_8,682,0.001,train-mode backward before optimizer step,1.7922628071644189,0.0,0.0,0.0052083334885537624,0.0,,,,
moving_only_8,683,0.001,train-mode backward before optimizer step,1.7042259153512636,0.0,0.0,0.0052083334885537624,0.0,,,,
moving_only_8,684,0.001,train-mode backward before optimizer step,1.5777167248975061,0.0,0.0,0.0052083334885537624,0.0,,,,
moving_only_8,685,0.001,train-mode backward before optimizer step,1.6528801676346099,0.0,0.0,0.0052083334885537624,0.0,,,,
moving_only_8,686,0.001,train-mode backward before optimizer step,1.814161247688121,0.0,0.0,0.0052083334885537624,0.0,,,,
moving_only_8,687,0.001,train-mode backward before optimizer step,1.4397342286879282,0.0,0.0,0.0052083334885537624,0.0,,,,
moving_only_8,688,0.001,train-mode backward before optimizer step,1.9948030569492432,0.0,0.0,0.0052083334885537624,0.0,,,,
moving_only_8,689,0.001,train-mode backward before optimizer step,2.0743156815330135,0.0,0.0,0.0052083334885537624,0.0,,,,
moving_only_8,690,0.001,train-mode backward before optimizer step,1.631309357087648,0.0,0.0,0.0052083334885537624,0.0,41.11440658569336,1.0,1.0,49.5347785949707
moving_only_8,691,0.001,train-mode backward before optimizer step,2.1072675353959016,0.0,0.0,0.0052083334885537624,0.0,,,,
moving_only_8,692,0.001,train-mode backward before optimizer step,2.23024813650875,0.0,0.0,0.0052083334885537624,0.0,,,,
moving_only_8,693,0.001,train-mode backward before optimizer step,1.6050004653188168,0.0,0.0,0.0052083334885537624,0.0,,,,
moving_only_8,694,0.001,train-mode backward before optimizer step,1.6522806494119522,0.0,0.0,0.0052083334885537624,0.0,,,,
moving_only_8,695,0.001,train-mode backward before optimizer step,1.8426290529486917,0.0,0.0,0.0052083334885537624,0.0,,,,
moving_only_8,696,0.001,train-mode backward before optimizer step,1.6609189331636784,0.0,0.0,0.0052083334885537624,0.0,,,,
moving_only_8,697,0.001,train-mode backward before optimizer step,1.6080884069323615,0.0,0.0,0.0052083334885537624,0.0,,,,
moving_only_8,698,0.001,train-mode backward before optimizer step,1.808744511476882,0.0,0.0,0.0052083334885537624,0.0,,,,
moving_only_8,699,0.001,train-mode backward before optimizer step,1.6896124135652804,0.0,0.0,0.0052083334885537624,0.0,,,,
moving_only_8,700,0.001,train-mode backward before optimizer step,1.6113400534177291,0.0,0.0,0.0052083334885537624,0.0,41.2518196105957,1.0,1.0,49.5347785949707
moving_only_8,701,0.001,train-mode backward before optimizer step,1.9617915887072315,0.0,0.0,0.0052083334885537624,0.0,,,,
moving_only_8,702,0.001,train-mode backward before optimizer step,1.9820949605799454,0.0,0.0,0.0052083334885537624,0.0,,,,
moving_only_8,703,0.001,train-mode backward before optimizer step,1.5036266304552142,0.0,0.0,0.0052083334885537624,0.0,,,,
moving_only_8,704,0.001,train-mode backward before optimizer step,1.7370311444011868,0.0,0.0,0.0052083334885537624,0.0,,,,
moving_only_8,705,0.001,train-mode backward before optimizer step,1.5855490482274053,0.0,0.0,0.0052083334885537624,0.0,,,,
moving_only_8,706,0.001,train-mode backward before optimizer step,1.8832252533225393,0.0,0.0,0.0052083334885537624,0.0,,,,
moving_only_8,707,0.001,train-mode backward before optimizer step,1.863033165815194,0.0,0.0,0.0052083334885537624,0.0,,,,
moving_only_8,708,0.001,train-mode backward before optimizer step,2.043305705658124,0.0,0.0,0.0052083334885537624,0.0,,,,
moving_only_8,709,0.001,train-mode backward before optimizer step,1.4585243186194023,0.0,0.0,0.0052083334885537624,0.0,,,,
moving_only_8,710,0.001,train-mode backward before optimizer step,2.006638748501045,0.0,0.0,0.0052083334885537624,0.0,41.40701675415039,1.0,1.0,49.5347785949707
moving_only_8,711,0.001,train-mode backward before optimizer step,1.953258757550733,0.0,0.0,0.0052083334885537624,0.0,,,,
moving_only_8,712,0.001,train-mode backward before optimizer step,1.9064495591090969,0.0,0.0,0.0052083334885537624,0.0,,,,
moving_only_8,713,0.001,train-mode backward before optimizer step,1.8836649792485487,0.0,0.0,0.0052083334885537624,0.0,,,,
moving_only_8,714,0.001,train-mode backward before optimizer step,2.048789554516395,0.0,0.0,0.0052083334885537624,0.0,,,,
moving_only_8,715,0.001,train-mode backward before optimizer step,1.4863284667113486,0.0,0.0,0.0052083334885537624,0.0,,,,
moving_only_8,716,0.001,train-mode backward before optimizer step,1.8283042383839316,0.0,0.0,0.0052083334885537624,0.0,,,,
moving_only_8,717,0.001,train-mode backward before optimizer step,1.8246977811346805,0.0,0.0,0.0052083334885537624,0.0,,,,
moving_only_8,718,0.001,train-mode backward before optimizer step,2.339770456993729,0.0,0.0,0.0052083334885537624,0.0,,,,
moving_only_8,719,0.001,train-mode backward before optimizer step,1.539729627385307,0.0,0.0,0.0052083334885537624,0.0,,,,
moving_only_8,720,0.001,train-mode backward before optimizer step,1.750426327590256,0.0,0.0,0.0052083334885537624,0.0,41.54833984375,1.0,1.0,49.5347785949707
