actor_id,scene_id,sample_token,instance_token,actor_type,GT_displacement,recent_speed,Comparison,new_model,source_index,R2_top_mode,new_top_mode,best_FDE_mode,R2_top_FDE,new_top_FDE,oracle_FDE,delta_FDE,mode_changed,switch_improved,switch_worsened,delta_SoftCE,delta_Regret,CaseCategory,CaseNumber
52fa2df7fde34bd58ee30cff02b73f51|332e071a31494ff694501ee725187757|28214e841b734bb68b2bad3dba53f065,52fa2df7fde34bd58ee30cff02b73f51,332e071a31494ff694501ee725187757,28214e841b734bb68b2bad3dba53f065,Pedestrian,10.6786193848,1.11983251572,R2->DualExpert,DualExpert,211533,0,3,0,2.91632318497,9.85101890564,2.91632318497,6.93469572067,True,False,True,0.666167020798,6.93469572067,PedestrianHarm,1
8fe2dd6f533646b39c8e81316597c52b|d1f1b648072f44a0a7a0acf7eac202a6|079750235f944bb899b650bb0556e84c,8fe2dd6f533646b39c8e81316597c52b,d1f1b648072f44a0a7a0acf7eac202a6,079750235f944bb899b650bb0556e84c,Pedestrian,6.85296964645,0.717723250389,R2->G1,G1,268295,4,3,4,0.287911385298,6.7780957222,0.287911385298,6.4901843369,True,False,True,0.843482375145,6.4901843369,PedestrianHarm,2
85d5e2548a5e454fa65a739ac0ac55c2|eda4a5583d234ab38cb6bb05edf3243d|238388301f0b41fa859cee8349c72768,85d5e2548a5e454fa65a739ac0ac55c2,eda4a5583d234ab38cb6bb05edf3243d,238388301f0b41fa859cee8349c72768,Pedestrian,5.21154117584,1.09056520462,R2->G1,G1,228400,4,2,5,1.10896539688,7.34282970428,1.02830755711,6.2338643074,True,False,True,0.277317523956,6.2338643074,PedestrianHarm,3
53484b9d012842bb98719a9d12b038ca|4cf21e6d0ede46e28a65101692ace285|cc4d3a49c306484495278e20228cbbfd,53484b9d012842bb98719a9d12b038ca,4cf21e6d0ede46e28a65101692ace285,cc4d3a49c306484495278e20228cbbfd,Pedestrian,9.43670940399,0.904763102531,R2->DualExpert,DualExpert,88787,4,3,0,3.42285203934,8.86784648895,2.02819871902,5.44499444962,True,False,True,0.23934841156,5.44499444962,PedestrianHarm,4
209e9e9c3a2e4a399c44b6aa8be659d6|402236da807843f786c06beb0b80f4f9|eaf1bfea5b634a28a0810f6d3f0da05e,209e9e9c3a2e4a399c44b6aa8be659d6,402236da807843f786c06beb0b80f4f9,eaf1bfea5b634a28a0810f6d3f0da05e,Pedestrian,6.6191701889,0.505750000477,R2->G3,G3,261795,1,2,3,8.1403055191,13.5417871475,6.76481962204,5.40148162842,True,False,True,0.145045280457,5.40148162842,PedestrianHarm,5
c9d654d4279c4efa9745a25ba6b373ee|e0e58a47030941b7980ce3cf2fb88595|649161813710497e8180a6937f52cf96,c9d654d4279c4efa9745a25ba6b373ee,e0e58a47030941b7980ce3cf2fb88595,649161813710497e8180a6937f52cf96,Pedestrian,9.70104026794,0.890056908131,R2->DualExpert,DualExpert,66306,4,3,2,4.56611824036,9.74402141571,1.39113163948,5.17790317535,True,False,True,0.256319522858,5.17790317535,PedestrianHarm,6
2f9da038274a4448bdbb83f994fc6381|b9bf0ef168ef4102909a1ffd1d3b7139|f4beb83cc82742e096f0b0ebb39dd289,2f9da038274a4448bdbb83f994fc6381,b9bf0ef168ef4102909a1ffd1d3b7139,f4beb83cc82742e096f0b0ebb39dd289,Pedestrian,6.23011922836,0.68872410059,R2->G3,G3,216579,0,3,2,0.319502085447,5.02420949936,0.266089320183,4.70470741391,True,False,True,0.239241957664,4.70470741391,PedestrianHarm,7
8857cf15fa7049a6b000490835d3b9fc|c14e238aeea44f2abd089828fc0e44f4|1a5cdf1cf6004a8eb819594223b34af8,8857cf15fa7049a6b000490835d3b9fc,c14e238aeea44f2abd089828fc0e44f4,1a5cdf1cf6004a8eb819594223b34af8,Pedestrian,8.55823135376,0.848728656769,R2->DualExpert,DualExpert,23742,4,3,2,2.43652296066,7.0094408989,1.05651164055,4.57291793823,True,False,True,0.289349555969,4.57291793823,PedestrianHarm,8
5e270cfc71714e2bb94bad445c6159a4|94c89a853525473fb5cd2c2cc5eea1c6|f462407934504e69b0e00d1e9055c1ec,5e270cfc71714e2bb94bad445c6159a4,94c89a853525473fb5cd2c2cc5eea1c6,f462407934504e69b0e00d1e9055c1ec,Pedestrian,8.23277378082,0.606660246849,R2->DualExpert,DualExpert,75626,4,3,2,3.33502602577,7.89665460587,1.45818984509,4.56162858009,True,False,True,0.658421635628,4.56162858009,PedestrianHarm,9
66be189398d74681a8b8db4b7dd52259|a2418deb3ca3413198cb02d60fd08ad1|7beda7ee6628471ab2d06d035333cba1,66be189398d74681a8b8db4b7dd52259,a2418deb3ca3413198cb02d60fd08ad1,7beda7ee6628471ab2d06d035333cba1,Pedestrian,16.2936706543,0.694123744965,R2->DualExpert,DualExpert,182184,4,3,2,11.7991437912,16.2347278595,8.2826795578,4.4355840683,True,False,True,0.296920776367,4.4355840683,PedestrianHarm,10
e2d9a52b37bd4b63b913777ef77b2d4f|e4feffd5513847ce84fa21ae29b2705e|758023b6d9094a4d939daf76730f004d,e2d9a52b37bd4b63b913777ef77b2d4f,e4feffd5513847ce84fa21ae29b2705e,758023b6d9094a4d939daf76730f004d,Vehicle,64.4128570557,5.9061999321,R2->DualExpert,DualExpert,114957,0,3,2,21.4084453583,52.3777046204,14.6070375443,30.9692592621,True,False,True,0.559267282486,30.9692592621,VehicleHarm,11
a8bd4c1efe284a5bba46f59454764965|4391cb6ce17a436493b6173ac603b90a|9f94771f9d0640cfaa4e38b0a3fe525b,a8bd4c1efe284a5bba46f59454764965,4391cb6ce17a436493b6173ac603b90a,9f94771f9d0640cfaa4e38b0a3fe525b,Vehicle,59.7835121155,9.67625808716,R2->G3,G3,165194,4,3,4,2.94477391243,32.9924545288,2.94477391243,30.0476806164,True,False,True,-0.0178767442703,30.0476806164,VehicleHarm,12
4a4d09496d594c7385a1ec227bdb3a7f|ee8340c27b844b73ba8adca373d58239|1fe9bdf52bba4d67a7633d3731b0c351,4a4d09496d594c7385a1ec227bdb3a7f,ee8340c27b844b73ba8adca373d58239,1fe9bdf52bba4d67a7633d3731b0c351,Vehicle,73.3702087402,10.8164167404,R2->G1,G1,126213,0,3,0,2.25587439537,32.1971168518,2.25587439537,29.9412424564,True,False,True,0.296345233917,29.9412424564,VehicleHarm,13
e3b6fe9201c64334be311d4249a0c80e|2a3e8e88e0bd4bea818d4071d365f700|ad78205860e34719989501960fb8e715,e3b6fe9201c64334be311d4249a0c80e,2a3e8e88e0bd4bea818d4071d365f700,ad78205860e34719989501960fb8e715,Vehicle,74.7551727295,12.375415802,R2->G1,G1,289106,4,3,0,5.30302000046,34.132019043,4.55382871628,28.8289990425,True,False,True,0.103447556496,28.8289990425,VehicleHarm,14
773e6b4f990f4044bed5ea7036ea7c3b|de5f2a8323764ac1b3fe566bd469e920|90a7b838c9114bc5aadd646f7755dd2e,773e6b4f990f4044bed5ea7036ea7c3b,de5f2a8323764ac1b3fe566bd469e920,90a7b838c9114bc5aadd646f7755dd2e,Vehicle,7.69027757645,3.92609858513,R2->G1,G1,115087,3,2,3,1.08730947971,29.90102005,1.08730947971,28.8137105703,True,False,True,0.698621034622,28.8137105703,VehicleHarm,15
e3b6fe9201c64334be311d4249a0c80e|d6d4aaf8435d48bf92ccc5db780eb952|118e4765e54d49e19f2e09a004cafbb8,e3b6fe9201c64334be311d4249a0c80e,d6d4aaf8435d48bf92ccc5db780eb952,118e4765e54d49e19f2e09a004cafbb8,Vehicle,84.2316970825,9.96346092224,R2->G3,G3,288933,4,3,2,22.6823787689,51.4948883057,8.45099639893,28.8125095367,True,False,True,-0.00524258613586,28.8125095367,VehicleHarm,16
bb028034cb474e3da8953f83752a70a9|7e6d57a01c2e4a19b1b685b276926747|cd0a190a41974f85a6b08cec7fe53590,bb028034cb474e3da8953f83752a70a9,7e6d57a01c2e4a19b1b685b276926747,cd0a190a41974f85a6b08cec7fe53590,Vehicle,31.3578853607,10.3121337891,R2->G1,G1,10890,3,4,3,0.840584099293,29.1626605988,0.840584099293,28.3220764995,True,False,True,1.36529886723,28.3220764995,VehicleHarm,17
2d8e61ea27fd419ba9b708488e3f2f10|85bb0751e17c4fdab81af2654cba4781|00bc81637c2a4a258140c8a20b7e5287,2d8e61ea27fd419ba9b708488e3f2f10,85bb0751e17c4fdab81af2654cba4781,00bc81637c2a4a258140c8a20b7e5287,Vehicle,59.1951942444,9.57980060577,R2->G3,G3,78321,4,3,4,3.09718179703,31.1779689789,3.09718179703,28.0807871819,True,False,True,0.0380357503891,28.0807871819,VehicleHarm,18
e3b6fe9201c64334be311d4249a0c80e|b61678de2b4844119bfbf99d74c2b8d1|4ec319ab611d4c57a3421bfa67e82cc6,e3b6fe9201c64334be311d4249a0c80e,b61678de2b4844119bfbf99d74c2b8d1,4ec319ab611d4c57a3421bfa67e82cc6,Vehicle,68.5206451416,11.6773376465,R2->DualExpert,DualExpert,288960,4,3,4,1.08897578716,28.8725147247,1.08897578716,27.7835389376,True,False,True,0.00718116760254,27.7835389376,VehicleHarm,19
e3b6fe9201c64334be311d4249a0c80e|d6ff811ac59b4879982ca9cc6a7724ae|a49c5c54b07d4bce94f77513587fe408,e3b6fe9201c64334be311d4249a0c80e,d6ff811ac59b4879982ca9cc6a7724ae,a49c5c54b07d4bce94f77513587fe408,Vehicle,60.1916465759,9.11614227295,R2->G3,G3,288898,4,3,4,3.00372958183,30.107049942,3.00372958183,27.1033203602,True,False,True,0.477430343628,27.1033203602,VehicleHarm,20
53484b9d012842bb98719a9d12b038ca|77b90de459b14687a73ce7514570eb35|b8a8af70c1a9442db17735041251ea71,53484b9d012842bb98719a9d12b038ca,77b90de459b14687a73ce7514570eb35,b8a8af70c1a9442db17735041251ea71,Vehicle,4.32655143738,8.84937381744,R2->DualExpert,DualExpert,88847,0,3,3,55.2906913757,20.8691082001,20.8691082001,-34.4215831757,True,True,False,-1.06728422642,-34.4215831757,Success,21
66be189398d74681a8b8db4b7dd52259|3ca60700e6c04be79ebdb66ac25bd538|909143be7b8e43d8846dfa13ebd6ef62,66be189398d74681a8b8db4b7dd52259,3ca60700e6c04be79ebdb66ac25bd538,909143be7b8e43d8846dfa13ebd6ef62,Vehicle,46.0316619873,4.57527971268,R2->G1,G1,182456,3,2,2,37.4833450317,3.54832625389,3.54832625389,-33.9350187778,True,True,False,-1.72118008137,-33.9350187778,Success,22
4772f5283211444eaabd463cd341d360|7f66057d5582438290051ebf249398a7|566f4f16c4f44a03bcd8431af430ea1c,4772f5283211444eaabd463cd341d360,7f66057d5582438290051ebf249398a7,566f4f16c4f44a03bcd8431af430ea1c,Vehicle,66.6032409668,12.3285980225,R2->G1,G1,167372,3,4,4,35.2532501221,2.86624765396,2.86624765396,-32.3870024681,True,True,False,-0.315520405769,-32.3870024681,Success,23
66be189398d74681a8b8db4b7dd52259|5216ede5706d401b96fd03ec156b4b66|d60f4df2fcdc4513ab9699d253be64f9,66be189398d74681a8b8db4b7dd52259,5216ede5706d401b96fd03ec156b4b66,d60f4df2fcdc4513ab9699d253be64f9,Vehicle,8.75387859344,7.4590306282,R2->G1,G1,182144,0,3,3,39.2686729431,7.30104017258,7.30104017258,-31.9676327705,True,True,False,-0.691343545914,-31.9676327705,Success,24
c77e6ecf108c4c8b80d35d84642c805f|75474eb2582c4a7682ca657e9510da91|a95f1c3a96444bc5aa49d1d824491684,c77e6ecf108c4c8b80d35d84642c805f,75474eb2582c4a7682ca657e9510da91,a95f1c3a96444bc5aa49d1d824491684,Vehicle,45.116809845,3.71517586708,R2->G1,G1,252748,3,2,2,38.6842880249,8.51045894623,8.51045894623,-30.1738290787,True,True,False,-1.03041005135,-30.1738290787,Success,25
c77e6ecf108c4c8b80d35d84642c805f|28754962adcc4c7ba66c5c3649521470|33ffd9171a4f4a3d941c9dd68d12c692,c77e6ecf108c4c8b80d35d84642c805f,28754962adcc4c7ba66c5c3649521470,33ffd9171a4f4a3d941c9dd68d12c692,Vehicle,39.1768722534,3.23885369301,R2->DualExpert,DualExpert,252569,3,2,2,33.659828186,3.95188593864,3.95188593864,-29.7079422474,True,True,False,-1.20215058327,-29.7079422474,Success,26
dbd9183e1278475ea54761297e004b04|c76b1770b38e4985955e3e03a94ce62b|0116e1c6d5d6495ba232abd3cbe54c50,dbd9183e1278475ea54761297e004b04,c76b1770b38e4985955e3e03a94ce62b,0116e1c6d5d6495ba232abd3cbe54c50,Vehicle,61.0251579285,9.61797046661,R2->G3,G3,155548,3,0,0,33.6705932617,4.14316511154,4.14316511154,-29.5274281502,True,True,False,-0.594303488731,-29.5274281502,Success,27
c9d654d4279c4efa9745a25ba6b373ee|ddee24bf90034defaeac6d5f79b04f9d|78312366a3b9442ba4d5b067370bc10f,c9d654d4279c4efa9745a25ba6b373ee,ddee24bf90034defaeac6d5f79b04f9d,78312366a3b9442ba4d5b067370bc10f,Vehicle,22.4902915955,9.47130393982,R2->DualExpert,DualExpert,66350,4,3,3,32.9780921936,4.42729949951,4.42729949951,-28.5507926941,True,True,False,-0.951725184917,-28.5507926941,Success,28
cfa36eca40364e5bb15f550a077a21c5|4f5d5716e3c84ff4b1712fe3ca2cddef|bb341f3fa7eb4badadefefa608c80bc5,cfa36eca40364e5bb15f550a077a21c5,4f5d5716e3c84ff4b1712fe3ca2cddef,bb341f3fa7eb4badadefefa608c80bc5,Vehicle,25.8754444122,14.0668735504,R2->DualExpert,DualExpert,288713,4,3,3,49.4887008667,21.5565814972,21.5565814972,-27.9321193695,True,True,False,-0.829034090042,-27.9321193695,Success,29
66be189398d74681a8b8db4b7dd52259|9a67270d2fd64271a4d88739e5c602bf|1b9c18d70f76445f80d3cb085b0ce013,66be189398d74681a8b8db4b7dd52259,9a67270d2fd64271a4d88739e5c602bf,1b9c18d70f76445f80d3cb085b0ce013,Vehicle,34.0948219299,11.2607183456,R2->DualExpert,DualExpert,182327,4,3,3,33.3250007629,5.75332164764,5.75332164764,-27.5716791153,True,True,False,-1.51413190365,-27.5716791153,Success,30
