Fold,Model,Parameters,PedestrianTargets,ResidualForwardExportSeconds,ResidualDeviceForwardSeconds,ResidualDeviceMSPerPedestrian,ResidualExportMSPerPedestrian,EvalPeakGPUMemoryMB,CPUMapMatchingSecondsThisStage,Scope,TrainingSeconds,TrainPeakGPUMemoryMB
1,G,641,20250,0.09054728400951717,0.044971033988986164,0.0022207918019252425,0.0044714708152847988,41.9130859375,0,Cached features and base logits; GPU FP32 batches128; excludes frozen predictor/C/R2 and HD Map extraction,13.709668643001352,93.47509765625
1,S,641,20250,0.072952964008436538,0.045531786003266461,0.0022484832594205661,0.0036026155065894587,41.9130859375,0,Cached features and base logits; GPU FP32 batches128; excludes frozen predictor/C/R2 and HD Map extraction,13.163427973995567,93.47509765625
1,P,641,20250,0.073753233999013901,0.045602976999361999,0.0022519988641660246,0.0036421350122969828,41.9130859375,0,Cached features and base logits; GPU FP32 batches128; excludes frozen predictor/C/R2 and HD Map extraction,13.211944529990433,93.47509765625
2,G,641,22108,0.080042565008625388,0.049342158003128134,0.0022318689163709124,0.0036205249234949064,42.72119140625,0,Cached features and base logits; GPU FP32 batches128; excludes frozen predictor/C/R2 and HD Map extraction,19.662054547006846,91.0380859375
2,S,641,22108,0.079531925992341712,0.049410899009671994,0.0022349782436073815,0.0035974274467315773,42.72119140625,0,Cached features and base logits; GPU FP32 batches128; excludes frozen predictor/C/R2 and HD Map extraction,13.129824347997785,91.0380859375
2,P,641,22108,0.080021223999210633,0.04952191500342451,0.0022399997739924239,0.0036195596163927373,42.72119140625,0,Cached features and base logits; GPU FP32 batches128; excludes frozen predictor/C/R2 and HD Map extraction,17.426681910001207,91.0380859375
3,G,641,23787,0.086482505008461885,0.052838898991467431,0.00222133514068472,0.0036357045868946015,43.45166015625,0,Cached features and base logits; GPU FP32 batches128; excludes frozen predictor/C/R2 and HD Map extraction,12.883833065003271,88.9287109375
3,S,641,23787,0.086688676994526759,0.053377831995021552,0.0022439917599958613,0.0036443720096912919,43.45166015625,0,Cached features and base logits; GPU FP32 batches128; excludes frozen predictor/C/R2 and HD Map extraction,12.833543298998848,88.9287109375
3,P,641,23787,0.086236502000247128,0.053187771991360933,0.0022360016812276004,0.0036253626771029189,43.45166015625,0,Cached features and base logits; GPU FP32 batches128; excludes frozen predictor/C/R2 and HD Map extraction,12.761621031997493,88.9287109375
