global_step,phase_step,epoch,learning_rate,train_loss,regression_loss,classification_loss,NLL,vehicle_regression_loss,pedestrian_regression_loss,bicycle_regression_loss,VAL_overall_ADE,VAL_overall_FDE,VAL_overall_MR,VAL_vehicle_ADE,VAL_vehicle_FDE,VAL_vehicle_MR,VAL_pedestrian_ADE,VAL_pedestrian_FDE,VAL_pedestrian_MR,VAL_bicycle_ADE,VAL_bicycle_FDE,VAL_bicycle_MR,VAL_moving_ADE,VAL_moving_FDE,VAL_moving_MR,VAL_stopped_ADE,VAL_stopped_FDE,VAL_stopped_MR,VAL_parked_ADE,VAL_parked_FDE,VAL_parked_MR,VAL_unknown_ADE,VAL_unknown_FDE,VAL_unknown_MR
500,500,0.47303689687795647,0.001,3.1018577926158906,1.6525466725081206,1.449311116695404,2.345693851709366,2.1535507484041156,0.4898493448406765,0.8452482696701872,1.8620597825244891,4.004926479587296,0.1972904164393526,2.2215650146536694,4.828330965717545,0.20523481054521403,0.6296742290123077,1.2005346479669685,0.17063822696217298,1.2104072318548655,2.178633882394401,0.1722560975609756,8.156338916881204,18.059337320147907,0.7557594876206863,0.4455550114266078,0.887784788864584,0.07983568494373995,0.16550146593718998,0.24640443173463306,0.004841654099531709,1.913277786929209,3.998671164791216,0.19832402234636873
1000,1000,0.9460737937559129,0.001,2.3360117692947386,0.8823588500171899,1.4536529167890548,1.575506042599678,1.1004085246287287,0.3293215944019111,0.37220337857178887,1.1732579928637703,2.4257892229221976,0.19994544462629568,1.329461437502182,2.7780209933206197,0.20206935651516583,0.6427186987699729,1.2497440044030457,0.1944675887352108,0.7999780984743067,1.212709052435679,0.16310975609756098,4.630043155241723,9.927520738488298,0.7351113660261925,0.4219868156042966,0.9294023598622645,0.09251652080728702,0.1618196256871235,0.23270125674100467,0.0061909675371061195,1.3069320453688142,2.495400524854502,0.17690875232774675
1500,1500,1.4191106906338695,0.001,2.1149970746040343,0.6344344941563904,1.4805625832080842,1.3275816754102707,0.7838588989041746,0.30571872296453523,0.30885339430830583,0.8784984983501617,1.6695251424997128,0.1802327695944717,0.9633732427597215,1.8162543754127687,0.1831002551261457,0.5928397531347395,1.1778455740824023,0.17047158806865523,0.6278256015971349,1.1966536371172236,0.17378048780487804,3.2667992050851105,6.218523773167615,0.6645636172450052,0.372877376273828,0.8711092860822606,0.08751562779067691,0.1356108612815204,0.1856039166863138,0.004881339788872133,1.0266915416948539,2.1224531130638673,0.17318435754189945
2000,2000,1.8921475875118259,0.001,2.0493347952365877,0.5271242885291576,1.5222105057239532,1.2202714774608612,0.6290800125561654,0.33610343179009255,0.3189454773391724,0.8245801218128729,1.5796668824356488,0.18361520276413892,0.8961427684783668,1.703271682470093,0.18565151658319948,0.5825893025664642,1.1660474407954975,0.17755374104315946,0.6340067284465654,1.1708591743670518,0.16310975609756098,3.028008419453322,5.799481907386172,0.6741229327980116,0.3756461600104527,0.8955549321415444,0.09090909090909091,0.1216505885458918,0.1679958190037201,0.004801968410191285,1.0157590495783217,2.0364487121424513,0.164804469273743
2500,2500,2.3651844843897822,0.001,2.076005680799484,0.504976006001234,1.5710296747684478,1.1981231945753097,0.6101670016758144,0.314194466587613,0.2516430764467464,0.7460579691709996,1.4534978063437813,0.17583196944899074,0.7946263299959035,1.5378300169367451,0.17568269866767458,0.5850518465783479,1.1746417344901943,0.17763706048991834,0.5576427754471873,1.1133749947056923,0.1524390243902439,2.6353492688977176,5.1697395034380325,0.6352165184972756,0.3633672678412327,0.8689952676205185,0.08787283443472049,0.12134463347831531,0.16231474347934427,0.004921025478212556,0.9102399370744061,1.921102348138952,0.16387337057728119
3000,3000,2.838221381267739,0.001,2.092608971595764,0.46888108173199,1.6237278923988343,1.1620282663106918,0.5631327330563217,0.29797076228618,0.308645062577947,0.8272869998236546,1.5998599228029664,0.2171303873431533,0.8384663413006965,1.617758039769715,0.19200604743456487,0.796555770596173,1.556458396901812,0.3076987168805199,0.6681289659548982,1.238948377725603,0.18140243902439024,2.8069397407293573,5.473369483571671,0.6945798680814453,0.3680280060462446,0.8894160844083389,0.09019467762100375,0.12029851078947575,0.16095121419244426,0.005833796333042305,0.967122766708702,2.039595735628328,0.19553072625698323
3500,3500,3.3112582781456954,0.001,2.1055094776153562,0.4912034262605011,1.6143060534000397,1.1843506115674973,0.6077330149374902,0.2925167583497399,0.2594102521642522,0.7633635632230562,1.4874829263015164,0.18434260774686306,0.8092541287008184,1.5746808798196361,0.18501370121893604,0.6115291396371985,1.1985130973761626,0.183802699550075,0.5799448651633589,1.1474709117177464,0.15091463414634146,2.667776094654399,5.262037527807858,0.6705859860433993,0.3838834155114392,0.9163650211348836,0.08983747097696017,0.12786434586725007,0.17666988430396255,0.0051988253035955235,0.9110344686888824,1.8908388529807933,0.17039106145251395
4000,4000,3.7842951750236518,0.001,2.07032150888443,0.44769457176327704,1.6226269371509552,1.1408417516946792,0.5314907370414584,0.2862617781539035,0.31393485522709824,0.7825786208226169,1.4720041050179913,0.1817057646844881,0.8420932054220052,1.5682171737521151,0.18617121799111783,0.5809025759565064,1.147493914027408,0.16747208798533578,0.6318842537826064,1.2004792370546677,0.15396341463414634,2.7570995073137867,5.236133561609166,0.674600898575662,0.3986171550170827,0.9010956886710315,0.08858724772280764,0.13984020857906385,0.17674574199621992,0.005397253750297643,0.9775797013025141,1.966203206323271,0.1787709497206704
4500,4500,4.257332071901608,0.001,2.074190742492676,0.46347805608808995,1.6107126846313478,1.1566252403259278,0.5702006427226588,0.30567690473097037,0.24461186229922915,0.8584174434920144,1.5949942369711172,0.20200036370249136,0.9140350805563573,1.6699627301292814,0.1998488141358783,0.6736086406717081,1.3476105033913701,0.21079820029995,0.6505964667260896,1.2833072218075736,0.1798780487804878,3.0103150963587937,5.535718811919064,0.7203900200745627,0.44895923265977394,0.9596453991673555,0.09519557063761386,0.14370284934894595,0.21031102979558194,0.00793713786808477,0.9937427053496838,1.9657689773001112,0.17783985102420857
5000,5000,4.7303689687795645,0.001,2.0626322445869447,0.47802412540093064,1.5846081218719483,1.1711713166236877,0.5863437653407455,0.2819333604388874,0.3145962433147086,0.7925912290549366,1.5395567225755054,0.1857246772140389,0.8578660305437018,1.6589320728465964,0.1924785032599452,0.5728189947817353,1.1406037652964727,0.16405599066822196,0.6012702825984623,1.1353434079217373,0.14634146341463414,2.810316572498914,5.514288035074635,0.6928591912819042,0.4276211286916102,0.9663995824400917,0.09555277728165744,0.13844359670891732,0.19830552917319222,0.005952853401063577,0.9624866765821474,1.986193097428483,0.20018621973929238
