Epoch,OrderSHA256,Used,Pending
1,6689a30beae3b569da1e581fa4d4966b74cade50d90a7aefb6e0a8195287905b,158720,431
2,377bbb13afd347d77d20280554144221524e093ed9079f0cc14e98029dbb14de,158720,862
3,bfe769268e1e234bba6d93e896ae74184ba10315fe281649528c70536276a9a0,159744,269
4,5a1ec25f3533e97eed28fe13ad95c726c01bcf10a8b26bdadf6777900723cee3,158720,700
5,fab2991168f7299778e76cae15a320ee5beba11557e13965c1b2e6bdf76f0156,159744,107
6,7eadc5db14b73f82508a7a61f4f94baaf07b8a6523375a3d1d8b010f23755331,158720,538
7,687979aab4a6dcb0c0e52a0168a7ed80cfbb4074b6568dceeab38b497f5ba691,158720,969
8,bece39e11e9365006802e5d966950c749e42a5c83a2ae5f19bc48d4eca652e94,159744,376
9,51a8f8e2a644aee7feec66117964651397f0a424cbb3c0fcb53f38207d949cbb,158720,807
10,6267a9adda40d4325170856fc631d8bdf2964ac10b3789b5804066054f3f2267,159744,214
11,73a832e03af38b1a1d29cdc229257d43842ec655248c1e63cd176abea47e038c,158720,645
12,681d3cab5bec349a4181936e4aead7e83deb92f9eef7e517d2225a691e642b1a,159744,52
13,0de04c95e8a2b2d94cb118d5a275e4e1728c9d5be45b5027ce36c1eefe7a5e6d,158720,483
14,5fc6992f58c2aef4fefd69d4771b72f1d96df2f3fe952836dd34d18766d12c05,158720,914
15,7cdd4227c2b8ebf6d38b1237aee3fdf7f691d372c062539ef9c687b7b7f857a1,159744,321
16,5ed51cedd6e45297db0cdd5d54a1e1531a0ae765a3777899ec95982a366a31cd,158720,752
17,d588d0421ff012a7be58493eadf41748fd51c9fc284d3f02fef481815381ed0e,159744,159
18,64d3aeb247f0a433d59c865b8dafc16ce04dfed9bcc2438fcf5cac2ce061fb34,158720,590
19,284c0eee7b8dc2a200988660097e3dbad88dbb1456aacb62a85e34b2076af1cd,158720,1021
20,4d59c403377cd635cbb80154e1f5e7d06168608084e0a3e38dc024b41a40f436,159744,428
21,1ab93e915f12154e84b0052554a028a4d0ca99441a2433a671e9e062bd804612,158720,859
22,b76ae127e20c82d969f978feb9e151b07008e396b8715abb39a9636c384920d8,159744,266
23,e5e7883045da62c9586326086cf3fe41c46f01af22563e14ee99c3880a2c9ed4,158720,697
24,687a411b22be75cda3f7500a2987f8acc6c1fbc33992c4af2c09a4ced7cb987b,159744,104
25,423eec3867b64afd72cb37d1c064f0dc3956fc0d4b1b00500cd2fecc2f444088,158720,535
26,bf4bee4915fe5b7d2e59b799846f37d6f30de0b1ca9a5802b32a48650c440a07,158720,966
