Group,Model,Count,MeanGate,MedianGate,P10Gate,P90Gate,FixedGate
Overall,T1,54990,1.0,1.0,1.0,1.0,1
Overall,T2,54990,0.6691979545916312,0.6330445110797882,0.576415753364563,0.9253431856632233,0
Overall,T3,54990,0.6716922689750208,0.6557484865188599,0.6042892456054687,0.8105484783649444,0
Vehicle,T1,42332,1.0,1.0,1.0,1.0,1
Vehicle,T2,42332,0.6794553723953278,0.6318138241767883,0.5833516955375672,0.9455170392990113,0
Vehicle,T3,42332,0.6890889627208311,0.657779723405838,0.6431678831577301,0.8458958625793457,0
Pedestrian,T1,12002,1.0,1.0,1.0,1.0,1
Pedestrian,T2,12002,0.6307471022270577,0.648987203836441,0.5668851971626282,0.6916996896266937,0
Pedestrian,T3,12002,0.6092434765805484,0.6145135462284088,0.5864785730838775,0.6326033174991608,0
Bicycle,T1,656,1.0,1.0,1.0,1.0,1
Bicycle,T2,656,0.7107682588805513,0.6792586743831635,0.6343556046485901,0.925255924463272,0
Bicycle,T3,656,0.6916214864610172,0.6727789342403412,0.6620386838912964,0.780564695596695,0
MovingVehicle,T1,10461,1.0,1.0,1.0,1.0,1
MovingVehicle,T2,10461,0.869951088357161,0.9259995818138124,0.6536664962768555,0.9798586368560792,0
MovingVehicle,T3,10461,0.7971357948954868,0.8127444982528687,0.6581629514694214,0.9238370060920716,0
StoppedVehicle,T1,5599,1.0,1.0,1.0,1.0,1
StoppedVehicle,T2,5599,0.6089994437270003,0.6228832602500916,0.5298703074455261,0.6523728489875793,0
StoppedVehicle,T3,5599,0.6510374821239464,0.6547679901123047,0.6328276038169861,0.6595785021781921,0
ParkedVehicle,T1,25198,1.0,1.0,1.0,1.0,1
ParkedVehicle,T2,25198,0.616724989218403,0.6287086308002472,0.5708165168762207,0.6527503907680512,0
ParkedVehicle,T3,25198,0.6529602858980305,0.6562789082527161,0.6410017430782318,0.660033357143402,0
Vehicle>5m,T1,9744,1.0,1.0,1.0,1.0,1
Vehicle>5m,T2,9744,0.885778933555524,0.9354503452777863,0.6826248943805695,0.9808517754077911,0
Vehicle>5m,T3,9744,0.8098973584145748,0.8303519487380981,0.6614160239696503,0.927120476961136,0
Pedestrian<5m,T1,4421,1.0,1.0,1.0,1.0,1
Pedestrian<5m,T2,4421,0.5845290689453823,0.5859673023223877,0.5462530255317688,0.646635890007019,0
Pedestrian<5m,T3,4421,0.5904478323227732,0.5893406867980957,0.5804198384284973,0.6112351417541504,0
Pedestrian>5m,T1,7581,1.0,1.0,1.0,1.0,1
Pedestrian>5m,T2,7581,0.6577000009394025,0.6720051765441895,0.6010551452636719,0.6961643099784851,0
Pedestrian>5m,T3,7581,0.620204503260884,0.6233079433441162,0.5988710522651672,0.635650634765625,0
