Group,New,Baseline,Metric,Count,Delta,CI_lower,CI_upper,Replicates,Seed
Overall,T3,R2,Top1FDE,54990,0.03983330990730185,-0.030473120253413397,0.11179544877895625,1000,2022
Overall,T3,R2,Top1ADE,54990,0.034395788473333785,0.0023179564580376242,0.06499065776904606,1000,2022
Overall,T3,R2,HitRate,54990,0.1204946353882524,0.08207397266694338,0.16367118580028,1000,2022
Overall,T1,R2,Top1FDE,54990,-0.02651896685963405,-0.10673962895604337,0.053035915891305706,1000,2022
Overall,T1,R2,Top1ADE,54990,0.01310049620285345,-0.019779123323203574,0.04760367090874299,1000,2022
Overall,T1,R2,HitRate,54990,0.09127114020731042,0.06632198130951611,0.12189892732272523,1000,2022
Overall,T2,R2,Top1FDE,54990,-0.05363154905572526,-0.12409994048440855,0.014211701212888289,1000,2022
Overall,T2,R2,Top1ADE,54990,-0.002572266415954615,-0.03239834846062009,0.028167335337878054,1000,2022
Overall,T2,R2,HitRate,54990,0.09070740134569921,0.06254085287814731,0.12482795564688333,1000,2022
Overall,T3,T1,Top1FDE,54990,0.06635227676693589,0.013166034171714516,0.12481993990504855,1000,2022
Overall,T3,T1,Top1ADE,54990,0.021295292270480336,-0.0021381940335890755,0.04806241518394685,1000,2022
Overall,T3,T1,HitRate,54990,0.02922349518094199,0.010740671083394465,0.05032946376388883,1000,2022
Overall,T3,T2,Top1FDE,54990,0.09346485896302711,0.0344074301099285,0.1553840229660041,1000,2022
Overall,T3,T2,Top1ADE,54990,0.0369680548892884,0.011973302801212353,0.06456307583784472,1000,2022
Overall,T3,T2,HitRate,54990,0.029787234042553193,0.015181115545879947,0.04530207748691962,1000,2022
Overall,T3,G1,Top1FDE,54990,0.11039607456896784,0.05270267744167344,0.16910438910645448,1000,2022
Overall,T3,G1,Top1ADE,54990,0.04782454554888498,0.021833850010237292,0.07384850458230177,1000,2022
Overall,T3,G1,HitRate,54990,0.009347154028005091,-0.001011451222594212,0.021082735673791958,1000,2022
Overall,T3,G3,Top1FDE,54990,0.14601222859150537,0.08157402063768213,0.21329242821221134,1000,2022
Overall,T3,G3,Top1ADE,54990,0.054378536217897205,0.025394242410552277,0.08323937917264711,1000,2022
Overall,T3,G3,HitRate,54990,0.029532642298599747,0.013223113165752073,0.048857044757654754,1000,2022
Overall,T2,T1,Top1FDE,54990,-0.02711258219609121,-0.06919242099011214,0.017245251535479397,1000,2022
Overall,T2,T1,Top1ADE,54990,-0.015672762618808064,-0.03424991551838124,0.0036421867362589834,1000,2022
Overall,T2,T1,HitRate,54990,-0.000563738861611202,-0.010893545595679552,0.010454696270904826,1000,2022
Vehicle,T3,R2,Top1FDE,42332,0.031682634190292415,-0.06151404269986253,0.12309800263246891,1000,2022
Vehicle,T3,R2,Top1ADE,42332,0.033520375322111516,-0.00835662433007178,0.07354442567956361,1000,2022
Vehicle,T3,R2,HitRate,42332,0.15957195502220542,0.11065343841507419,0.21066907084208011,1000,2022
Vehicle,T1,R2,Top1FDE,42332,-0.06818496681872861,-0.1703628697079461,0.03316858790165234,1000,2022
Vehicle,T1,R2,Top1ADE,42332,-0.0028015070974497774,-0.046244624697600815,0.0401337338549572,1000,2022
Vehicle,T1,R2,HitRate,42332,0.13079939525654352,0.10089088591859768,0.16789441791176818,1000,2022
Vehicle,T2,R2,Top1FDE,42332,-0.09795935653084366,-0.1906776317097127,-0.010781138452298705,1000,2022
Vehicle,T2,R2,Top1ADE,42332,-0.020373663399470276,-0.05996621685569202,0.018673522393647547,1000,2022
Vehicle,T2,R2,HitRate,42332,0.12503543418690352,0.0907318963065615,0.16520723291441522,1000,2022
Vehicle,T3,T1,Top1FDE,42332,0.09986760100902102,0.029792243713636347,0.17643769467791676,1000,2022
Vehicle,T3,T1,Top1ADE,42332,0.036321882419561295,0.004671840275080162,0.0708946156318026,1000,2022
Vehicle,T3,T1,HitRate,42332,0.028772559765661912,0.005494582565277482,0.05441122153133492,1000,2022
Vehicle,T3,T2,Top1FDE,42332,0.12964199072113608,0.05374345056396537,0.210414825264241,1000,2022
Vehicle,T3,T2,Top1ADE,42332,0.05389403872158179,0.02184063414197987,0.08967123518755192,1000,2022
Vehicle,T3,T2,HitRate,42332,0.0345365208353019,0.016152923936555926,0.05516210565842389,1000,2022
Vehicle,T3,G1,Top1FDE,42332,0.14749409834745708,0.07076834057545686,0.22113417350961834,1000,2022
Vehicle,T3,G1,Top1ADE,42332,0.06638380764642103,0.0327624074329218,0.09972704683812643,1000,2022
Vehicle,T3,G1,HitRate,42332,0.008031749031465559,-0.0062904537912062495,0.02269150212636858,1000,2022
Vehicle,T3,G3,Top1FDE,42332,0.19148937952122638,0.10609763571746247,0.28044339708517024,1000,2022
Vehicle,T3,G3,Top1ADE,42332,0.07355576780469243,0.034233838131304616,0.11193365588131336,1000,2022
Vehicle,T3,G3,HitRate,42332,0.0359775111027119,0.014256048579939264,0.060712216156216955,1000,2022
Vehicle,T2,T1,Top1FDE,42332,-0.029774389712115053,-0.08755086768132575,0.02786339338988828,1000,2022
Vehicle,T2,T1,Top1ADE,42332,-0.0175721563020205,-0.04209426045819836,0.0069944668140473456,1000,2022
Vehicle,T2,T1,HitRate,42332,-0.005763961069639989,-0.018617500291661978,0.007886157043324788,1000,2022
Pedestrian,T3,R2,Top1FDE,12002,0.051328197507598754,0.03179632512267275,0.07241775087169251,1000,2022
Pedestrian,T3,R2,Top1ADE,12002,0.03047840596115227,0.021581123400046944,0.04020657540849708,1000,2022
Pedestrian,T3,R2,HitRate,12002,-0.010498250291618064,-0.02944119988463997,0.008190495552310132,1000,2022
Pedestrian,T1,R2,Top1FDE,12002,0.09918346841967368,0.06601401829122859,0.13439266909722317,1000,2022
Pedestrian,T1,R2,Top1ADE,12002,0.059874938146320306,0.044090461887504,0.07718138545558147,1000,2022
Pedestrian,T1,R2,HitRate,12002,-0.0352441259790035,-0.06312549644031865,-0.008741693432039035,1000,2022
Pedestrian,T2,R2,Top1FDE,12002,0.07649912103398378,0.048238659186726034,0.1101737739589035,1000,2022
Pedestrian,T2,R2,Top1ADE,12002,0.04909571837343634,0.035664175081034075,0.06571605412173685,1000,2022
Pedestrian,T2,R2,HitRate,12002,-0.02032994500916514,-0.045894747671476686,0.0040283919350652155,1000,2022
Pedestrian,T3,T1,Top1FDE,12002,-0.04785527091207493,-0.07235051911309343,-0.02479864422994407,1000,2022
Pedestrian,T3,T1,Top1ADE,12002,-0.02939653218516804,-0.04111537269189728,-0.018293522028372294,1000,2022
Pedestrian,T3,T1,HitRate,12002,0.024745875687385437,0.006375263607849911,0.042397521934332105,1000,2022
Pedestrian,T3,T2,Top1FDE,12002,-0.025170923526385024,-0.050950026621927325,-0.0010409319373798798,1000,2022
Pedestrian,T3,T2,Top1ADE,12002,-0.018617312412284075,-0.03134534933763731,-0.006323152904709965,1000,2022
Pedestrian,T3,T2,HitRate,12002,0.009831694717547076,-0.008610596993462687,0.027770693983296346,1000,2022
Pedestrian,T3,G1,Top1FDE,12002,-0.026601309482628763,-0.06567242241841005,0.004629009365275138,1000,2022
Pedestrian,T3,G1,Top1ADE,12002,-0.020081198399716085,-0.04156068639423048,-0.003914026299894551,1000,2022
Pedestrian,T3,G1,HitRate,12002,0.013081153141143142,-0.004202569879813634,0.029255703612075787,1000,2022
Pedestrian,T3,G3,Top1FDE,12002,-0.008001027975716857,-0.032263489136336504,0.0179159333462765,1000,2022
Pedestrian,T3,G3,Top1ADE,12002,-0.010656401632140116,-0.02368320560394913,0.002588774738204164,1000,2022
Pedestrian,T3,G3,HitRate,12002,0.005749041826362273,-0.010397334491861514,0.02177868166905778,1000,2022
Pedestrian,T2,T1,Top1FDE,12002,-0.0226843473856899,-0.047428961773939265,0.0009915846600536775,1000,2022
Pedestrian,T2,T1,Top1ADE,12002,-0.010779219772883965,-0.02268534570330481,0.0009195017600182688,1000,2022
Pedestrian,T2,T1,HitRate,12002,0.01491418096983836,-0.0013947176832227793,0.030360576235319875,1000,2022
Bicycle,T3,R2,Top1FDE,656,0.3554930103244969,0.07566298968064213,0.6662195566260476,1000,2022
Bicycle,T3,R2,Top1ADE,656,0.1625580055903212,0.033452213170140625,0.3078333408929776,1000,2022
Bicycle,T3,R2,HitRate,656,-0.004573170731707317,-0.07062133072407045,0.0749325521693731,1000,2022
Bicycle,T1,R2,Top1FDE,656,0.36239030455216403,0.11208624181430339,0.648940717347562,1000,2022
Bicycle,T1,R2,Top1ADE,656,0.18349188568905314,0.06568364284313523,0.31841541240476684,1000,2022
Bicycle,T1,R2,HitRate,656,-0.1448170731707317,-0.24857788798133024,-0.0508948159339114,1000,2022
Bicycle,T2,R2,Top1FDE,656,0.4260276637796778,0.07582636489034376,0.8151539549592651,1000,2022
Bicycle,T2,R2,Top1ADE,656,0.20085697697415925,0.0577853171471091,0.3553460348587314,1000,2022
Bicycle,T2,R2,HitRate,656,-0.09298780487804878,-0.18299362729736648,-0.021352167078636585,1000,2022
Bicycle,T3,T1,Top1FDE,656,-0.006897294227667045,-0.26524870209763424,0.2171465046186682,1000,2022
Bicycle,T3,T1,Top1ADE,656,-0.020933880098731966,-0.14750278401757172,0.08952007044087024,1000,2022
Bicycle,T3,T1,HitRate,656,0.1402439024390244,0.04154016532428995,0.23685025617140193,1000,2022
Bicycle,T3,T2,Top1FDE,656,-0.07053465345518084,-0.337347957129393,0.14561420771876477,1000,2022
Bicycle,T3,T2,Top1ADE,656,-0.03829897138383807,-0.15096790986577138,0.059547094887267636,1000,2022
Bicycle,T3,T2,HitRate,656,0.08841463414634146,0.002951314609067698,0.20152835002319297,1000,2022
Bicycle,T3,G1,Top1FDE,656,0.2229098867583827,0.05071309727294218,0.41145847335107233,1000,2022
Bicycle,T3,G1,Top1ADE,656,0.09257158176567429,0.014619354765895468,0.1826841955912151,1000,2022
Bicycle,T3,G1,HitRate,656,0.025914634146341462,-0.053020373093844164,0.1198555326364248,1000,2022
Bicycle,T3,G3,Top1FDE,656,0.02913471664463188,-0.11103036989619505,0.17406729172346005,1000,2022
Bicycle,T3,G3,Top1ADE,656,0.006724201681208802,-0.05759612636526638,0.07471171819142791,1000,2022
Bicycle,T3,G3,HitRate,656,0.04878048780487805,-0.038585448642266824,0.14132664580219226,1000,2022
Bicycle,T2,T1,Top1FDE,656,0.0636373592275138,-0.2316658334055104,0.3676782079987578,1000,2022
Bicycle,T2,T1,Top1ADE,656,0.017365091285106108,-0.1159455653819096,0.14810238740389556,1000,2022
Bicycle,T2,T1,HitRate,656,0.051829268292682924,-0.03752370365526712,0.14142360815926466,1000,2022
MovingVehicle,T3,R2,Top1FDE,10461,0.10389763857950664,-0.2690168275617266,0.45745924132252347,1000,2022
MovingVehicle,T3,R2,Top1ADE,10461,0.12383360401951164,-0.03486354172403085,0.2726216099400132,1000,2022
MovingVehicle,T3,R2,HitRate,10461,0.031067775547270814,0.011571897018745147,0.05251064058623857,1000,2022
MovingVehicle,T1,R2,Top1FDE,10461,-0.21312043691292049,-0.6083761055588671,0.16866622256363226,1000,2022
MovingVehicle,T1,R2,Top1ADE,10461,0.01565456329334316,-0.14929263904315726,0.17545015294709335,1000,2022
MovingVehicle,T1,R2,HitRate,10461,0.05620877545167766,0.033229497137195856,0.08016883186057215,1000,2022
MovingVehicle,T2,R2,Top1FDE,10461,-0.36801325192486434,-0.710880353819782,-0.04008809607800229,1000,2022
MovingVehicle,T2,R2,Top1ADE,10461,-0.07011712086349142,-0.21975506261815433,0.07806321329343187,1000,2022
MovingVehicle,T2,R2,HitRate,10461,0.05487047127425676,0.03300648917511055,0.07969226775199488,1000,2022
MovingVehicle,T3,T1,Top1FDE,10461,0.3170180754924271,0.05410059919871548,0.5887979979108696,1000,2022
MovingVehicle,T3,T1,Top1ADE,10461,0.10817904072616849,-0.010746212903699011,0.23008247534092863,1000,2022
MovingVehicle,T3,T1,HitRate,10461,-0.025140999904406845,-0.04224991238564464,-0.0085330965334721,1000,2022
MovingVehicle,T3,T2,Top1FDE,10461,0.47191089050437096,0.18472557222809105,0.7912363861851625,1000,2022
MovingVehicle,T3,T2,Top1ADE,10461,0.19395072488300305,0.07082769098576289,0.3308392681826516,1000,2022
MovingVehicle,T3,T2,HitRate,10461,-0.02380269572698595,-0.041952771981788727,-0.005143300545699198,1000,2022
MovingVehicle,T3,G1,Top1FDE,10461,0.577404053344903,0.2847385861902624,0.8578185619631316,1000,2022
MovingVehicle,T3,G1,Top1ADE,10461,0.2641854147169404,0.13639771372662382,0.38707292167422336,1000,2022
MovingVehicle,T3,G1,HitRate,10461,-0.035082688079533506,-0.05166506576290235,-0.018342994898536663,1000,2022
MovingVehicle,T3,G3,Top1FDE,10461,0.6904729637644538,0.3562125909510742,1.0359764761892967,1000,2022
MovingVehicle,T3,G3,Top1ADE,10461,0.2665728332145246,0.12014808549892234,0.41228438843432696,1000,2022
MovingVehicle,T3,G3,HitRate,10461,-0.028199980881368894,-0.04411493758071459,-0.011864080568408942,1000,2022
MovingVehicle,T2,T1,Top1FDE,10461,-0.15489281501194385,-0.37659375613708973,0.06690589789637866,1000,2022
MovingVehicle,T2,T1,Top1ADE,10461,-0.08577168415683457,-0.18322124359634467,0.00978734285562652,1000,2022
MovingVehicle,T2,T1,HitRate,10461,-0.0013383041774208966,-0.014200044911517436,0.011521109199861688,1000,2022
StoppedVehicle,T3,R2,Top1FDE,5599,0.013205079565996213,-0.05222949242947212,0.08151222479011186,1000,2022
StoppedVehicle,T3,R2,Top1ADE,5599,0.005987597453609379,-0.023022974710914038,0.03768540809196545,1000,2022
StoppedVehicle,T3,R2,HitRate,5599,0.1889623146990534,0.13512644900451679,0.24568158851943023,1000,2022
StoppedVehicle,T1,R2,Top1FDE,5599,-0.09090933821483314,-0.1819619507999255,-0.005259058309177658,1000,2022
StoppedVehicle,T1,R2,Top1ADE,5599,-0.0410453579876343,-0.08110987470446243,-0.0024557247418260032,1000,2022
StoppedVehicle,T1,R2,HitRate,5599,0.1734238256831577,0.11772558949551738,0.23050232204504353,1000,2022
StoppedVehicle,T2,R2,Top1FDE,5599,-0.058758084345365266,-0.13807369297065178,0.010314328291690395,1000,2022
StoppedVehicle,T2,R2,Top1ADE,5599,-0.025791391839384222,-0.06168223094404664,0.005005075164301319,1000,2022
StoppedVehicle,T2,R2,HitRate,5599,0.1252009287372745,0.08641944864572601,0.16513584538328105,1000,2022
StoppedVehicle,T3,T1,Top1FDE,5599,0.10411441778082936,0.028988358087393747,0.18338414036168987,1000,2022
StoppedVehicle,T3,T1,Top1ADE,5599,0.04703295544124368,0.013453142446509513,0.08347005413438559,1000,2022
StoppedVehicle,T3,T1,HitRate,5599,0.015538489015895695,-0.007284316860093453,0.03864277034238723,1000,2022
StoppedVehicle,T3,T2,Top1FDE,5599,0.07196316391136148,0.016615490090641383,0.14036805106656894,1000,2022
StoppedVehicle,T3,T2,Top1ADE,5599,0.031778989292993595,0.006929569799691359,0.0637621898972143,1000,2022
StoppedVehicle,T3,T2,HitRate,5599,0.06376138596177888,0.030692793375226523,0.09833691726597778,1000,2022
StoppedVehicle,T3,G1,Top1FDE,5599,0.03320846828810828,-0.032920507597985274,0.1016792726284459,1000,2022
StoppedVehicle,T3,G1,Top1ADE,5599,0.011448891464114165,-0.01777650181421463,0.042542713582028054,1000,2022
StoppedVehicle,T3,G1,HitRate,5599,0.026254688337203073,0.004939638700712177,0.05026951372689753,1000,2022
StoppedVehicle,T3,G3,Top1FDE,5599,-0.0010870326367928085,-0.0699789389306037,0.0658332134479314,1000,2022
StoppedVehicle,T3,G3,Top1ADE,5599,-0.005732227797018024,-0.03381287798906372,0.023084500641834697,1000,2022
StoppedVehicle,T3,G3,HitRate,5599,0.05518842650473299,0.025673460806114795,0.08834341313965688,1000,2022
StoppedVehicle,T2,T1,Top1FDE,5599,0.03215125386946787,-0.014429926843024674,0.07313475460409392,1000,2022
StoppedVehicle,T2,T1,Top1ADE,5599,0.01525396614825008,-0.006301166342398516,0.03328714781903336,1000,2022
StoppedVehicle,T2,T1,HitRate,5599,-0.04822289694588319,-0.08116527954360629,-0.016667897215150784,1000,2022
ParkedVehicle,T3,R2,Top1FDE,25198,0.005495426754781591,-0.00961397351845273,0.02211707904625131,1000,2022
ParkedVehicle,T3,R2,Top1ADE,25198,0.001677133026361888,-0.005592188013303801,0.0102121553213748,1000,2022
ParkedVehicle,T3,R2,HitRate,25198,0.2077148980077784,0.1341550293073005,0.28729432638567826,1000,2022
ParkedVehicle,T1,R2,Top1FDE,25198,0.01312937373437007,-0.006678874965762445,0.037513234948274195,1000,2022
ParkedVehicle,T1,R2,Top1ADE,25198,0.006400719949666179,-0.0026705721057693208,0.01788207689844598,1000,2022
ParkedVehicle,T1,R2,HitRate,25198,0.1548138741169934,0.1088398981498856,0.2078124889624109,1000,2022
ParkedVehicle,T2,R2,Top1FDE,25198,0.008937083726661561,-0.009582253027305995,0.0324021215934573,1000,2022
ParkedVehicle,T2,R2,Top1ADE,25198,0.004345623134840407,-0.004583754514245771,0.015281324165734505,1000,2022
ParkedVehicle,T2,R2,HitRate,25198,0.15727438685609968,0.10374106548029043,0.21610653100379473,1000,2022
ParkedVehicle,T3,T1,Top1FDE,25198,-0.007633946979588479,-0.026619967270626585,0.010677630006429928,1000,2022
ParkedVehicle,T3,T1,Top1ADE,25198,-0.004723586923304291,-0.013140256126822751,0.0035310557982143674,1000,2022
ParkedVehicle,T3,T1,HitRate,25198,0.052901023890784986,0.018450388999945975,0.09350449202628552,1000,2022
ParkedVehicle,T3,T2,Top1FDE,25198,-0.00344165697187997,-0.020069742513629234,0.01301768536084768,1000,2022
ParkedVehicle,T3,T2,Top1ADE,25198,-0.002668490108478519,-0.010587077422012205,0.004611830378167411,1000,2022
ParkedVehicle,T3,T2,HitRate,25198,0.050440511151678705,0.02271393779259162,0.08287220008728223,1000,2022
ParkedVehicle,T3,G1,Top1FDE,25198,-0.01621046257036284,-0.03181045210935262,-0.0022586446242102956,1000,2022
ParkedVehicle,T3,G1,Top1ADE,25198,-0.008328170337522728,-0.015087938983891552,-0.0022784948333412812,1000,2022
ParkedVehicle,T3,G1,HitRate,25198,0.019485673466148108,-0.001893198754220037,0.04155887799953822,1000,2022
ParkedVehicle,T3,G3,Top1FDE,25198,0.014903170273769445,-0.002647821005285131,0.03316981451048065,1000,2022
ParkedVehicle,T3,G3,Top1ADE,25198,0.006038700528230893,-0.0018708308488383054,0.013969672247607767,1000,2022
ParkedVehicle,T3,G3,HitRate,25198,0.056393364552742284,0.021355973861291254,0.09466540326426578,1000,2022
ParkedVehicle,T2,T1,Top1FDE,25198,-0.004192290007708509,-0.0147763562019082,0.006826742293369196,1000,2022
ParkedVehicle,T2,T1,Top1ADE,25198,-0.002055096814825772,-0.006793215688831269,0.00307129666378886,1000,2022
ParkedVehicle,T2,T1,HitRate,25198,0.002460512739106278,-0.015278004697366177,0.02126957263567988,1000,2022
Vehicle>5m,T3,R2,Top1FDE,9744,0.021318679851325368,-0.3812277270882295,0.3965538482657883,1000,2022
Vehicle>5m,T3,R2,Top1ADE,9744,0.0980498990524187,-0.07202249265405235,0.26150363913411656,1000,2022
Vehicle>5m,T3,R2,HitRate,9744,0.03797208538587849,0.017244289983676317,0.061318716833800246,1000,2022
Vehicle>5m,T1,R2,Top1FDE,9744,-0.402475585135645,-0.8349183587659109,0.02188710792385704,1000,2022
Vehicle>5m,T1,R2,Top1ADE,9744,-0.06042738433824837,-0.24076492906174543,0.12004934129162072,1000,2022
Vehicle>5m,T1,R2,HitRate,9744,0.06660509031198686,0.04088913247783663,0.09152485201070379,1000,2022
Vehicle>5m,T2,R2,Top1FDE,9744,-0.5243454983386048,-0.9188280877145538,-0.1640465130103261,1000,2022
Vehicle>5m,T2,R2,Top1ADE,9744,-0.13130423984389403,-0.29906579956247503,0.028336851944308242,1000,2022
Vehicle>5m,T2,R2,HitRate,9744,0.06403940886699508,0.03939466621289725,0.0908856132592797,1000,2022
Vehicle>5m,T3,T1,Top1FDE,9744,0.4237942649869704,0.1424121065881022,0.7156787588687171,1000,2022
Vehicle>5m,T3,T1,Top1ADE,9744,0.15847728339066708,0.026823624866680624,0.28660036595770194,1000,2022
Vehicle>5m,T3,T1,HitRate,9744,-0.028633004926108374,-0.04670475989206479,-0.011305516986416804,1000,2022
Vehicle>5m,T3,T2,Top1FDE,9744,0.5456641781899301,0.22227694261619552,0.8892471293514564,1000,2022
Vehicle>5m,T3,T2,Top1ADE,9744,0.22935413889631273,0.09778175873775047,0.37088451404695344,1000,2022
Vehicle>5m,T3,T2,HitRate,9744,-0.026067323481116584,-0.04620479262902334,-0.006837762703550996,1000,2022
Vehicle>5m,T3,G1,Top1FDE,9744,0.7065939704775932,0.39942889514156266,1.0092601151062786,1000,2022
Vehicle>5m,T3,G1,Top1ADE,9744,0.322234784791243,0.18439066034973148,0.45843426380331964,1000,2022
Vehicle>5m,T3,G1,HitRate,9744,-0.040948275862068964,-0.05881479264784361,-0.023428686220081034,1000,2022
Vehicle>5m,T3,G3,Top1FDE,9744,0.8213578872290885,0.45535274404558035,1.1735393744478742,1000,2022
Vehicle>5m,T3,G3,Top1ADE,9744,0.31900867797152943,0.16395689115161138,0.4682441546982868,1000,2022
Vehicle>5m,T3,G3,HitRate,9744,-0.03150656814449918,-0.0486926340858662,-0.0138980433638019,1000,2022
Vehicle>5m,T2,T1,Top1FDE,9744,-0.12186991320295971,-0.3456808659501351,0.10096990426397642,1000,2022
Vehicle>5m,T2,T1,Top1ADE,9744,-0.07087685550564567,-0.16899307816262094,0.024029469015900754,1000,2022
Vehicle>5m,T2,T1,HitRate,9744,-0.0025656814449917897,-0.015824235539418734,0.010850118598148927,1000,2022
Pedestrian<5m,T3,R2,Top1FDE,4421,0.007353657264658687,-0.02491290481674341,0.04280055932614062,1000,2022
Pedestrian<5m,T3,R2,Top1ADE,4421,0.011996902442952035,-0.002310029586573569,0.0285752460226491,1000,2022
Pedestrian<5m,T3,R2,HitRate,4421,-0.011309658448314861,-0.03661322001027726,0.011960251491209745,1000,2022
Pedestrian<5m,T1,R2,Top1FDE,4421,0.016187869850277533,-0.03493338139104155,0.07544227245817456,1000,2022
Pedestrian<5m,T1,R2,Top1ADE,4421,0.021055502081835493,-0.0017021622938730157,0.0500454847625388,1000,2022
Pedestrian<5m,T1,R2,HitRate,4421,-0.0488577244967202,-0.09341254914161269,-0.005271348373379429,1000,2022
Pedestrian<5m,T2,R2,Top1FDE,4421,0.020365735746965822,-0.037183327119367844,0.09005079757487652,1000,2022
Pedestrian<5m,T2,R2,Top1ADE,4421,0.026199396393158415,-0.002000366121102466,0.06018961714609913,1000,2022
Pedestrian<5m,T2,R2,HitRate,4421,-0.054964940058810224,-0.09541087276174269,-0.014344580671749436,1000,2022
Pedestrian<5m,T3,T1,Top1FDE,4421,-0.008834212585618844,-0.04732878689811964,0.024723477017154008,1000,2022
Pedestrian<5m,T3,T1,Top1ADE,4421,-0.00905859963888346,-0.02815518406867434,0.008006790727574759,1000,2022
Pedestrian<5m,T3,T1,HitRate,4421,0.03754806604840534,-0.0007801915872926193,0.07737686590727122,1000,2022
Pedestrian<5m,T3,T2,Top1FDE,4421,-0.013012078482307135,-0.060745705541351926,0.03168551492694651,1000,2022
Pedestrian<5m,T3,T2,Top1ADE,4421,-0.01420249395020638,-0.03749455692090363,0.007954359741676187,1000,2022
Pedestrian<5m,T3,T2,HitRate,4421,0.04365528161049536,0.012207950438592107,0.07566530563664552,1000,2022
Pedestrian<5m,T3,G1,Top1FDE,4421,-0.04795286827423146,-0.10968125844231631,0.00034901313207284324,1000,2022
Pedestrian<5m,T3,G1,Top1ADE,4421,-0.03236675270856458,-0.06437038677526745,-0.007983319760905213,1000,2022
Pedestrian<5m,T3,G1,HitRate,4421,0.040036190907034606,0.01422439152942858,0.0669554115658921,1000,2022
Pedestrian<5m,T3,G3,Top1FDE,4421,0.011031506308184858,-0.02666304875041317,0.043241311860391776,1000,2022
Pedestrian<5m,T3,G3,Top1ADE,4421,-0.0005417297711375536,-0.018917453433819825,0.015680422269307746,1000,2022
Pedestrian<5m,T3,G3,HitRate,4421,0.004297670210359647,-0.02118718282794447,0.035065680130048356,1000,2022
Pedestrian<5m,T2,T1,Top1FDE,4421,0.00417786589668829,-0.02796837951020698,0.03834701264971017,1000,2022
Pedestrian<5m,T2,T1,Top1ADE,4421,0.005143894311322922,-0.010119645847044986,0.020994278892176966,1000,2022
Pedestrian<5m,T2,T1,HitRate,4421,-0.006107215562090025,-0.033858199579817755,0.020664866375962106,1000,2022
Pedestrian>5m,T3,R2,Top1FDE,7581,0.07697276186771458,0.051736406516596535,0.10700242094102473,1000,2022
Pedestrian>5m,T3,R2,Top1ADE,7581,0.041256235674114045,0.02848525374599738,0.05675166057992218,1000,2022
Pedestrian>5m,T3,R2,HitRate,7581,-0.010025062656641603,-0.037137404595849494,0.014844552951281755,1000,2022
Pedestrian>5m,T1,R2,Top1FDE,7581,0.1475838827812751,0.10202460814826174,0.19887090754261735,1000,2022
Pedestrian>5m,T1,R2,Top1ADE,7581,0.08251320840632392,0.060692500131874855,0.1071353965892899,1000,2022
Pedestrian>5m,T1,R2,HitRate,7581,-0.027305104867431738,-0.058745037676318286,0.0035393105561835657,1000,2022
Pedestrian>5m,T2,R2,Top1FDE,7581,0.10923434018104966,0.07260646684500523,0.14746906657489797,1000,2022
Pedestrian>5m,T2,R2,Top1ADE,7581,0.06244813091463259,0.04461289551075326,0.08124154714336185,1000,2022
Pedestrian>5m,T2,R2,HitRate,7581,-0.00013190871916633689,-0.027213720330131683,0.028364117346636238,1000,2022
Pedestrian>5m,T3,T1,Top1FDE,7581,-0.07061112091356053,-0.10179899037591923,-0.03908522238103058,1000,2022
Pedestrian>5m,T3,T1,Top1ADE,7581,-0.04125697273220987,-0.05579924026470536,-0.026195016582851192,1000,2022
Pedestrian>5m,T3,T1,HitRate,7581,0.017280042210790134,-0.0034049485426335007,0.035717327585696436,1000,2022
Pedestrian>5m,T3,T2,Top1FDE,7581,-0.03226157831333508,-0.05903755759586482,-0.004315414277361236,1000,2022
Pedestrian>5m,T3,T2,Top1ADE,7581,-0.02119189524051854,-0.03504797894240438,-0.0075834610930767005,1000,2022
Pedestrian>5m,T3,T2,HitRate,7581,-0.009893153937475268,-0.031593179951673926,0.010758778169678988,1000,2022
Pedestrian>5m,T3,G1,Top1FDE,7581,-0.01414975409182603,-0.045619772634571745,0.01462967121051937,1000,2022
Pedestrian>5m,T3,G1,Top1ADE,7581,-0.012916650767554206,-0.030279224056636966,0.002699780643709243,1000,2022
Pedestrian>5m,T3,G1,HitRate,7581,-0.002638174383326738,-0.021665317668942,0.015698290688235358,1000,2022
Pedestrian>5m,T3,G3,Top1FDE,7581,-0.019100201444801342,-0.04986645348164708,0.012072722735031398,1000,2022
Pedestrian>5m,T3,G3,Top1ADE,7581,-0.016554959117629144,-0.032956661390500505,-0.0009531448895735902,1000,2022
Pedestrian>5m,T3,G3,HitRate,7581,0.0065954359583168445,-0.010473702189025073,0.02159743090087191,1000,2022
Pedestrian>5m,T2,T1,Top1FDE,7581,-0.038349542600225446,-0.0696621826179635,-0.007681103256208766,1000,2022
Pedestrian>5m,T2,T1,Top1ADE,7581,-0.02006507749169133,-0.03468822073546668,-0.004469913342912808,1000,2022
Pedestrian>5m,T2,T1,HitRate,7581,0.0271731961482654,0.00851069028367938,0.04454126958160614,1000,2022
Neighbor0,T3,R2,Top1FDE,308,-1.4711074709057712,-2.8258321404115287,-0.36083991329368176,1000,2022
Neighbor0,T3,R2,Top1ADE,308,-0.7327054191211407,-1.4241569866549582,-0.1587310171430949,1000,2022
Neighbor0,T3,R2,HitRate,308,0.048701298701298704,-0.01914478320537072,0.1124535676216932,1000,2022
Neighbor0,T1,R2,Top1FDE,308,-1.0212500294498108,-2.118823604008732,-0.14953889178870475,1000,2022
Neighbor0,T1,R2,Top1ADE,308,-0.5678324634451177,-1.149579760326315,-0.11048947184434671,1000,2022
Neighbor0,T1,R2,HitRate,308,0.006493506493506494,-0.04912280701754386,0.06012771571578833,1000,2022
Neighbor0,T2,R2,Top1FDE,308,-0.8812681738462589,-1.9667174845767252,0.0646892935111987,1000,2022
Neighbor0,T2,R2,Top1ADE,308,-0.4782919336061973,-1.0502280044871142,0.003534167252682195,1000,2022
Neighbor0,T2,R2,HitRate,308,-0.012987012987012988,-0.07420559279430247,0.05128968253968253,1000,2022
Neighbor0,T3,T1,Top1FDE,308,-0.44985744145596035,-1.1608770732739204,0.22542966625952515,1000,2022
Neighbor0,T3,T1,Top1ADE,308,-0.16487295567602306,-0.44250829490916127,0.10651988829425534,1000,2022
Neighbor0,T3,T1,HitRate,308,0.04220779220779221,-0.012462678435218477,0.09539576053723521,1000,2022
Neighbor0,T3,T2,Top1FDE,308,-0.5898392970595122,-1.236149244901002,-0.00017352541646129934,1000,2022
Neighbor0,T3,T2,Top1ADE,308,-0.25441348551494347,-0.5286594419864354,0.011824799172959661,1000,2022
Neighbor0,T3,T2,HitRate,308,0.06168831168831169,0.005408048468334574,0.11744002525252524,1000,2022
Neighbor0,T3,G1,Top1FDE,308,-0.4204240776658928,-0.9650236425345908,0.04171073548058653,1000,2022
Neighbor0,T3,G1,Top1ADE,308,-0.14396469228501832,-0.3302933620954494,0.020531621108090065,1000,2022
Neighbor0,T3,G1,HitRate,308,-0.01948051948051948,-0.11396851135055967,0.0664785422046832,1000,2022
Neighbor0,T3,G3,Top1FDE,308,-0.6089498218309206,-1.4032830710579252,0.11879800629624065,1000,2022
Neighbor0,T3,G3,Top1ADE,308,-0.3496738602709654,-0.7249005021657813,-0.02189736275634808,1000,2022
Neighbor0,T3,G3,HitRate,308,-0.05519480519480519,-0.1320331837871287,0.031878910062560994,1000,2022
Neighbor0,T2,T1,Top1FDE,308,0.13998185560355186,-0.19388721830217,0.45280624614838944,1000,2022
Neighbor0,T2,T1,Top1ADE,308,0.08954052983892039,-0.07260721925729727,0.24723136656396175,1000,2022
Neighbor0,T2,T1,HitRate,308,-0.01948051948051948,-0.05190423763088123,0.014718463430999765,1000,2022
Neighbor1-2,T3,R2,Top1FDE,1490,0.700999499184717,0.1864987552766839,1.2026323405864594,1000,2022
Neighbor1-2,T3,R2,Top1ADE,1490,0.4128120199814689,0.17126626613024984,0.6598949737580379,1000,2022
Neighbor1-2,T3,R2,HitRate,1490,0.09328859060402685,0.02136912833730956,0.1751699363251457,1000,2022
Neighbor1-2,T1,R2,Top1FDE,1490,0.439863488149998,-0.04762660385410513,0.9447835454065661,1000,2022
Neighbor1-2,T1,R2,Top1ADE,1490,0.27962107227368266,0.05339650176756443,0.5175737421966891,1000,2022
Neighbor1-2,T1,R2,HitRate,1490,0.08456375838926175,0.0214966645967583,0.16135254729274176,1000,2022
Neighbor1-2,T2,R2,Top1FDE,1490,0.39238749792214933,-0.06298307536459881,0.8677379737328893,1000,2022
Neighbor1-2,T2,R2,Top1ADE,1490,0.25677716298444486,0.05353907783976951,0.4801158152838258,1000,2022
Neighbor1-2,T2,R2,HitRate,1490,0.06510067114093959,0.012244709295710548,0.11913936064932303,1000,2022
Neighbor1-2,T3,T1,Top1FDE,1490,0.26113601103471906,-0.16792651206522966,0.6449315814396563,1000,2022
Neighbor1-2,T3,T1,Top1ADE,1490,0.1331909477077862,-0.07836047358200696,0.3294564510223562,1000,2022
Neighbor1-2,T3,T1,HitRate,1490,0.0087248322147651,-0.032912621720893154,0.05357829123272202,1000,2022
Neighbor1-2,T3,T2,Top1FDE,1490,0.3086120012625677,-0.1707791967463108,0.7796400316503354,1000,2022
Neighbor1-2,T3,T2,Top1ADE,1490,0.15603485699702405,-0.07739439982507837,0.38435887136099045,1000,2022
Neighbor1-2,T3,T2,HitRate,1490,0.028187919463087248,-0.01839082717795589,0.07472289305472982,1000,2022
Neighbor1-2,T3,G1,Top1FDE,1490,0.3017616124148637,-0.17728523853966965,0.7710944958585922,1000,2022
Neighbor1-2,T3,G1,Top1ADE,1490,0.17234546021033303,-0.04683992516836505,0.40039097896339715,1000,2022
Neighbor1-2,T3,G1,HitRate,1490,-0.0026845637583892616,-0.041757551956533495,0.04060540824234137,1000,2022
Neighbor1-2,T3,G3,Top1FDE,1490,0.41601718878803223,-0.09688401516727187,0.8815256595031734,1000,2022
Neighbor1-2,T3,G3,Top1ADE,1490,0.18028552901912356,-0.0435169467417829,0.39824821905252994,1000,2022
Neighbor1-2,T3,G3,HitRate,1490,-0.0026845637583892616,-0.04526403767360464,0.03775232245181452,1000,2022
Neighbor1-2,T2,T1,Top1FDE,1490,-0.04747599022784864,-0.4087306690730969,0.2638854488093846,1000,2022
Neighbor1-2,T2,T1,Top1ADE,1490,-0.02284390928923783,-0.18925386929282587,0.12505930558089084,1000,2022
Neighbor1-2,T2,T1,HitRate,1490,-0.019463087248322148,-0.06544997870117199,0.024278358223590667,1000,2022
Neighbor3-5,T3,R2,Top1FDE,3263,0.10208437774314894,-0.16831628008889024,0.3816739446567916,1000,2022
Neighbor3-5,T3,R2,Top1ADE,3263,0.08163227204138078,-0.04580881151208039,0.21557679513264177,1000,2022
Neighbor3-5,T3,R2,HitRate,3263,0.0692614158749617,0.021253757013947543,0.1175467552317374,1000,2022
Neighbor3-5,T1,R2,Top1FDE,3263,0.05797568954855397,-0.35367868794474033,0.44851544542722055,1000,2022
Neighbor3-5,T1,R2,Top1ADE,3263,0.09933092185953153,-0.08563065281016415,0.2742280266008887,1000,2022
Neighbor3-5,T1,R2,HitRate,3263,0.03187250996015936,-2.463054187191978e-05,0.06480992346143633,1000,2022
Neighbor3-5,T2,R2,Top1FDE,3263,-0.12844839266026073,-0.5963047346925334,0.3038513188060289,1000,2022
Neighbor3-5,T2,R2,Top1ADE,3263,0.0016649319558971513,-0.20681525988258098,0.20795658033520792,1000,2022
Neighbor3-5,T2,R2,HitRate,3263,0.06711615078148943,0.026617973881842328,0.10528610771113829,1000,2022
Neighbor3-5,T3,T1,Top1FDE,3263,0.04410868819459498,-0.247673767215363,0.3145315606681746,1000,2022
Neighbor3-5,T3,T1,Top1ADE,3263,-0.017698649818150752,-0.14382289748931182,0.10302282898975705,1000,2022
Neighbor3-5,T3,T1,HitRate,3263,0.03738890591480233,-7.548309178743532e-06,0.07982700390112747,1000,2022
Neighbor3-5,T3,T2,Top1FDE,3263,0.23053277040340966,-0.07183871965540338,0.5706554537566878,1000,2022
Neighbor3-5,T3,T2,Top1ADE,3263,0.07996734008548363,-0.04901330267101116,0.22623434668500317,1000,2022
Neighbor3-5,T3,T2,HitRate,3263,0.0021452650934722646,-0.030088469058943988,0.03343436703483432,1000,2022
Neighbor3-5,T3,G1,Top1FDE,3263,0.22234423690989422,-0.03166524937624441,0.4852359478813298,1000,2022
Neighbor3-5,T3,G1,Top1ADE,3263,0.07958897630318884,-0.03447040397093015,0.19912439753791625,1000,2022
Neighbor3-5,T3,G1,HitRate,3263,-0.00030646644192460924,-0.03234953787879635,0.0291298462537515,1000,2022
Neighbor3-5,T3,G3,Top1FDE,3263,0.3885072984188536,0.06087944704782332,0.7284671390714823,1000,2022
Neighbor3-5,T3,G3,Top1ADE,3263,0.15602119491964897,-0.0023227186957743232,0.306561782890789,1000,2022
Neighbor3-5,T3,G3,HitRate,3263,0.027581979773214832,-0.0020046543557555563,0.05833166792564372,1000,2022
Neighbor3-5,T2,T1,Top1FDE,3263,-0.18642408220881468,-0.3995212540729308,0.006072389681322245,1000,2022
Neighbor3-5,T2,T1,Top1ADE,3263,-0.09766598990363438,-0.2004511051634753,-0.011292946330442317,1000,2022
Neighbor3-5,T2,T1,HitRate,3263,0.035243640821330066,0.008118673382841345,0.06540643776326692,1000,2022
Neighbor6-8,T3,R2,Top1FDE,49929,0.025354888631464338,-0.04752477190476903,0.09325402630085539,1000,2022
Neighbor6-8,T3,R2,Top1ADE,49929,0.024747975400959805,-0.004932861203683196,0.05346242089385158,1000,2022
Neighbor6-8,T3,R2,HitRate,49929,0.12509763864687856,0.08458319085791723,0.17046817609269602,1000,2022
Neighbor6-8,T1,R2,Top1FDE,49929,-0.03982263315670578,-0.11748689525867324,0.03538427146838162,1000,2022
Neighbor6-8,T1,R2,Top1ADE,49929,0.0030951248617150135,-0.028266523622675066,0.03307649577548081,1000,2022
Neighbor6-8,T1,R2,HitRate,49929,0.09587614412465702,0.06859247522490058,0.1295721571150585,1000,2022
Neighbor6-8,T2,R2,Top1FDE,49929,-0.05694683554013211,-0.12221966445935036,0.009651465318070379,1000,2022
Neighbor6-8,T2,R2,Top1ADE,49929,-0.007654182148281574,-0.03575993148578587,0.02046614264803615,1000,2022
Neighbor6-8,T2,R2,HitRate,49929,0.09365298724188348,0.06439567838889165,0.12920333202123646,1000,2022
Neighbor6-8,T3,T1,Top1FDE,49929,0.06517752178817013,0.016254164584910347,0.11991528964286702,1000,2022
Neighbor6-8,T3,T1,Top1ADE,49929,0.021652850539244792,-0.0005082180408177348,0.04577786056011717,1000,2022
Neighbor6-8,T3,T1,HitRate,49929,0.029221494522221555,0.010656849892236793,0.05015711594064267,1000,2022
Neighbor6-8,T3,T2,Top1FDE,49929,0.08230172417159644,0.028688348635980684,0.13877408585012027,1000,2022
Neighbor6-8,T3,T2,Top1ADE,49929,0.03240215754924138,0.01055072887995872,0.055935224625309345,1000,2022
Neighbor6-8,T3,T2,HitRate,49929,0.03144465140499509,0.015223533613799793,0.04779925762378892,1000,2022
Neighbor6-8,T3,G1,Top1FDE,49929,0.10064364815905597,0.04578596765322901,0.15763117766100088,1000,2022
Neighbor6-8,T3,G1,Top1ADE,49929,0.04321575276024493,0.020217923211642615,0.06685671905745286,1000,2022
Neighbor6-8,T3,G1,HitRate,49929,0.010514931202307277,1.6234742781230214e-05,0.02262471775959753,1000,2022
Neighbor6-8,T3,G3,Top1FDE,49929,0.12676408638939124,0.06622309195538416,0.19077787736127255,1000,2022
Neighbor6-8,T3,G3,Top1ADE,49929,0.046471042046191915,0.020315108151659794,0.0730516354962754,1000,2022
Neighbor6-8,T3,G3,HitRate,49929,0.031144224799214887,0.013268516556463677,0.051157844694829965,1000,2022
Neighbor6-8,T2,T1,Top1FDE,49929,-0.01712420238342632,-0.05675119550742628,0.024300327750100704,1000,2022
Neighbor6-8,T2,T1,Top1ADE,49929,-0.010749307009996588,-0.02782125474232629,0.007258546211548263,1000,2022
Neighbor6-8,T2,T1,HitRate,49929,-0.0022231568827735383,-0.01304816792358446,0.009012112320817507,1000,2022
0-5m,T3,R2,Top1FDE,24175,0.014433351154959228,-0.03984895885304354,0.06512752023544555,1000,2022
0-5m,T3,R2,Top1ADE,24175,0.015421896800259176,-0.006471834464198768,0.03712935437960126,1000,2022
0-5m,T3,R2,HitRate,24175,0.12665977249224405,0.07891161707220866,0.18742668103938265,1000,2022
0-5m,T1,R2,Top1FDE,24175,-0.0005970829492651558,-0.0674542262150977,0.06732469624560283,1000,2022
0-5m,T1,R2,Top1ADE,24175,0.01350649457699364,-0.014031384350059933,0.04275101567559866,1000,2022
0-5m,T1,R2,HitRate,24175,0.0865770423991727,0.04365336810233217,0.14268162569420673,1000,2022
0-5m,T2,R2,Top1FDE,24175,-0.006709746647671428,-0.0725718943916594,0.05623448247059368,1000,2022
0-5m,T2,R2,Top1ADE,24175,0.008417174213627525,-0.019599880291229683,0.03511137745205423,1000,2022
0-5m,T2,R2,HitRate,24175,0.08463288521199587,0.04497338043034786,0.1331110184237917,1000,2022
0-5m,T3,T1,Top1FDE,24175,0.015030434104224383,-0.030959483746196264,0.06466421649683263,1000,2022
0-5m,T3,T1,Top1ADE,24175,0.0019154022232655363,-0.016933900643381444,0.022152369291035215,1000,2022
0-5m,T3,T1,HitRate,24175,0.04008273009307135,0.02131009526667625,0.06292530749379391,1000,2022
0-5m,T3,T2,Top1FDE,24175,0.021143097802630656,-0.020607004382618314,0.06220628618105074,1000,2022
0-5m,T3,T2,Top1ADE,24175,0.007004722586631652,-0.010930850319400493,0.024041670000813784,1000,2022
0-5m,T3,T2,HitRate,24175,0.04202688728024819,0.0229249532204862,0.06390823199453334,1000,2022
0-5m,T3,G1,Top1FDE,24175,0.041549600184437145,-0.004721708490664961,0.1006876623911257,1000,2022
0-5m,T3,G1,Top1ADE,24175,0.016958762615497273,-0.001959839663434628,0.04080438942747718,1000,2022
0-5m,T3,G1,HitRate,24175,0.017456049638055842,0.002914638788923412,0.03175040538400351,1000,2022
0-5m,T3,G3,Top1FDE,24175,0.06520189775448224,0.009082601338609825,0.12899368579198767,1000,2022
0-5m,T3,G3,Top1ADE,24175,0.022725431356774576,-0.00024822116048985813,0.04802250583789101,1000,2022
0-5m,T3,G3,HitRate,24175,0.038179937952430194,0.01643609173730842,0.06187634068359996,1000,2022
0-5m,T2,T1,Top1FDE,24175,-0.006112663698406272,-0.043061889590904956,0.0325663653156494,1000,2022
0-5m,T2,T1,Top1ADE,24175,-0.0050893203633661155,-0.021175440503007806,0.012194405074358566,1000,2022
0-5m,T2,T1,HitRate,24175,-0.0019441571871768356,-0.01580855363069344,0.011447760008078183,1000,2022
5-10m,T3,R2,Top1FDE,19056,0.04137460505650812,-0.05778294572168688,0.1378316074255041,1000,2022
5-10m,T3,R2,Top1ADE,19056,0.037067818773536425,-0.006660804774113567,0.07765821192744354,1000,2022
5-10m,T3,R2,HitRate,19056,0.1299328295549958,0.08900287599906165,0.17310743791547922,1000,2022
5-10m,T1,R2,Top1FDE,19056,-0.06563260669058454,-0.17497247799910587,0.03333648902800041,1000,2022
5-10m,T1,R2,Top1ADE,19056,-0.0015964384006511686,-0.0469571972674399,0.03796099999922991,1000,2022
5-10m,T1,R2,HitRate,19056,0.11062132661628883,0.08611130077300146,0.13777552079100586,1000,2022
5-10m,T2,R2,Top1FDE,19056,-0.08840549869839988,-0.18570263637386178,0.0038220561396166124,1000,2022
5-10m,T2,R2,Top1ADE,19056,-0.019956142711296747,-0.060591793592385694,0.019347053180022705,1000,2022
5-10m,T2,R2,HitRate,19056,0.10348446683459278,0.07341698730443935,0.13598749939166294,1000,2022
5-10m,T3,T1,Top1FDE,19056,0.10700721174709266,0.02000490823102417,0.19484114974177347,1000,2022
5-10m,T3,T1,Top1ADE,19056,0.038664257174187595,-0.0010977597325442688,0.079512074242064,1000,2022
5-10m,T3,T1,HitRate,19056,0.019311502938706968,-0.0020064494388237386,0.042196646190360954,1000,2022
5-10m,T3,T2,Top1FDE,19056,0.129780103754908,0.040405873133733755,0.22225827482968064,1000,2022
5-10m,T3,T2,Top1ADE,19056,0.05702396148483317,0.015246743142213866,0.09743868307459813,1000,2022
5-10m,T3,T2,HitRate,19056,0.02644836272040302,0.009085453393396782,0.04444716618635927,1000,2022
5-10m,T3,G1,Top1FDE,19056,0.15664109674975213,0.07042279847376365,0.23881944108866165,1000,2022
5-10m,T3,G1,Top1ADE,19056,0.06722147494439204,0.02902817211313808,0.10413807293119774,1000,2022
5-10m,T3,G1,HitRate,19056,-0.0011544920235096558,-0.014688145852720727,0.013962758838103967,1000,2022
5-10m,T3,G3,Top1FDE,19056,0.19009932936808863,0.10217237973783994,0.28170486210333645,1000,2022
5-10m,T3,G3,Top1ADE,19056,0.07426714219043232,0.03391997146685274,0.11390143222455074,1000,2022
5-10m,T3,G3,HitRate,19056,0.0248215785054576,0.0022477249092165822,0.05048614160745815,1000,2022
5-10m,T2,T1,Top1FDE,19056,-0.022772892007815335,-0.08607505539027645,0.03957993373441885,1000,2022
5-10m,T2,T1,Top1ADE,19056,-0.018359704310645576,-0.04742236764939203,0.010449133442007399,1000,2022
5-10m,T2,T1,HitRate,19056,-0.007136859781696054,-0.023472380637337285,0.00998851579360661,1000,2022
10-20m,T3,R2,Top1FDE,8410,0.14650340932865039,-0.03615831947483699,0.3584904932291727,1000,2022
10-20m,T3,R2,Top1ADE,8410,0.0981705362234413,0.013137037566159313,0.19738900253443872,1000,2022
10-20m,T3,R2,HitRate,8410,0.0985731272294887,0.05250516929895132,0.14903870046938966,1000,2022
10-20m,T1,R2,Top1FDE,8410,-0.0014341877795898113,-0.20095658709466466,0.1948177014828314,1000,2022
10-20m,T1,R2,Top1ADE,8410,0.04539075032755285,-0.04602129531277069,0.13410187447666014,1000,2022
10-20m,T1,R2,HitRate,8410,0.0727705112960761,0.047035629581507726,0.10063657589007696,1000,2022
10-20m,T2,R2,Top1FDE,8410,-0.05648984679790722,-0.2366389710595612,0.12383755820122005,1000,2022
10-20m,T2,R2,Top1ADE,8410,0.020883073973027584,-0.05732228693450646,0.10204783303406254,1000,2022
10-20m,T2,R2,HitRate,8410,0.09143876337693223,0.05563471196911015,0.13126860947972163,1000,2022
10-20m,T3,T1,Top1FDE,8410,0.1479375971082402,-0.007283097474092269,0.3127471699195007,1000,2022
10-20m,T3,T1,Top1ADE,8410,0.05277978589588845,-0.013809350779313048,0.1258086346714349,1000,2022
10-20m,T3,T1,HitRate,8410,0.025802615933412605,-0.00834864040025812,0.0650092913213371,1000,2022
10-20m,T3,T2,Top1FDE,8410,0.2029932561265576,0.06395496752012779,0.35538823656199386,1000,2022
10-20m,T3,T2,Top1ADE,8410,0.07728746225041372,0.015566030356767896,0.14592808075860322,1000,2022
10-20m,T3,T2,HitRate,8410,0.007134363852556481,-0.017231390988997477,0.030342984651965818,1000,2022
10-20m,T3,G1,Top1FDE,8410,0.21346333096799547,0.06639981744050256,0.36697584802944105,1000,2022
10-20m,T3,G1,Top1ADE,8410,0.0983064759203884,0.029080746967150243,0.16779068642692002,1000,2022
10-20m,T3,G1,HitRate,8410,0.011533888228299644,-0.007450443327366223,0.03171348248745831,1000,2022
10-20m,T3,G3,Top1FDE,8410,0.2811448178854901,0.08871696626759436,0.49114488954373064,1000,2022
10-20m,T3,G3,Top1ADE,8410,0.11030644016027812,0.02753240972019626,0.1987224267840166,1000,2022
10-20m,T3,G3,HitRate,8410,0.017122473246135552,-0.003561955611891773,0.0388284338269572,1000,2022
10-20m,T2,T1,Top1FDE,8410,-0.0550556590183174,-0.17745538710834993,0.06751102750580015,1000,2022
10-20m,T2,T1,Top1ADE,8410,-0.024507676354525266,-0.07511362153947271,0.02803570869407775,1000,2022
10-20m,T2,T1,HitRate,8410,0.018668252080856124,-0.006095435756595324,0.04503125706609207,1000,2022
20-50m,T3,R2,Top1FDE,3041,0.09012837956580022,-0.17814825956503147,0.3566338427405371,1000,2022
20-50m,T3,R2,Top1ADE,3041,0.06981083785071332,-0.061113444836238165,0.19853509674231046,1000,2022
20-50m,T3,R2,HitRate,3041,0.0802367642222953,0.03374189692933598,0.12867064904167366,1000,2022
20-50m,T1,R2,Top1FDE,3041,0.04388621311406771,-0.36122884894218943,0.40984701176571214,1000,2022
20-50m,T1,R2,Top1ADE,3041,0.07150762855813068,-0.11133088042191683,0.2522384315645365,1000,2022
20-50m,T1,R2,HitRate,3041,0.06708319631700099,0.020795125409422976,0.11494282106149367,1000,2022
20-50m,T2,R2,Top1FDE,3041,-0.11700932754196637,-0.5257496552963667,0.25240092859370217,1000,2022
20-50m,T2,R2,Top1ADE,3041,0.002314173665316638,-0.1812955112207051,0.1676926662306916,1000,2022
20-50m,T2,R2,HitRate,3041,0.06741203551463334,0.02424188820972869,0.11121756880760755,1000,2022
20-50m,T3,T1,Top1FDE,3041,0.04624216645173251,-0.23156153318349254,0.3269665128404888,1000,2022
20-50m,T3,T1,Top1ADE,3041,-0.0016967907074173737,-0.13627413617853018,0.12543047153872505,1000,2022
20-50m,T3,T1,HitRate,3041,0.013153567905294311,-0.015970374116076262,0.042280634002001646,1000,2022
20-50m,T3,T2,Top1FDE,3041,0.20713770710776655,-0.08898993431458498,0.5324272767302285,1000,2022
20-50m,T3,T2,Top1ADE,3041,0.06749666418539668,-0.05783807091641094,0.20967893727337839,1000,2022
20-50m,T3,T2,HitRate,3041,0.012824728707661954,-0.019741527401201928,0.04568322567347192,1000,2022
20-50m,T3,G1,Top1FDE,3041,0.13664249224128586,-0.1291789072329108,0.4334798679675377,1000,2022
20-50m,T3,G1,Top1ADE,3041,0.05146494893012927,-0.0630754836219746,0.18362142224690367,1000,2022
20-50m,T3,G1,HitRate,3041,0.007563301545544229,-0.02851351348118605,0.042616601581770455,1000,2022
20-50m,T3,G3,Top1FDE,3041,0.21491363969119587,-0.047668232460050766,0.46268454068560416,1000,2022
20-50m,T3,G3,Top1ADE,3041,0.06763437330048741,-0.04452221859064641,0.18088291356632383,1000,2022
20-50m,T3,G3,HitRate,3041,0.03321275896086814,0.006301895045032983,0.06227602160274068,1000,2022
20-50m,T2,T1,Top1FDE,3041,-0.16089554065603406,-0.3648824779236449,0.030884752834923066,1000,2022
20-50m,T2,T1,Top1ADE,3041,-0.06919345489281405,-0.166471022255871,0.01935225023214511,1000,2022
20-50m,T2,T1,HitRate,3041,0.0003288391976323578,-0.0309044342520556,0.032248405854401294,1000,2022
