ComparisonID,Comparison,Group,Count,SceneCount,DeltaTop1FDE,CI95Lower,CI95Upper,Units,Interpretation,Fold1DeltaTop1FDE,Fold1Count,Fold2DeltaTop1FDE,Fold2Count,Fold3DeltaTop1FDE,Fold3Count
E,(G-C-G-A)-(NG-C-NG-A),Overall,260151,630,-0.058339443337268836,-0.082994382202979278,-0.032678248217603852,m,descriptive interaction contrast; no causal or primary inference,-0.09568625402081006,82673,-0.023152160676874534,83711,-0.056824941851072869,93767
E,(G-C-G-A)-(NG-C-NG-A),Vehicle,191026,629,-0.07314793770746314,-0.10763628617410956,-0.03819561454196909,m,descriptive interaction contrast; no causal or primary inference,-0.13204985792177684,61556,-0.026454046411718595,60451,-0.061512385497300127,69019
E,(G-C-G-A)-(NG-C-NG-A),Pedestrian,66145,542,-0.0182010216211047,-0.030349579350039624,-0.006715393340853474,m,descriptive interaction contrast; no causal or primary inference,0.010755129657800734,20250,-0.015330059832958355,22108,-0.045519863282944127,23787
E,(G-C-G-A)-(NG-C-NG-A),Bicycle,2980,169,0,0,0,m,descriptive interaction contrast; no causal or primary inference,0,867,0,1152,0,961
E,(G-C-G-A)-(NG-C-NG-A),MovingVehicle,41728,597,-0.3075679357190943,-0.44923856408014906,-0.1577607914611881,m,descriptive interaction contrast; no causal or primary inference,-0.59997886728382444,12793,-0.057690066939605052,14211,-0.29467750823456085,14724
E,(G-C-G-A)-(NG-C-NG-A),StoppedVehicle,23044,381,0.0017322489625200108,-0.025276085925210218,0.028667194863517681,m,descriptive interaction contrast; no causal or primary inference,0.029511262803092429,6999,-0.02226988413046543,7771,0.00077687772677230709,8274
E,(G-C-G-A)-(NG-C-NG-A),ParkedVehicle,121939,536,-0.0043441162360726556,-0.011540418279463569,0.0023198712388816049,m,descriptive interaction contrast; no causal or primary inference,-0.0034221403679934007,40556,-0.0065611489679264249,37244,-0.0033205426671349923,44139
E,(G-C-G-A)-(NG-C-NG-A),Vehicle>5m,38241,598,-0.33200652134575015,-0.48582587098086305,-0.16832623998392968,m,descriptive interaction contrast; no causal or primary inference,-0.66535845690764828,11887,-0.091869087582651457,12693,-0.26506486178427796,13661
E,(G-C-G-A)-(NG-C-NG-A),Pedestrian<5m,24005,421,-0.02279139102123898,-0.040712979922041842,-0.0058955998335358502,m,descriptive interaction contrast; no causal or primary inference,0.034238253175951479,8098,-0.025481469642382962,7437,-0.074954312391180014,8470
E,(G-C-G-A)-(NG-C-NG-A),Pedestrian>5m,42140,498,-0.015586123247819855,-0.030941603613466297,-0.0010657765375573286,m,descriptive interaction contrast; no causal or primary inference,-0.0048938445234027461,12152,-0.010184123308338983,14671,-0.029243191353273964,15317
E,(G-C-G-A)-(NG-C-NG-A),Pedestrian5-8m,22483,432,-0.057592359722349981,-0.079699478815874303,-0.038828668033885461,m,descriptive interaction contrast; no causal or primary inference,-0.01057887305951493,6746,-0.075269615401113599,7513,-0.080007700081412989,8224
