Model,Update,Loss,GradientNorm
NG-A,10,1.567441463470459,0.17208181321620941
NG-A,20,1.5457017421722412,0.14648813009262085
NG-A,30,1.5262874364852905,0.071595571935176849
NG-A,40,1.4969099760055542,0.13673791289329529
NG-A,50,1.4441756010055542,0.23117808997631073
NG-A,60,1.3878277540206909,0.40490511059761047
NG-A,70,1.3476724624633789,0.60254025459289551
NG-A,80,1.3142585754394531,0.32828730344772339
NG-A,90,1.2919567823410034,0.2477133721113205
NG-A,100,1.2800869941711426,0.15484277904033661
NG-A,110,1.2720046043395996,0.20212319493293762
NG-A,120,1.2657577991485596,0.77295804023742676
NG-A,130,1.2586649656295776,0.95103967189788818
NG-A,140,1.2489914894104004,0.26061171293258667
NG-A,150,1.2389935255050659,0.93538033962249756
NG-A,160,1.2426092624664307,1.3418904542922974
NG-A,170,1.2312712669372559,0.29193955659866333
NG-A,180,1.2241286039352417,0.44920641183853149
NG-A,190,1.2222408056259155,0.40481168031692505
NG-A,200,1.2218736410140991,0.97602391242980957
NG-A,210,1.2231345176696777,1.137880802154541
NG-A,220,1.2211581468582153,0.6892474889755249
NG-A,230,1.217340350151062,0.53530228137969971
NG-A,240,1.2154903411865234,0.30692380666732788
NG-A,250,1.2143821716308594,0.12840606272220612
NG-A,260,1.2137640714645386,0.091350890696048737
NG-A,270,1.2132514715194702,0.073711536824703217
NG-A,280,1.2128465175628662,0.038275331258773804
NG-A,290,1.2124893665313721,0.063840143382549286
NG-A,300,1.212174654006958,0.06644207239151001
