epoch,loss,regression_loss,classification_loss,minADE,minFDE,independent_minADE,MR,target_count,pred_max_displacement_m,GT_endpoint_displacement_mean_m,GT_max_displacement_m,scale_mean,scale_max
0,20.649457931518555,20.649457931518555,0.0,26.335464477539062,48.65553665161133,26.335464477539062,1.0,1,2.0230047702789307,49.5347785949707,49.5347785949707,1.0098872184753418,2.7990834712982178
1,14.336568832397461,14.336568832397461,0.0,26.226110458374023,48.57523727416992,26.226110458374023,1.0,1,1.5324143171310425,49.5347785949707,49.5347785949707,1.247300386428833,2.913863182067871
10,7.3412628173828125,7.3412628173828125,0.0,26.11079978942871,49.0037727355957,26.11079978942871,1.0,1,1.3268382549285889,49.5347785949707,49.5347785949707,1.6020011901855469,3.0528311729431152
20,5.951810359954834,5.951810359954834,0.0,25.768041610717773,48.369598388671875,25.768041610717773,1.0,1,1.9292492866516113,49.5347785949707,49.5347785949707,1.758692979812622,3.4597277641296387
30,5.275984764099121,5.275984764099121,0.0,25.4007511138916,47.93046188354492,25.4007511138916,1.0,1,2.3995137214660645,49.5347785949707,49.5347785949707,1.8440468311309814,3.927716016769409
40,4.657637596130371,4.657637596130371,0.0,25.13816261291504,47.61369705200195,25.13816261291504,1.0,1,2.7351999282836914,49.5347785949707,49.5347785949707,1.8926916122436523,4.2754034996032715
50,4.323983669281006,4.323983669281006,0.0,24.866857528686523,47.32162857055664,24.866857528686523,1.0,1,2.9143245220184326,49.5347785949707,49.5347785949707,1.9530606269836426,4.657041549682617
60,4.037177085876465,4.037177085876465,0.0,24.65635108947754,47.12518310546875,24.65635108947754,1.0,1,3.151041030883789,49.5347785949707,49.5347785949707,2.0013952255249023,4.9246296882629395
70,3.709256649017334,3.709256649017334,0.0,24.41269874572754,46.91200637817383,24.41269874572754,1.0,1,3.3446710109710693,49.5347785949707,49.5347785949707,2.063859701156616,5.1969380378723145
80,3.534832715988159,3.534832715988159,0.0,24.17939567565918,46.65892028808594,24.17939567565918,1.0,1,3.551567554473877,49.5347785949707,49.5347785949707,2.1286885738372803,5.46352481842041
90,3.311044454574585,3.311044454574585,0.0,23.951171875,46.441593170166016,23.951171875,1.0,1,3.7715320587158203,49.5347785949707,49.5347785949707,2.192730665206909,5.724955081939697
100,3.093534469604492,3.093534469604492,0.0,23.76141357421875,46.24525833129883,23.76141357421875,1.0,1,3.9112515449523926,49.5347785949707,49.5347785949707,2.2728655338287354,5.918072700500488
110,2.9116103649139404,2.9116103649139404,0.0,23.572662353515625,46.084415435791016,23.572662353515625,1.0,1,4.074164867401123,49.5347785949707,49.5347785949707,2.3362793922424316,6.166262149810791
120,2.8756701946258545,2.8756701946258545,0.0,23.337697982788086,45.793983459472656,23.337697982788086,1.0,1,4.340815544128418,49.5347785949707,49.5347785949707,2.408515453338623,6.432948112487793
130,2.721677541732788,2.721677541732788,0.0,23.12792205810547,45.62458419799805,23.12792205810547,1.0,1,4.5434651374816895,49.5347785949707,49.5347785949707,2.4798479080200195,6.641289710998535
140,2.451829433441162,2.451829433441162,0.0,22.930084228515625,45.451141357421875,22.930084228515625,1.0,1,4.784148693084717,49.5347785949707,49.5347785949707,2.5355422496795654,6.903585910797119
150,2.2615926265716553,2.2615926265716553,0.0,22.729230880737305,45.243682861328125,22.729230880737305,1.0,1,5.000189304351807,49.5347785949707,49.5347785949707,2.584132432937622,7.121038913726807
160,2.12129807472229,2.12129807472229,0.0,22.5253963470459,45.0565299987793,22.5253963470459,1.0,1,5.284737586975098,49.5347785949707,49.5347785949707,2.6286704540252686,7.309471130371094
170,2.2064647674560547,2.2064647674560547,0.0,22.320287704467773,44.906917572021484,22.320287704467773,1.0,1,5.538064479827881,49.5347785949707,49.5347785949707,2.6725363731384277,7.470473766326904
180,2.332855224609375,2.332855224609375,0.0,22.128829956054688,44.703731536865234,22.128829956054688,1.0,1,5.79678201675415,49.5347785949707,49.5347785949707,2.7096495628356934,7.741069316864014
190,1.9671993255615234,1.9671993255615234,0.0,21.94031524658203,44.50624465942383,21.94031524658203,1.0,1,6.188652038574219,49.5347785949707,49.5347785949707,2.734898090362549,7.924740791320801
200,1.9336799383163452,1.9336799383163452,0.0,21.774810791015625,44.35460662841797,21.774810791015625,1.0,1,6.518624305725098,49.5347785949707,49.5347785949707,2.7697229385375977,8.200961112976074
210,1.7977337837219238,1.7977337837219238,0.0,21.583585739135742,44.126182556152344,21.583585739135742,1.0,1,6.916807174682617,49.5347785949707,49.5347785949707,2.813558340072632,8.485796928405762
220,1.5272116661071777,1.5272116661071777,0.0,21.392812728881836,43.946903228759766,21.392812728881836,1.0,1,7.361830711364746,49.5347785949707,49.5347785949707,2.8528573513031006,8.680716514587402
230,1.4900994300842285,1.4900994300842285,0.0,21.221227645874023,43.78200912475586,21.221227645874023,1.0,1,7.926981449127197,49.5347785949707,49.5347785949707,2.873725414276123,8.797907829284668
240,1.374414324760437,1.374414324760437,0.0,21.07572364807129,43.58863067626953,21.07572364807129,1.0,1,7.936884880065918,49.5347785949707,49.5347785949707,2.9044368267059326,8.956315040588379
250,1.6764791011810303,1.6764791011810303,0.0,20.932981491088867,43.41753387451172,20.932981491088867,1.0,1,7.911916732788086,49.5347785949707,49.5347785949707,2.9546523094177246,9.205963134765625
260,1.4665546417236328,1.4665546417236328,0.0,20.81528663635254,43.25471115112305,20.81528663635254,1.0,1,7.995171070098877,49.5347785949707,49.5347785949707,3.022005081176758,9.49502182006836
270,1.4537458419799805,1.4537458419799805,0.0,20.65875244140625,43.057559967041016,20.65875244140625,1.0,1,8.01465129852295,49.5347785949707,49.5347785949707,3.080019474029541,9.684961318969727
280,1.285593032836914,1.285593032836914,0.0,20.511133193969727,42.87604522705078,20.511133193969727,1.0,1,8.053807258605957,49.5347785949707,49.5347785949707,3.12825083732605,9.812886238098145
290,1.4522910118103027,1.4522910118103027,0.0,20.394140243530273,42.74354934692383,20.394140243530273,1.0,1,7.920485496520996,49.5347785949707,49.5347785949707,3.167870283126831,9.866250038146973
300,1.0785589218139648,1.0785589218139648,0.0,20.238677978515625,42.566680908203125,20.238677978515625,1.0,1,8.107776641845703,49.5347785949707,49.5347785949707,3.209324598312378,9.901890754699707
310,1.19907808303833,1.19907808303833,0.0,20.110265731811523,42.39762878417969,20.110265731811523,1.0,1,8.340739250183105,49.5347785949707,49.5347785949707,3.271677017211914,10.204408645629883
320,1.044560432434082,1.044560432434082,0.0,19.963665008544922,42.218265533447266,19.963665008544922,1.0,1,8.55555534362793,49.5347785949707,49.5347785949707,3.323948621749878,10.445951461791992
330,1.1335361003875732,1.1335361003875732,0.0,19.840478897094727,42.0708122253418,19.840478897094727,1.0,1,8.77651596069336,49.5347785949707,49.5347785949707,3.367588758468628,10.647558212280273
340,0.925757884979248,0.925757884979248,0.0,19.68608856201172,41.89326477050781,19.68608856201172,1.0,1,9.00248908996582,49.5347785949707,49.5347785949707,3.4208037853240967,10.767882347106934
350,0.9475311040878296,0.9475311040878296,0.0,19.57004737854004,41.73729705810547,19.57004737854004,1.0,1,9.204384803771973,49.5347785949707,49.5347785949707,3.4531030654907227,10.781294822692871
360,0.975014865398407,0.975014865398407,0.0,19.408647537231445,41.55649185180664,19.408647537231445,1.0,1,9.478092193603516,49.5347785949707,49.5347785949707,3.4894959926605225,10.936942100524902
370,1.1044855117797852,1.1044855117797852,0.0,19.27405548095703,41.391117095947266,19.27405548095703,1.0,1,9.710840225219727,49.5347785949707,49.5347785949707,3.545334577560425,11.242385864257812
380,1.0518865585327148,1.0518865585327148,0.0,19.11550521850586,41.203128814697266,19.11550521850586,1.0,1,10.011714935302734,49.5347785949707,49.5347785949707,3.5931239128112793,11.440895080566406
390,0.9783432483673096,0.9783432483673096,0.0,18.986867904663086,41.05351638793945,18.986867904663086,1.0,1,10.234000205993652,49.5347785949707,49.5347785949707,3.633625030517578,11.626063346862793
400,0.8476299047470093,0.8476299047470093,0.0,18.865694046020508,40.88792037963867,18.865694046020508,1.0,1,10.48388385772705,49.5347785949707,49.5347785949707,3.670506238937378,11.793134689331055
410,0.8151976466178894,0.8151976466178894,0.0,18.73195457458496,40.73393630981445,18.73195457458496,1.0,1,10.733353614807129,49.5347785949707,49.5347785949707,3.6872735023498535,11.822566986083984
420,0.7168041467666626,0.7168041467666626,0.0,18.60297393798828,40.58108139038086,18.60297393798828,1.0,1,11.002080917358398,49.5347785949707,49.5347785949707,3.6982498168945312,11.915743827819824
430,0.8244669437408447,0.8244669437408447,0.0,18.459836959838867,40.4134521484375,18.459836959838867,1.0,1,11.289777755737305,49.5347785949707,49.5347785949707,3.7417304515838623,12.138273239135742
440,0.8551759123802185,0.8551759123802185,0.0,18.30064582824707,40.21550369262695,18.30064582824707,1.0,1,11.654656410217285,49.5347785949707,49.5347785949707,3.782562255859375,12.34996509552002
450,0.7553330659866333,0.7553330659866333,0.0,18.160593032836914,40.06944274902344,18.160593032836914,1.0,1,11.994694709777832,49.5347785949707,49.5347785949707,3.7949588298797607,12.440855026245117
460,0.5867642164230347,0.5867642164230347,0.0,18.008668899536133,39.91819763183594,18.008668899536133,1.0,1,12.370634078979492,49.5347785949707,49.5347785949707,3.8067712783813477,12.546859741210938
470,0.5876184701919556,0.5876184701919556,0.0,17.89811134338379,39.74966812133789,17.89811134338379,1.0,1,12.422389030456543,49.5347785949707,49.5347785949707,3.828216552734375,12.754790306091309
480,0.6285882592201233,0.6285882592201233,0.0,17.80521583557129,39.6113395690918,17.80521583557129,1.0,1,12.312155723571777,49.5347785949707,49.5347785949707,3.854281187057495,12.954833030700684
490,0.5954781770706177,0.5954781770706177,0.0,17.668447494506836,39.44476318359375,17.668447494506836,1.0,1,12.343865394592285,49.5347785949707,49.5347785949707,3.8426387310028076,12.952940940856934
500,0.5720789432525635,0.5720789432525635,0.0,17.554471969604492,39.268653869628906,17.554471969604492,1.0,1,12.405991554260254,49.5347785949707,49.5347785949707,3.857928991317749,13.013595581054688
