Split,Radius_m,Pair,UniqueTargetIncidentPairs,WindowsWithTargetIncidentPair,UniqueAllContextPairs,WindowsWithAllContextPair
train,10,vehicle-vehicle,312212,14403,314998,14440
train,10,vehicle-pedestrian,83774,10447,84177,10466
train,10,vehicle-bicycle,5299,2020,5349,2026
train,10,pedestrian-pedestrian,181734,9683,183360,9744
train,10,pedestrian-bicycle,7346,1724,7406,1733
train,10,bicycle-bicycle,1115,691,1149,712
train,20,vehicle-vehicle,970792,15650,977015,15664
train,20,vehicle-pedestrian,322977,12895,324109,12899
train,20,vehicle-bicycle,17899,3218,18014,3225
train,20,pedestrian-pedestrian,334295,10386,336517,10436
train,20,pedestrian-bicycle,18518,2559,18625,2567
train,20,bicycle-bicycle,1511,884,1546,903
train,30,vehicle-vehicle,1642542,16030,1651669,16041
train,30,vehicle-pedestrian,652221,13519,654284,13524
train,30,vehicle-bicycle,33976,3607,34184,3617
train,30,pedestrian-pedestrian,531330,10928,534103,10972
train,30,pedestrian-bicycle,32703,3029,32878,3041
train,30,bicycle-bicycle,1901,1003,1938,1021
train,50,vehicle-vehicle,2948798,16263,2963202,16269
train,50,vehicle-pedestrian,1286709,13762,1290806,13764
train,50,vehicle-bicycle,63578,3793,63979,3797
train,50,pedestrian-pedestrian,841003,11545,844787,11579
train,50,pedestrian-bicycle,53262,3311,53561,3319
train,50,bicycle-bicycle,2521,1189,2565,1209
val,10,vehicle-vehicle,56043,3161,56536,3166
val,10,vehicle-pedestrian,14283,2087,14334,2092
val,10,vehicle-bicycle,1032,492,1034,493
val,10,pedestrian-pedestrian,41154,1940,41679,1951
val,10,pedestrian-bicycle,400,252,404,254
val,10,bicycle-bicycle,465,194,473,199
val,20,vehicle-vehicle,163516,3409,164609,3410
val,20,vehicle-pedestrian,57874,2641,58061,2644
val,20,vehicle-bicycle,4102,800,4117,804
val,20,pedestrian-pedestrian,64553,2070,65213,2081
val,20,pedestrian-bicycle,2235,483,2244,485
val,20,bicycle-bicycle,504,230,512,235
val,30,vehicle-vehicle,276281,3457,277827,3457
val,30,vehicle-pedestrian,122414,2782,122774,2783
val,30,vehicle-bicycle,7822,929,7848,931
val,30,pedestrian-pedestrian,101560,2212,102378,2221
val,30,pedestrian-bicycle,5911,670,5939,672
val,30,bicycle-bicycle,591,274,600,280
val,50,vehicle-vehicle,493722,3516,496084,3516
val,50,vehicle-pedestrian,240274,2859,241012,2859
val,50,vehicle-bicycle,14903,971,14963,971
val,50,pedestrian-pedestrian,147378,2360,148442,2367
val,50,pedestrian-bicycle,10259,840,10332,841
val,50,bicycle-bicycle,706,297,716,303
all,10,vehicle-vehicle,368255,17564,371534,17606
all,10,vehicle-pedestrian,98057,12534,98511,12558
all,10,vehicle-bicycle,6331,2512,6383,2519
all,10,pedestrian-pedestrian,222888,11623,225039,11695
all,10,pedestrian-bicycle,7746,1976,7810,1987
all,10,bicycle-bicycle,1580,885,1622,911
all,20,vehicle-vehicle,1134308,19059,1141624,19074
all,20,vehicle-pedestrian,380851,15536,382170,15543
all,20,vehicle-bicycle,22001,4018,22131,4029
all,20,pedestrian-pedestrian,398848,12456,401730,12517
all,20,pedestrian-bicycle,20753,3042,20869,3052
all,20,bicycle-bicycle,2015,1114,2058,1138
all,30,vehicle-vehicle,1918823,19487,1929496,19498
all,30,vehicle-pedestrian,774635,16301,777058,16307
all,30,vehicle-bicycle,41798,4536,42032,4548
all,30,pedestrian-pedestrian,632890,13140,636481,13193
all,30,pedestrian-bicycle,38614,3699,38817,3713
all,30,bicycle-bicycle,2492,1277,2538,1301
all,50,vehicle-vehicle,3442520,19779,3459286,19785
all,50,vehicle-pedestrian,1526983,16621,1531818,16623
all,50,vehicle-bicycle,78481,4764,78942,4768
all,50,pedestrian-pedestrian,988381,13905,993229,13946
all,50,pedestrian-bicycle,63521,4151,63893,4160
all,50,bicycle-bicycle,3227,1486,3281,1512
