Method,Group,Count,minADE6,minFDE6,MR6
Stage2C Vehicle-only HiVT,vehicle,42332,0.6968370662957291,1.4158230325535786,0.16691864310686952
Stage3A Multi-Type No-Type HiVT,vehicle,42332,0.7177157061032158,1.4753904449729902,0.1710998771614854
Stage2C Vehicle-only HiVT,vehicle.moving,10461,2.273309023365338,4.720427896352283,0.6026192524615237
Stage3A Multi-Type No-Type HiVT,vehicle.moving,10461,2.3457207589636333,4.9235291512822,0.6142816174361916
Stage2C Vehicle-only HiVT,vehicle.stopped,5599,0.35096299659658226,0.8582867073025885,0.08644400785854617
Stage3A Multi-Type No-Type HiVT,vehicle.stopped,5599,0.3583313180128294,0.8842312727946879,0.08983747097696017
Stage2C Vehicle-only HiVT,vehicle.parked,25198,0.11383874329852396,0.15384662279308112,0.0038891975553615368
Stage3A Multi-Type No-Type HiVT,vehicle.parked,25198,0.11515153668984703,0.15663475393943302,0.004881339788872133
Stage2C Vehicle-only HiVT,unknown,1074,0.8229706940647419,1.7430632355582922,0.16759776536312848
Stage3A Multi-Type No-Type HiVT,unknown,1074,0.871388212456394,1.9120078574396926,0.17783985102420857
