epoch,lr,loc_grad_norm,scale_grad_norm,pi_grad_norm
1,0.001,1.7226592633725921,0.0,1.24694039746238
2,0.001,1.7217015209105802,0.0,1.0895488351856988
3,0.001,1.7007470655653456,0.0,0.5347796820141462
4,0.001,1.6844180045306794,0.0,0.616712854579256
5,0.001,1.5236848274808241,0.0,0.47063952597335723
6,0.001,1.6743838659552364,0.0,0.13248244428884676
7,0.001,1.432461237527747,0.0,0.3487881130971817
8,0.001,1.6470757014180264,0.0,0.28834518004140225
9,0.001,1.5490097951878599,0.0,0.3237856089564464
10,0.001,1.5085151360966609,0.0,0.31521398086308106
11,0.001,1.5544264255925204,0.0,0.1927507772176656
12,0.001,1.7579069544124823,0.0,0.12050550487234092
13,0.001,1.7330050663620669,0.0,0.3293157354825757
14,0.001,1.583731438990026,0.0,0.25351718547986585
15,0.001,1.7161389796582018,0.0,0.08268479486266478
16,0.001,1.7696685995783876,0.0,0.10767115288346549
17,0.001,1.6169380070333836,0.0,0.19973788738270268
18,0.001,1.7612556242137105,0.0,0.1783683329859838
19,0.001,1.6626921901947347,0.0,0.1885665106689866
20,0.001,1.7716220623633592,0.0,0.0973812570494623
21,0.001,1.619905875632277,0.0,0.08387819471229614
22,0.001,1.7204555242222195,0.0,0.051799242277147016
23,0.001,1.6291072653612733,0.0,0.11518541838818774
24,0.001,1.6665757101185674,0.0,0.10918791997741495
25,0.001,1.6619576330763544,0.0,0.0920317235908683
26,0.001,1.6127299350058553,0.0,0.10416063778345376
27,0.001,1.6325264041874425,0.0,0.06935898094454548
28,0.001,1.6904114107885824,0.0,0.07659523465426116
29,0.001,1.6191799638827953,0.0,0.04337300885436224
30,0.001,1.6190135616614345,0.0,0.04705802144480422
31,0.001,1.6274594220049328,0.0,0.10430286332897422
32,0.001,1.9611548736760804,0.0,0.03130731564495516
33,0.001,1.8057779001396288,0.0,0.04989485937756311
34,0.001,1.766254013240863,0.0,0.05128683476250604
35,0.001,1.7706117507888732,0.0,0.03972087171144998
36,0.001,1.7834914413243197,0.0,0.026990067684226317
37,0.001,1.6042899503102024,0.0,0.08945583661345646
38,0.001,1.6670100094591658,0.0,0.05177429029472237
39,0.001,1.7817677265341036,0.0,0.05477775818690045
40,0.001,1.6810759124154802,0.0,0.023355948564774777
41,0.001,1.6279780483211415,0.0,0.08385364765839134
42,0.001,1.7750196672543284,0.0,0.025332407980246857
43,0.001,1.7481855791768046,0.0,0.0489692833808178
44,0.001,1.7969403358091507,0.0,0.033395800835537254
45,0.001,1.7284108471725335,0.0,0.04307874947204265
46,0.001,1.8982563856889256,0.0,0.06454765587658569
47,0.001,1.7527833859409996,0.0,0.02068323631637561
48,0.001,1.7378362479627452,0.0,0.05233118098259896
49,0.001,1.7437248409373634,0.0,0.06159189031641184
50,0.001,1.634735651281942,0.0,0.024362724203028558
51,0.001,1.7454863245414014,0.0,0.08973334614690066
52,0.001,1.8848442447608527,0.0,0.04563659735296001
53,0.001,1.7718005417441391,0.0,0.018167671647496088
54,0.001,1.878875362182269,0.0,0.0182082720103345
55,0.001,1.8072802424321726,0.0,0.03955302261618525
56,0.001,1.7659339647385166,0.0,0.0190274141362163
57,0.001,1.8846498714943,0.0,0.08002864297613534
58,0.001,1.8364506820583015,0.0,0.06192350763766754
59,0.001,1.837423857362363,0.0,0.03571067373332697
60,0.001,1.735520854351173,0.0,0.057432212569573086
61,0.001,1.9189210029646826,0.0,0.039422017519621703
62,0.001,1.8733400222632806,0.0,0.07605574738310784
63,0.001,1.9731759439845182,0.0,0.02388100516131951
64,0.001,1.693131334174892,0.0,0.02071660137771589
65,0.001,1.7472422041893783,0.0,0.009942939092988086
66,0.001,1.6947900117189594,0.0,0.03173006128328407
67,0.001,1.775895200576406,0.0,0.03960635833670427
68,0.001,1.9376263385983616,0.0,0.010414987340789156
69,0.001,1.7774591046536647,0.0,0.014276129721516989
70,0.001,1.7633331401326857,0.0,0.08012297504101189
71,0.001,1.7876922872293182,0.0,0.061026589760408395
72,0.001,1.889901882675643,0.0,0.07475190582256641
73,0.001,1.8660591395543071,0.0,0.034611255796325235
74,0.001,1.9735169029309354,0.0,0.008255328863749658
75,0.001,1.9120525502323364,0.0,0.035139910504344646
76,0.001,1.9941260625016417,0.0,0.02709498806072028
77,0.001,2.009126795362325,0.0,0.13143660347003921
78,0.001,2.091233553881058,0.0,0.07335033751108719
79,0.001,1.8605329156776276,0.0,0.015028216166648223
80,0.001,1.8636236836966893,0.0,0.09006741218283819
81,0.001,2.052613874921491,0.0,0.019076101857411914
82,0.001,1.9233403080606695,0.0,0.02620824839582548
83,0.001,1.8744565273231713,0.0,0.008747996570582799
84,0.001,1.8365120198560834,0.0,0.013988427410117615
85,0.001,1.8595678748206546,0.0,0.013409172394109381
86,0.001,1.830634998111761,0.0,0.010940692612174523
87,0.001,1.9707073673480995,0.0,0.0237185477897686
88,0.001,2.103535967263499,0.0,0.05948765863797614
89,0.001,2.1744688475393055,0.0,0.013663528251663329
90,0.001,1.913880289123964,0.0,0.044927492856228074
91,0.001,1.9795302567232969,0.0,0.061475264265374724
92,0.001,1.9883716611396796,0.0,0.0292379564520414
93,0.001,1.9497650954103976,0.0,0.03765768636387675
94,0.001,2.0345796769116515,0.0,0.023337244087730937
95,0.001,1.9154839692750765,0.0,0.012155527680197144
96,0.001,1.9598711092993295,0.0,0.04065004498569885
97,0.001,2.0109393971114957,0.0,0.01610379688028582
98,0.001,1.913661488558407,0.0,0.03293813616196901
99,0.001,1.9929701767966392,0.0,0.0492982282622133
100,0.001,1.9204505773780238,0.0,0.03066682508231119
101,0.001,1.8503511279640013,0.0,0.08298653163623368
102,0.001,1.8982344789951733,0.0,0.0561786045373356
103,0.001,1.942912604812826,0.0,0.06592575023930403
104,0.001,1.9882063211735725,0.0,0.022235188590768926
105,0.001,1.9044261373715559,0.0,0.008287444181802857
106,0.001,1.8725408437185331,0.0,0.013116452466866347
107,0.001,1.9411880520683078,0.0,0.03738625629950285
108,0.001,1.965358026036021,0.0,0.047363754154242474
109,0.001,1.9946078604014579,0.0,0.06448070189327894
110,0.001,2.0472535963185208,0.0,0.01745465813321635
111,0.001,1.8963228588359216,0.0,0.008729137527116548
112,0.001,1.946206433490468,0.0,0.005468569782970371
113,0.001,1.9458247037496073,0.0,0.01795528156108169
114,0.001,2.0294223830593574,0.0,0.02285711307991316
115,0.001,2.0569478044709775,0.0,0.022197852562435488
116,0.001,1.9861098161720934,0.0,0.015189506215570135
117,0.001,1.9983890638647261,0.0,0.0162377704724108
118,0.001,1.9826962506447423,0.0,0.030999841013260938
119,0.001,2.106411615538583,0.0,0.014211237370914004
120,0.001,2.1221485827061217,0.0,0.02508205006511087
121,0.001,2.039812712917356,0.0,0.022916673320318277
122,0.001,2.021918188868185,0.0,0.010014573610030818
123,0.001,2.0581301319540857,0.0,0.008478604460562613
124,0.001,2.1562604264452414,0.0,0.007195178870883091
125,0.001,2.045155954967532,0.0,0.04275705035619873
126,0.001,2.0117949304544194,0.0,0.011142647211514199
127,0.001,2.0318019779471608,0.0,0.012283677212291195
128,0.001,2.0139620274319827,0.0,0.03113797131601081
129,0.001,2.0562142772378875,0.0,0.008727250086689705
130,0.001,2.086579921078764,0.0,0.01937022424540756
131,0.001,2.0092856340305807,0.0,0.0023660781447289968
132,0.001,2.0740635858782066,0.0,0.008777884377505488
133,0.001,2.0985962159854887,0.0,0.005692234326500058
134,0.001,1.9567482945465875,0.0,0.052036048738840844
135,0.001,2.1137422760252615,0.0,0.014711455036012077
136,0.001,2.163032888579178,0.0,0.004682553649308863
137,0.001,2.113738559155174,0.0,0.013509828259800667
138,0.001,2.2397486460304834,0.0,0.0259714407573766
139,0.001,2.0923290615794534,0.0,0.012335807507434104
140,0.001,2.072896304621493,0.0,0.0090276533792703
141,0.001,2.116365023118689,0.0,0.006680245667500715
142,0.001,2.0902131146622605,0.0,0.004176467372529777
143,0.001,2.0791972030028054,0.0,0.009597107162443818
144,0.001,2.066806783798651,0.0,0.004529085455468718
145,0.001,1.999417328818919,0.0,0.044562742399701503
146,0.001,1.9628707989373388,0.0,0.00593410989724013
147,0.001,2.1481283045644437,0.0,0.01024436713582865
148,0.001,2.0933463992565606,0.0,0.004914404689833157
149,0.001,2.1231198363455035,0.0,0.010435098919310298
150,0.001,2.1363792755205786,0.0,0.010531195931895995
151,0.001,2.1096588467873927,0.0,0.006661093112956725
152,0.001,2.146918221092097,0.0,0.0018506703573112182
153,0.001,2.1603104082940994,0.0,0.0054902475953413875
154,0.001,2.093607760060884,0.0,0.007796733325248476
155,0.001,2.0612372313070453,0.0,0.006066339974542925
156,0.001,2.080860689174066,0.0,0.007344371322891775
157,0.001,2.0760886126347993,0.0,0.006275335237170579
158,0.001,2.1780872022645177,0.0,0.02010051430002515
159,0.001,2.113119684481456,0.0,0.00518686735418727
160,0.001,2.1667230221539193,0.0,0.005358097060529294
161,0.001,2.1132085048366642,0.0,0.012015141572690314
162,0.001,2.239021099327774,0.0,0.006807410042811184
163,0.001,2.230430805274083,0.0,0.02754976695100359
164,0.001,2.1599863824704184,0.0,0.023011408149669104
165,0.001,2.2415776140481434,0.0,0.009854451459585422
166,0.001,2.116227558639522,0.0,0.010167985989395865
167,0.001,2.067096504855602,0.0,0.009897748171439886
168,0.001,2.163258776758148,0.0,0.005256035648824485
169,0.001,2.138046022053636,0.0,0.021020844583959145
170,0.001,2.1211052505704,0.0,0.0035167575216429347
171,0.001,2.1755955542136065,0.0,0.007004349312759213
172,0.001,2.2334653611285837,0.0,0.004203596573935028
173,0.001,2.1090731079942144,0.0,0.03516235959245621
174,0.001,2.1897214531074987,0.0,0.007887001955610623
175,0.001,2.1925555097713607,0.0,0.003938077561009556
176,0.001,2.2677648285913437,0.0,0.01389831075773435
177,0.001,2.2501960813980544,0.0,0.0088352575698522
178,0.001,2.3262479750615204,0.0,0.005340398267428764
179,0.001,2.342361910824239,0.0,0.008960282958140678
180,0.001,2.34006330996914,0.0,0.008240726622132155
181,0.001,2.2524543536815473,0.0,0.005190575901335272
182,0.001,2.0878524978741044,0.0,0.00660817301017818
183,0.001,2.2133392895011,0.0,0.007816318929972345
184,0.001,2.108858997429262,0.0,0.02470531801575545
185,0.001,2.334377937528388,0.0,0.015174257703596478
186,0.001,2.283596784305023,0.0,0.005106467703231456
187,0.001,2.185602266039835,0.0,0.006257756635352839
188,0.001,2.1768412109538655,0.0,0.00821539070607228
189,0.001,2.2403585398442516,0.0,0.007288000984758883
190,0.001,2.2202602903837194,0.0,0.01636017802897815
191,0.001,2.3254246838986212,0.0,0.018271880547806405
192,0.001,2.4281358505191664,0.0,0.013948107033136132
193,0.001,2.2806684820979983,0.0,0.0063121885927963535
194,0.001,2.2523940853938877,0.0,0.0062208470031624614
195,0.001,2.343501110465187,0.0,0.04033121652373916
196,0.001,2.3194125224778523,0.0,0.020457787220817647
197,0.001,2.317427703621751,0.0,0.009552233891664123
198,0.001,2.2117186973385454,0.0,0.013876422178416364
199,0.001,2.279292283072888,0.0,0.009987985035365743
200,0.001,2.273107679358523,0.0,0.011448815553708424
201,0.001,2.221068143640878,0.0,0.008754253919596328
202,0.001,2.255202602316442,0.0,0.01531127258743035
203,0.001,2.2403966275833596,0.0,0.010765607888782298
204,0.001,2.2427126086369635,0.0,0.0038411987267115326
205,0.001,2.301708910043863,0.0,0.0031959575660644762
206,0.001,2.403581922690765,0.0,0.006618113442398325
207,0.001,2.3397369710185103,0.0,0.018106339238485206
208,0.001,2.363185538321887,0.0,0.004513483672911697
209,0.001,2.316565077394082,0.0,0.001427064151790568
210,0.001,2.3580679894963863,0.0,0.013840565742727805
211,0.001,2.327612856745632,0.0,0.002734222628273057
212,0.001,2.368947447248269,0.0,0.006862527041487693
213,0.001,2.316774394393746,0.0,0.01593803744923986
214,0.001,2.377765881159132,0.0,0.016198124859704132
215,0.001,2.3545357369219655,0.0,0.006042532121903243
216,0.001,2.3266251113134238,0.0,0.009617517290621056
217,0.001,2.3544233631919385,0.0,0.01498807168324676
218,0.001,2.2270656833940237,0.0,0.009680208592497358
219,0.001,2.366756149321787,0.0,0.008086029100348092
220,0.001,2.3690651309863706,0.0,0.006721845614329185
221,0.001,2.2881332325017354,0.0,0.017646361690469493
222,0.001,2.18671231645806,0.0,0.0047256036814578815
223,0.001,2.2551166959724394,0.0,0.01962451376914059
224,0.001,2.2611923240072738,0.0,0.04759822333152464
225,0.001,2.2961033122759096,0.0,0.027651875422204875
226,0.001,2.3470020855385205,0.0,0.008600669602151835
227,0.001,2.27096353525075,0.0,0.01277679094938703
228,0.001,2.3359043417074457,0.0,0.017235250363555162
229,0.001,2.277155950482142,0.0,0.029591979423588717
230,0.001,2.38468520780378,0.0,0.02309268361789813
231,0.001,2.5157010630867545,0.0,0.02365434595879427
232,0.001,2.45380347424157,0.0,0.01434372285215796
233,0.001,2.5582692675620065,0.0,0.003466955141350229
234,0.001,2.508293628411564,0.0,0.003120809669898021
235,0.001,2.5562523182980588,0.0,0.03495762673444117
236,0.001,2.416365006821054,0.0,0.008281059182920703
237,0.001,2.3839826001583266,0.0,0.01533838210274052
238,0.001,2.4230229314990366,0.0,0.011240926507981
239,0.001,2.4135024109086736,0.0,0.016420900497948875
240,0.001,2.581152510074701,0.0,0.010048486625495026
241,0.001,2.4914360135074434,0.0,0.011555352516563321
242,0.001,2.6105086588960518,0.0,0.0070131395973935294
243,0.001,2.497557347389969,0.0,0.01628026085033695
244,0.001,2.555949116176855,0.0,0.040757165645017725
245,0.001,2.5357444725295615,0.0,0.024043718856174946
246,0.001,2.424073157790968,0.0,0.004607674454832124
247,0.001,2.4580945148550537,0.0,0.011111909999563649
248,0.001,2.4942146626520048,0.0,0.008829316089588578
249,0.001,2.4815995316355717,0.0,0.004059740831891928
250,0.001,2.3586422443889323,0.0,0.011917107693375116
251,0.001,2.373194651508377,0.0,0.010020994119890337
252,0.001,2.4012331705549754,0.0,0.019627511731337983
253,0.001,2.47253906566566,0.0,0.014440124170390764
254,0.001,2.468189659126997,0.0,0.005180260730269855
255,0.001,2.5270705419108297,0.0,0.009001694290653397
256,0.001,2.4937380291454674,0.0,0.019802925960786307
257,0.001,2.5459918394042687,0.0,0.00548997075203316
258,0.001,2.5090809501285443,0.0,0.005582195502399414
259,0.001,2.526827075761025,0.0,0.014507911629112212
260,0.001,2.5242419454697056,0.0,0.014436852193728011
261,0.001,2.594036707071708,0.0,0.005422860587717947
262,0.001,2.6413675135928973,0.0,0.017118635026001788
263,0.001,2.566507472638181,0.0,0.006625307636511813
264,0.001,2.3103365675090526,0.0,0.010622867388016446
265,0.001,2.3802952538681788,0.0,0.006132448385920807
266,0.001,2.4208487326857866,0.0,0.007143665140180599
267,0.001,2.3627963590311234,0.0,0.005303219958030292
268,0.001,2.3560369478668917,0.0,0.01067092631745437
269,0.001,2.314479915392543,0.0,0.010171362339645865
270,0.001,2.477457827685203,0.0,0.0035742107454797257
271,0.001,2.3939256728644116,0.0,0.003256968667641549
272,0.001,2.5829170211256476,0.0,0.01189998370132104
273,0.001,2.651714908917899,0.0,0.01717607160961219
274,0.001,2.5457461463328594,0.0,0.009995756445214435
275,0.001,2.4055725293687305,0.0,0.015397145504596324
276,0.001,2.402041506477287,0.0,0.011397806053679625
277,0.001,2.4735343922455186,0.0,0.010265256620083195
278,0.001,2.3728915276482434,0.0,0.007927134352030695
279,0.001,2.4646005911820548,0.0,0.018546171629117342
280,0.001,2.7578962889130114,0.0,0.016463264520907052
281,0.001,2.6285695146861436,0.0,0.00986480779925275
282,0.001,2.6218472865021383,0.0,0.009779483678794413
283,0.001,2.4850537563957418,0.0,0.004421201610972568
284,0.001,2.516035995084784,0.0,0.006902997309530026
285,0.001,2.543507376346035,0.0,0.002740548793450993
286,0.001,2.5578977555736366,0.0,0.014349581768622213
287,0.001,2.394919576450081,0.0,0.008997800965472588
288,0.001,2.5002967725747802,0.0,0.00430074556135001
289,0.001,2.4639906457086287,0.0,0.011099109955707627
290,0.001,2.6326930215598847,0.0,0.007002378148490682
291,0.001,2.5981029031936203,0.0,0.01673536629981318
292,0.001,2.568605446558313,0.0,0.017224380290417098
293,0.001,2.51127981283534,0.0,0.015509016594027437
294,0.001,2.6054693345011306,0.0,0.006671940871436002
295,0.001,2.490046943213521,0.0,0.005938026563033682
296,0.001,2.487535418149122,0.0,0.014856353288898337
297,0.001,2.5543180895768973,0.0,0.003130817495753357
298,0.001,2.597459823626631,0.0,0.005155993665170432
299,0.001,2.5593589041745974,0.0,0.0076745702095638345
300,0.001,2.482304729284677,0.0,0.010214672223441936
301,0.001,2.7116386492129156,0.0,0.013525775614003794
302,0.001,2.5815986516450655,0.0,0.0042411369615142
303,0.001,2.637412407235606,0.0,0.0057049566815193685
304,0.001,2.6035592180559752,0.0,0.007025210333381889
305,0.001,2.5786216326476974,0.0,0.010397933592857282
306,0.001,2.659078378597191,0.0,0.03970000180498801
307,0.001,2.556078338686567,0.0,0.012614120847298871
308,0.001,2.513182518494304,0.0,0.006899163668364885
309,0.001,2.568957603334685,0.0,0.006590635718419307
310,0.001,2.656542342517128,0.0,0.004889339114461049
311,0.001,2.5389292662393843,0.0,0.01152030140792887
312,0.001,2.5796977670971555,0.0,0.017409023749462234
313,0.001,2.690615067847776,0.0,0.0051677335970405705
314,0.001,2.649190521734482,0.0,0.008184360264876516
315,0.001,2.851612632572824,0.0,0.008866702662912706
316,0.001,2.7079358231579924,0.0,0.02275230287385296
317,0.001,2.5372608825728706,0.0,0.029260897452726062
318,0.001,2.512456906361964,0.0,0.009641574259954216
319,0.001,2.7407725126098295,0.0,0.021307708316765064
320,0.001,2.55007504208852,0.0,0.0031129862193087707
321,0.001,2.5935896115473134,0.0,0.0036436526280183724
322,0.001,2.5408843200307905,0.0,0.013784676846417652
323,0.001,2.5291465363109373,0.0,0.008775887555688098
324,0.001,2.5957141103389847,0.0,0.006454032939260033
325,0.001,2.790247111890474,0.0,0.012158945198631485
326,0.001,2.6348394174194976,0.0,0.02012124056402886
327,0.001,2.675686360091771,0.0,0.02132204522936461
328,0.001,2.7907685647387686,0.0,0.015835106548252813
329,0.001,2.9173361240178917,0.0,0.02801738789514984
330,0.001,2.9513696120256316,0.0,0.008843428266665763
331,0.001,2.634417636033513,0.0,0.0034036488470909026
332,0.001,2.6843848957366503,0.0,0.005414228359850736
333,0.001,2.652500504531108,0.0,0.0034755350546106455
334,0.001,2.5487985930082155,0.0,0.011211601560428738
335,0.001,2.714579839097697,0.0,0.007938612531762717
336,0.001,2.618827080513857,0.0,0.014530282329736015
337,0.001,2.742585344120075,0.0,0.013470963543746125
338,0.001,2.873310256313893,0.0,0.004738600945203931
339,0.001,2.8805946566562,0.0,0.010130685973208198
340,0.001,2.522001623348837,0.0,0.003867534465462489
341,0.001,2.59926006184285,0.0,0.01293431937096264
342,0.001,2.631531798151945,0.0,0.02245614374719068
343,0.001,2.579285782624558,0.0,0.012591230090927781
344,0.001,2.507898671530471,0.0,0.007309264074026288
345,0.001,2.7769366531162056,0.0,0.009920112302832304
346,0.001,2.8789896651932776,0.0,0.008399227887301165
347,0.001,2.8187194580165036,0.0,0.03705789687553406
348,0.001,2.7305411672464572,0.0,0.010526693220965043
349,0.001,2.7261987712828843,0.0,0.011637184426877825
350,0.001,2.7243797288857827,0.0,0.004634365998132831
351,0.001,2.732142609319385,0.0,0.014308139819919602
352,0.001,2.6661334811226594,0.0,0.008212099402632775
353,0.001,2.6886964251854932,0.0,0.010376617178204586
354,0.001,2.6177800322009044,0.0,0.003962387906082492
355,0.001,2.8456498129404424,0.0,0.008998460029804606
356,0.001,2.8045654823551893,0.0,0.009510028204171517
357,0.001,2.900686950466476,0.0,0.01880056886644747
358,0.001,2.7193461234438154,0.0,0.030008455245066377
359,0.001,2.667729230797283,0.0,0.013347363340787328
360,0.001,2.702760344952635,0.0,0.02635571492918874
361,0.001,2.9415385179983944,0.0,0.004356758345736114
362,0.001,2.756118285039503,0.0,0.007003355178844705
363,0.001,2.8692537859786755,0.0,0.009305282642888225
364,0.001,2.8024080763122807,0.0,0.03789904407000213
365,0.001,3.123959592055058,0.0,0.018807781956830603
366,0.001,2.691973408657778,0.0,0.01928015329434587
367,0.001,2.752090880259645,0.0,0.027159095635912397
368,0.001,2.8138812658551275,0.0,0.012469372245602347
369,0.001,2.7551828510208205,0.0,0.022456796854415303
370,0.001,2.8122457968033148,0.0,0.005003734952020346
371,0.001,2.936530597653065,0.0,0.003779400164604508
372,0.001,2.8560881585921694,0.0,0.00826567501446312
373,0.001,3.0536619323809813,0.0,0.0032695400754684197
374,0.001,2.8638249229966877,0.0,0.002685467665338544
375,0.001,2.811446695443586,0.0,0.013352388351190287
376,0.001,2.752557588670489,0.0,0.012872430837126619
377,0.001,2.903203189938567,0.0,0.013325084795137094
378,0.001,2.6828428175402697,0.0,0.016174162059374306
379,0.001,2.6739098957656813,0.0,0.02765549246621463
380,0.001,2.6913620849752156,0.0,0.01940034464075809
381,0.001,2.943559444657275,0.0,0.008736442803147145
382,0.001,2.622058439121035,0.0,0.005391081048925566
383,0.001,2.7875679225323986,0.0,0.007106030024129105
384,0.001,2.585882098102268,0.0,0.002482378702252233
385,0.001,2.747244222494871,0.0,0.005748640219224491
386,0.001,2.773413965807527,0.0,0.0027085779882659636
387,0.001,2.683215867220173,0.0,0.006876373092945615
388,0.001,2.7919966673628718,0.0,0.00916037404584064
389,0.001,2.8647448151289487,0.0,0.010244300074056297
390,0.001,2.7073853313986835,0.0,0.002995046065899876
391,0.001,2.7822472964637144,0.0,0.007271122250859095
392,0.001,2.930252966429663,0.0,0.013495108216983588
393,0.001,2.786977877743005,0.0,0.007954901223540395
394,0.001,2.7585694008658406,0.0,0.016863759535488874
395,0.001,2.9686087545652096,0.0,0.008171696892380302
396,0.001,2.9072875809891436,0.0,0.017973224326030834
397,0.001,2.988218636864386,0.0,0.014429466203548132
398,0.001,2.7540283557971312,0.0,0.008802774351315084
399,0.001,2.901195617068163,0.0,0.011744961817440778
400,0.001,2.815602161318985,0.0,0.016600985219917663
401,0.001,2.909590326541581,0.0,0.0032006110336762193
402,0.001,2.8972185278091906,0.0,0.0140070715405099
403,0.001,2.886915137608738,0.0,0.01188725149310715
404,0.001,2.6696719456950766,0.0,0.0037282209299849675
405,0.001,2.6918703810836804,0.0,0.007582341083796766
406,0.001,2.8611731528012965,0.0,0.011781964933266418
407,0.001,3.017223318260454,0.0,0.00396945554698052
408,0.001,2.7621513688234116,0.0,0.02000877157653106
409,0.001,2.8691712721854383,0.0,0.002955993371254263
410,0.001,3.0418158398665884,0.0,0.006335567647230588
411,0.001,3.0674554905005915,0.0,0.007628955887335889
412,0.001,3.1141382873366465,0.0,0.00827068882079422
413,0.001,3.0521977486357774,0.0,0.014283950622138638
414,0.001,2.8173157852692445,0.0,0.007724187109691972
415,0.001,2.895894632185463,0.0,0.0053706566198720145
416,0.001,2.9983817482093036,0.0,0.012919874300112459
417,0.001,2.9469843847362367,0.0,0.00926419656193092
418,0.001,2.795835544862244,0.0,0.003979093765780166
419,0.001,2.8532050058020073,0.0,0.016627041253165817
420,0.001,2.754946091455919,0.0,0.0031020146935709808
421,0.001,2.88853498222812,0.0,0.008923720629193558
422,0.001,3.081438203735549,0.0,0.004935685783427954
423,0.001,2.870139461943075,0.0,0.023419645060831523
424,0.001,3.185075141754181,0.0,0.005160782362053068
425,0.001,2.8553681615717883,0.0,0.011150102102660563
426,0.001,2.859672631203708,0.0,0.013094319502211882
427,0.001,2.8954984543209714,0.0,0.018094193075602845
428,0.001,3.0329299167253287,0.0,0.007826233275186606
429,0.001,3.09324233962028,0.0,0.011116824184044315
430,0.001,2.867160573363563,0.0,0.003959221225288715
431,0.001,2.9834196763311196,0.0,0.00745508318439563
432,0.001,3.4668265174646145,0.0,0.007791186242566795
433,0.001,3.111736948251456,0.0,0.017767371132766226
434,0.001,2.784410164689635,0.0,0.014519138247136711
435,0.001,2.872975663680349,0.0,0.0075994308957030516
436,0.001,2.94064231918881,0.0,0.008311379376700631
437,0.001,2.886673897298903,0.0,0.014023544795531669
438,0.001,2.953487336588504,0.0,0.011442032805900787
439,0.001,3.09610424364625,0.0,0.006195346581878694
440,0.001,3.0978008655659837,0.0,0.004528976254392133
441,0.001,3.172438024850379,0.0,0.014015251482471455
442,0.001,3.128603226627746,0.0,0.007815965587343151
443,0.001,2.7943707643250364,0.0,0.021238860825289956
444,0.001,2.998971799099066,0.0,0.01577575700899116
445,0.001,2.898740262426753,0.0,0.005733277521918772
446,0.001,2.923670564796333,0.0,0.007207472270771
447,0.001,2.8758167275227944,0.0,0.003929961049755754
448,0.001,2.945027666428424,0.0,0.013824942798626203
449,0.001,3.03401159725348,0.0,0.0031126503505996455
450,0.001,2.8782671876287265,0.0,0.00649818087750626
451,0.001,2.888876493361296,0.0,0.0020050299733914553
452,0.001,2.8181223618019775,0.0,0.005793400900315865
453,0.001,3.1862599689963487,0.0,0.015697380094897035
454,0.001,2.999741464189989,0.0,0.012763711085339711
455,0.001,3.029990546950819,0.0,0.019120746751528774
456,0.001,3.0485941534028966,0.0,0.004015105829225048
457,0.001,3.096171186128856,0.0,0.011135305947833716
458,0.001,3.0482433070961776,0.0,0.0038998007507474197
459,0.001,2.762041290869278,0.0,0.018680040332904702
460,0.001,2.9073124913972617,0.0,0.023310862375273224
461,0.001,2.7946571497553565,0.0,0.0209466531851469
462,0.001,2.936974309941337,0.0,0.019974804788284586
463,0.001,2.9902137033923757,0.0,0.001957673660593942
464,0.001,3.0681521371872362,0.0,0.021874681157844165
465,0.001,3.1384004781127026,0.0,0.005889356981011538
466,0.001,3.22387570929865,0.0,0.004086362387549887
467,0.001,3.0935146434880276,0.0,0.019855592935063806
468,0.001,3.172010459374474,0.0,0.03350365706074509
469,0.001,3.059801188108687,0.0,0.02878316793292166
470,0.001,3.0436853503414185,0.0,0.01137231460072816
471,0.001,2.966838099958282,0.0,0.011073313805413687
472,0.001,3.014624674946408,0.0,0.007114567551908687
473,0.001,2.9642663808858067,0.0,0.022587049010700955
474,0.001,2.972266776262173,0.0,0.021663650178627508
475,0.001,3.046879071014841,0.0,0.026617449005863457
476,0.001,3.015370124558914,0.0,0.003719663154530931
477,0.001,2.9499878313126544,0.0,0.008156871670140169
478,0.001,2.8851827714208125,0.0,0.012293108796401123
479,0.001,2.883064329586317,0.0,0.009019589417011602
480,0.001,3.0174657269061558,0.0,0.0018473462513717521
481,0.001,3.154618554677253,0.0,0.016049368238409675
482,0.001,3.0712401927557926,0.0,0.0029747080235571137
483,0.001,2.959738627885403,0.0,0.021001633786905012
484,0.001,2.8587847361049565,0.0,0.03089286946051567
485,0.001,2.89690611959759,0.0,0.012569435839241982
486,0.001,3.1651005908871195,0.0,0.005834317377509594
487,0.001,3.0744678397901715,0.0,0.011865889274690464
488,0.001,2.836598618605209,0.0,0.0054041265574797485
489,0.001,2.8775490435245556,0.0,0.016492320198520864
490,0.001,2.95508886199493,0.0,0.011118263622585866
491,0.001,3.1589142899482763,0.0,0.013685018577759497
492,0.001,2.9879639123652066,0.0,0.006743099610090797
493,0.001,2.9852208347704696,0.0,0.02754420469681682
494,0.001,2.899683136238246,0.0,0.031427867106238655
495,0.001,3.1243281535545115,0.0,0.036596531765218966
496,0.001,3.029544508611934,0.0,0.03254080688221802
497,0.001,2.8963228488520367,0.0,0.007726919459463048
498,0.001,2.979392382699848,0.0,0.007626308816431836
499,0.001,3.1662362416620504,0.0,0.01309185928312723
500,0.001,3.0709076880321082,0.0,0.017529972894576848
501,0.001,3.0378611442064805,0.0,0.026957553701872812
502,0.001,2.9168469594732014,0.0,0.02586444817641101
503,0.001,2.9001622515978625,0.0,0.04507305316277911
504,0.001,3.2832122415025857,0.0,0.003349207121871632
505,0.001,2.8580691410906094,0.0,0.009433047465398296
506,0.001,2.9441639929572196,0.0,0.0035400530236581883
507,0.001,2.99154696614373,0.0,0.0015176781413728207
508,0.001,2.97055297132756,0.0,0.005695767247200703
509,0.001,3.0577581658286963,0.0,0.00482071278459028
510,0.001,3.1113050473973174,0.0,0.018101714862297152
511,0.001,3.4917405256830016,0.0,0.030832626446577548
512,0.001,3.138921846787147,0.0,0.017050399727648283
513,0.001,2.9948214704500216,0.0,0.013081918907002863
514,0.001,3.0157400141993245,0.0,0.008598531666098534
515,0.001,3.2177517181649975,0.0,0.020047837173437298
516,0.001,3.1141316996307316,0.0,0.01567786958513733
517,0.001,3.1865373543460715,0.0,0.003954468255844637
518,0.001,3.165205772006235,0.0,0.011553661128732802
519,0.001,3.309015271335404,0.0,0.018612601393261655
520,0.001,3.13474457819444,0.0,0.005429338728632691
521,0.001,3.0132390933116633,0.0,0.013391833772712506
522,0.001,3.0322310138888247,0.0,0.010109114774113078
523,0.001,3.1713770326560535,0.0,0.013721290192619192
524,0.001,3.004778203704691,0.0,0.007283011787853494
525,0.001,3.043781771904462,0.0,0.007925139732137577
526,0.001,3.040341201021466,0.0,0.03169925230229758
527,0.001,2.895608908620281,0.0,0.009638016352381337
528,0.001,2.9863051884807343,0.0,0.010115364135233687
529,0.001,3.3144990713428104,0.0,0.006939870414688352
530,0.001,3.2276707355913112,0.0,0.006451444851742016
531,0.001,2.9049070551825293,0.0,0.002418119502922677
532,0.001,3.0340676498727177,0.0,0.022084119195835698
533,0.001,2.9355210964710197,0.0,0.037628700183729824
534,0.001,2.97507555768872,0.0,0.034385761792360026
535,0.001,2.9370367654174485,0.0,0.014862874209753582
536,0.001,3.1163178071954127,0.0,0.003910554523897741
537,0.001,3.0221505017990404,0.0,0.0045300795492999365
538,0.001,3.3292194798119255,0.0,0.009531114990032348
539,0.001,3.1629863602268977,0.0,0.021517334568456174
540,0.001,3.2224834644687834,0.0,0.01978121994674493
541,0.001,3.191701982075946,0.0,0.002490796309064609
542,0.001,3.206043623326212,0.0,0.014028853257029683
543,0.001,3.0476693006984696,0.0,0.005529426507905054
544,0.001,3.2995973096543847,0.0,0.025265579988434754
545,0.001,3.2777142607888403,0.0,0.012429549903264139
546,0.001,3.2079457292330216,0.0,0.02022333541778992
547,0.001,2.9260209561172243,0.0,0.01604548210526336
548,0.001,3.0155785518224434,0.0,0.009597646669882415
549,0.001,3.1859105856660745,0.0,0.008196188692743665
550,0.001,2.9446283800733273,0.0,0.0024658098029370374
551,0.001,3.129246497473263,0.0,0.003954807508191075
552,0.001,3.3012938940248513,0.0,0.0014604730583245404
553,0.001,3.429883391167314,0.0,0.006488779412777429
554,0.001,3.0056679776777675,0.0,0.007169291408443346
555,0.001,2.9035246324163295,0.0,0.013019986548526355
556,0.001,2.9341683499399505,0.0,0.0034241643104983717
557,0.001,3.0187935609215155,0.0,0.00317948081162411
558,0.001,3.095136297695099,0.0,0.009337400637074002
559,0.001,3.052677202971194,0.0,0.00727960532565891
560,0.001,2.9856396630649407,0.0,0.011083495420990413
561,0.001,3.2738474309209837,0.0,0.0037130276816939155
562,0.001,3.123267517025691,0.0,0.014799131085660397
563,0.001,3.124373447174869,0.0,0.008006985669912854
564,0.001,2.8588373199271713,0.0,0.00512323442482097
565,0.001,2.97179860166145,0.0,0.007329841067773445
566,0.001,3.523273565184257,0.0,0.010318207948490959
567,0.001,3.0449122739832237,0.0,0.004577206288329848
568,0.001,3.356830194876939,0.0,0.009671086476555337
569,0.001,3.2747541108799085,0.0,0.016407388073891936
570,0.001,3.3134998312728072,0.0,0.026630139805074424
571,0.001,3.156497014208042,0.0,0.014709297574925914
572,0.001,3.1731757680997275,0.0,0.016798250449959504
573,0.001,3.087913963112412,0.0,0.01238743249071235
574,0.001,2.9386509636680933,0.0,0.0052926343049595126
575,0.001,3.0380142852647807,0.0,0.00550715853684017
576,0.001,3.342477354748508,0.0,0.0011225164362200551
577,0.001,3.1208442020659573,0.0,0.003685019479396062
578,0.001,3.41471964164723,0.0,0.026518097512465866
579,0.001,3.2208735924237155,0.0,0.024470169344453275
580,0.001,3.1174971730193124,0.0,0.010268827880807999
