ActorGroup,SemanticGroup,Edges,mean_bias_head0,mean_bias_head1,mean_bias_head2,mean_bias_head3,mean_bias_head4,mean_bias_head5,mean_bias_head6,mean_bias_head7,mean_abs_bias_head0,mean_abs_bias_head1,mean_abs_bias_head2,mean_abs_bias_head3,mean_abs_bias_head4,mean_abs_bias_head5,mean_abs_bias_head6,mean_abs_bias_head7,mean_bias,mean_abs_bias
Overall,ordinary lane,11058260,-0.09361397130319822,0.09549405892094778,0.7522266864563076,0.4339955234005546,0.9126844364202357,0.8265184788149744,0.006185776681454751,0.2596000232956886,0.2444338524493715,0.41426387796136827,0.8506009811449612,0.48449479998732026,0.96991613112467,0.9434068724740012,0.3660680593631988,0.5091308501923809,0.39913637658587064,0.5977894280871591
Overall,connector,15749325,0.013326975635135258,0.0705499765318638,2.012572309464468,1.379283998718676,3.405234676260516,3.26558346514662,-0.6657574739915854,0.7208603409693113,0.412695292058183,0.5805893374740255,2.1107350617565057,1.3985465142556233,3.407535503112839,3.271054643695832,0.8347264929025104,0.9051983583064076,1.2752067835918754,1.6151351504452405
Overall,turn_left,3542494,-0.4839350266879568,-0.6576962925128664,0.9313414010227697,1.0536317102387283,3.15717034736202,3.049859977632442,-1.4595304404484422,-0.012510181999177842,0.5093048251107553,0.6650393185137021,1.2449725503489268,1.1127826905320524,3.1635021039052975,3.0648941922067703,1.4595304683779826,0.5008138749040553,0.6972914368259396,1.4651050029874426
Overall,turn_straight,8935040,0.32371825413223076,0.5147264230743392,2.6923309753357523,1.586447448964878,3.562100583267362,3.381710784937333,-0.1470826336035321,1.2038316498694694,0.36430120821455136,0.5954551911958067,2.692332454266448,1.5864514611800882,3.562100583267362,3.381710784937333,0.44486238087085556,1.2055316362879331,1.639722935747229,1.7290932125275476
Overall,turn_right,3266648,-0.29495739126458465,-0.3533459392920543,1.32963891566738,1.1679410998849158,3.2496014609439117,3.1862790796072065,-1.2229628383130584,0.19721327966473473,0.43951210778075045,0.4480677281040593,1.4610203419033765,1.196109030927842,3.2535781636094447,3.195953630810537,1.2231079233652746,0.5226472607586782,0.9074259583623066,1.4674995234074955
Overall,turn_unknown,5143,-0.9110982238423516,-0.7475586501775907,-0.4206104937337097,0.01634822741488399,0.5979577060225694,0.47663249660898294,-1.1033786824768026,-0.6084534770462516,0.9110982238423516,0.7577041408494181,0.7014071000602307,0.3622669162735381,0.7565757291552295,0.730453387338863,1.1033786824768026,0.6523365562399782,-0.3375201371537837,0.7469025920295514
Overall,traffic_light_controlled,8978039,0.3252353578496386,0.3024526454184047,2.451087552653832,1.5964759304248877,3.704534512832961,3.622114086370609,-0.33892627330679415,1.0216706675071379,0.3566527084959982,0.5089860723670416,2.4510875578254434,1.5964759304248877,3.704534512832961,3.622114086370609,0.6566372466957834,1.0336231508034235,1.5855805599688346,1.7412639082270185
Overall,stop_sign_controlled,1751472,-0.7579569251281699,-0.7669055404985113,-0.1763731666667142,0.1897605208521408,1.0316275337555307,0.9320048970102149,-1.1331635690254032,-0.5094277819578098,0.7639145012881343,0.8013047205033179,0.6744181062994742,0.44996079569318875,1.223411035950397,1.186587065853732,1.1426969393908666,0.6109454472755889,-0.1488042539573403,0.8566548265318374
Overall,other_control,10880159,0.03981947607756177,-0.09182443649903425,1.8888129969069687,1.481231198175442,3.7066579284948267,3.6355569538884143,-0.90376817828156,0.5319389267064099,0.4248613421462384,0.5077918627636954,1.9946140638725878,1.4978091072725888,3.713823893886516,3.645041660900336,0.9418465618406461,0.7791403563120443,1.2860531081836286,1.6881161061243313
Overall,crosswalk_intersects,10586942,0.1946617297390104,0.03080626832791944,2.403172985965751,1.7656973870809636,4.365016035131525,4.29645937023464,-0.8936589117008146,0.7982830805391554,0.42253828449859826,0.5107011138396195,2.411269214610246,1.7656997387575273,4.365016035131525,4.29645937023464,0.9398182134146039,0.9163807327607464,1.6200547431647687,1.9534853379059385
Vehicle,ordinary lane,7853562,-0.1295096834200757,0.2518239544724796,0.9429993532116029,0.4526594724594946,0.9180494402077933,0.8227347455715094,0.07992808643589087,0.4362069437187378,0.29769076440230163,0.46224410720620684,1.0550983702774004,0.5184559931617764,0.9923712990961485,0.9789024957388357,0.4422621724887917,0.6172944759027109,0.4718615390821791,0.6705399597842715
Vehicle,connector,11198690,-0.019547406021791988,0.17039714696189764,2.2096997359084467,1.4481364672565016,3.5164918967028114,3.3601183639417838,-0.6457646919626889,0.8537809239277852,0.43434122741769277,0.7004467826286845,2.3125228989536204,1.4711798964307934,3.5195177628535363,3.3675264947354244,0.8817000865766418,1.0516242061746703,1.361664054589343,1.7173574194713828
Vehicle,turn_left,2541236,-0.5396361834700724,-0.7202581701688322,0.9800617383097194,1.1075275170248418,3.313761332352629,3.1926075019918985,-1.5812193129220504,-0.025772254433461546,0.557274762821202,0.7303297342870874,1.3028399537528799,1.1769906717670464,3.3221458165451403,3.212908528752822,1.5812193518559512,0.5163070593545191,0.7158840210855839,1.550001984892081
Vehicle,turn_straight,6373237,0.31200837602969383,0.7275295639672399,3.0067999436993227,1.6819830026754206,3.674967911201014,3.4747138730719995,-0.032017954301889875,1.4435107322339675,0.36723461506011684,0.7564270266092521,3.0067999436993227,1.6819830026754206,3.674967911201014,3.4747138730719995,0.4465158465932708,1.4449214627172613,1.786186931072096,1.856695460203457
Vehicle,turn_right,2279524,-0.36483383324022084,-0.3924672506702987,1.3573468611783224,1.1770065185854848,3.3054479150644314,3.232429112373873,-1.3178802143271817,0.18853439396293295,0.4838705549803131,0.510499680615615,1.5002851165216526,1.2120413867926727,3.3106254831915627,3.2456436136463376,1.3180881269421187,0.5495969191436806,0.8981979378659181,1.5163313602292443
Vehicle,turn_unknown,4693,-0.941464211529007,-0.747709677183666,-0.4217420110321032,0.011008726276541453,0.5889040882148098,0.4645307753286699,-1.1228569439167206,-0.6144062830275133,0.941464211529007,0.7588279935112193,0.7284653380431033,0.36709810199917325,0.754340509396668,0.7306478426603399,1.1228569439167206,0.6624972006267752,-0.3479669421086236,0.7582747677103758
Vehicle,traffic_light_controlled,6371931,0.33565987571407996,0.4393992535261323,2.702908627591859,1.6845889703587658,3.8103352275863527,3.709510531470464,-0.2504495850983768,1.205029753730749,0.3755961355338184,0.6329324634659378,2.702908627591859,1.6845889703587658,3.8103352275863527,3.709510531470464,0.69680385222155,1.2061774633603237,1.7046228318600032,1.852356658948634
Vehicle,stop_sign_controlled,1264301,-0.8404717809199247,-0.8077178856788181,-0.1494335120152541,0.18966981026930135,1.0915397049573516,0.9818548387661071,-1.2422922799330478,-0.5233752844132344,0.8460368573896608,0.8553370028159833,0.7417063531430452,0.5088208463283251,1.3425573379171925,1.3153639048653218,1.2554583660903442,0.6590656802056779,-0.16252829862093984,0.940543293594444
Vehicle,other_control,7734925,0.01099425595281658,-0.06316985076392174,2.006085370166336,1.541509119748639,3.8185537833511107,3.7370499425760295,-0.9414165162724346,0.5849441488935234,0.4429155048612478,0.5950013789274691,2.114371898451906,1.561091428275591,3.8281627188517486,3.749696179964073,0.9948327780526791,0.8544895831165705,1.3368187817065122,1.7675701838126605
Vehicle,crosswalk_intersects,7786241,0.17266593211867767,0.06619406484247425,2.5175574383751194,1.8231106489750348,4.46250270768793,4.380132003076353,-0.91351685757949,0.8587450101096376,0.4350257307101381,0.6102781665527968,2.52763174989856,1.8231106533140313,4.46250270768793,4.380132003076353,0.9762557628867047,1.0018883470291104,1.6709238684507173,2.0271031401444533
Pedestrian,ordinary lane,3019447,0.0016909337082213196,-0.2961019173787548,0.28448982586073523,0.40481158898850406,0.9281844876625062,0.8634550811353316,-0.18086266122850225,-0.18824380191393675,0.10929180452736673,0.30181289246292814,0.3442712961757371,0.4090390972481778,0.9321119128366568,0.8689105252823303,0.18086877652010583,0.24640004577276886,0.22717794210426306,0.4240882938532589
Pedestrian,connector,4334529,0.0961649590436499,-0.18241874811208916,1.5197556551182423,1.2165373152544108,3.1447308723271603,3.046457062884683,-0.7224800436492319,0.3804168205734689,0.35763997658394947,0.27852367838051884,1.603861499962858,1.2241418005057696,3.1447761313401883,3.0465373062096823,0.7224907136711411,0.5321799115054601,1.0623954866800367,1.363768877269946
Pedestrian,turn_left,948709,-0.3410549539747303,-0.4951840871756034,0.8057075855040191,0.923284242313471,2.7672501572661843,2.6958108619728747,-1.1501007292849044,0.014685766871958623,0.3851606923884034,0.4956113726107905,1.0899988740840143,0.9497998306643066,2.7674568584042363,2.6961717265779632,1.1501007292849044,0.459005061931265,0.6525498554366588,1.2491631432432355
Pedestrian,turn_straight,2437851,0.35365587189480785,-0.03140088932954365,1.8926384673749501,1.3524182066640962,3.2916571070707414,3.160479402092678,-0.4467311642624899,0.5862508272982044,0.35650574116557654,0.1861219761123855,1.8926408782043729,1.3524182066640962,3.2916571070707414,3.160479402092678,0.44675013569240746,0.5887643991895494,1.2698709786004305,1.4094172307739758
Pedestrian,turn_right,947779,-0.12839119189043974,-0.25769916085055217,1.275718582792773,1.1607392330270336,3.1450488680871085,3.1045545587234593,-1.0036898842625446,0.21724497598945702,0.3329947379443131,0.2988240239451315,1.3757273658960523,1.1689756304818772,3.1450489496193024,3.104560321164525,1.0036898842625446,0.4598856663753488,0.9391907477020368,1.3612133224611367
Pedestrian,turn_unknown,190,-0.4323021419738468,-0.6379539503862983,-0.14179326923269975,0.36765914743668154,1.216803006749404,1.089333124537217,-0.8398841829676377,-0.5114211468320143,0.4323021419738468,0.6379539503862983,0.16040550595835634,0.36765914743668154,1.216803006749404,1.089333124537217,0.8398841829676377,0.5114211468320143,0.013805073416350703,0.6569702758551821
Pedestrian,traffic_light_controlled,2462099,0.30196259420726684,-0.03758480563600584,1.8345204191872304,1.3931342382972058,3.471937700812073,3.4348364300742977,-0.5654424533537432,0.5618624981135115,0.3112400487610492,0.2009683177898991,1.8345204191872304,1.3931342382972058,3.471937700812073,3.4348364300742977,0.5654685157319744,0.6023251533157843,1.2994033277127295,1.476803852996189
Pedestrian,stop_sign_controlled,467096,-0.5327377953685044,-0.6534823988987342,-0.23219452507675772,0.20741901762072973,0.9051806537878228,0.8314697078796217,-0.8461751023658824,-0.4717142341924828,0.5400119609807433,0.6534823988987342,0.4932879478896154,0.2955634986527465,0.9309886861072932,0.8674799530595889,0.8461751023658824,0.48452281201751535,-0.0990293345767734,0.6389390449965149
Pedestrian,other_control,2994863,0.11077001044874775,-0.16412288105463643,1.598652299345993,1.3403316263853988,3.4447227034696746,3.3991726920607235,-0.8153490177255267,0.3935759781637702,0.3785438233279038,0.28838219175846386,1.696001592167843,1.347750006618495,3.445368486492038,3.400245234353908,0.8153490177255267,0.5871485532577622,1.1634691763867682,1.4948486132127428
Pedestrian,crosswalk_intersects,2668408,0.25342545662228455,-0.07186742986043163,2.0759211024125923,1.6084379695857955,4.096945731694547,4.067362730661662,-0.8432258076743364,0.6180409397675092,0.38571068493933813,0.22730327108535167,2.0783274162243375,1.6084379695857955,4.096945731694547,4.067362730661662,0.8432258076743364,0.6674425865365854,1.4756300866512029,1.7468445248002442
Bicycle,ordinary lane,185251,-0.12524083905542152,-0.14927240019275045,0.28832470615212225,0.11842833137155494,0.4326008034080191,0.38488885496739167,-0.07131424748987454,0.07200209036277244,0.18936149775803685,0.21304545356287177,0.4338837915024209,0.27460745297720013,0.6341272803905779,0.6528318904216655,0.1544860841828746,0.20593139945532182,0.11880216244047674,0.34478435628137116
Bicycle,connector,216106,0.055372859284312466,-0.029665824791962194,1.6819898207910924,1.0756032505665925,2.864880270388119,2.7618617706153636,-0.564082115804328,0.6612873020284266,0.39526283611536084,0.42819184164279744,1.8205937347542627,1.1327674931002798,2.8748501757030613,2.775087649803688,0.6516983778728858,0.7991466842659707,1.0634059166347019,1.3596998491572883
Bicycle,turn_left,52549,-0.3697906290274115,-0.5662063704662866,0.8434245318385655,0.8005317748258245,2.6240706745241535,2.538612088141519,-1.1611157859146892,0.13784499977445022,0.43078236765856825,0.5664544189211641,1.2444053212667476,0.9501853547231426,2.641714345433228,2.5638563246411454,1.1611157859146892,0.5063812323503267,0.6059214104620156,1.2581118938636267
Bicycle,turn_straight,123952,0.3370006294747988,0.3141016926647514,2.2514015486077645,1.277115583796816,3.0778056014318618,2.9508861551218066,-0.16996246936971576,1.0266536296254696,0.3667932220311822,0.3694139035155226,2.251460741375973,1.2774048030380611,3.0778056014318618,2.9508861551218066,0.3227183743215337,1.0272249248558183,1.383125296419194,1.4554634657114698
Bicycle,turn_right,39345,-0.2589406002760866,-0.3908104157522721,1.023211984384546,0.8162048861525706,2.5325959817878596,2.4811495176875438,-1.0058034654784829,0.21749812245454408,0.4354145419419599,0.4260805522772159,1.240760980111384,0.9266536889746899,2.562790917028047,2.518641423139745,1.0058034654784829,0.4731296113146142,0.6768882513700278,1.1986593975332673
Bicycle,turn_unknown,260,-0.7128815905405925,-0.824928354873107,-0.6039376551715228,-0.1440009878231929,0.30914240307532825,0.24732579915569378,-0.9443497362045141,-0.5719135703948828,0.7128815905405925,0.824928354873107,0.6083532232361344,0.27112353730660216,0.46060151217075496,0.46468519929509894,0.9443497362045141,0.5719135703948828,-0.4056929615970988,0.6073545905027109
Bicycle,traffic_light_controlled,144009,0.26187500919526274,0.05657586450285122,1.850172393809929,1.174260417414997,2.9998669165057996,2.9569613005581052,-0.38102150343221836,0.7698932675944953,0.29488055628491366,0.2908910487605137,1.8501727162267694,1.174260417414997,2.9998669165057996,2.9569613005581052,0.43809258922892536,0.7724880477981729,1.2110729582686528,1.3472016990972748
Bicycle,stop_sign_controlled,20075,-0.8015604091555363,-0.8356680274166974,-0.5741763590750834,-0.2153965265215241,0.20053482554945748,0.13171864496673902,-0.9378772175210212,-0.5085314434819657,0.8016033693282386,0.8378749108908333,0.6511341561145552,0.3354670960841652,0.5236611579624869,0.501205726800229,0.9404443590394725,0.5219316801403743,-0.4426195640819539,0.6391653070450444
Bicycle,other_control,150371,0.10947243811745998,-0.1258545022034633,1.6354298674893533,1.186824110008687,3.1676847800836185,3.122810639808607,-0.7281771514628813,0.561111153635795,0.41865687999887263,0.39169792658355873,1.7817111385322402,1.2312845884362944,3.1790461179952425,3.137210393748114,0.7356791893245392,0.7270593641630285,1.116162666934647,1.4502931998477364
Bicycle,crosswalk_intersects,132293,0.303956872596102,0.018994649527965167,2.271772465726219,1.5585722483063684,4.034433278987203,3.9928002302919023,-0.7421569113891278,0.8752970979957865,0.4304056365666754,0.366250086904921,2.2782146706928867,1.5587601893078333,4.034433278987203,3.9928002302919023,0.7435599577047645,0.9049337844052522,1.5392087415053022,1.7886697293576796
