Group,Comparison,FoldInitializationPairs,NegativePairs,PositivePairs,EqualPairs,UnweightedMeanPairDelta
Overall,G-C-NG-C,9,9,0,0,-0.0417560973536
Overall,G-C-Matched-NG-C,9,8,1,0,-0.0304432112852
Overall,NG-C-NG-A,9,9,0,0,-0.0766933721632
Vehicle,G-C-NG-C,9,9,0,0,-0.054862275073
Vehicle,G-C-Matched-NG-C,9,8,1,0,-0.038133958235
Vehicle,NG-C-NG-A,9,9,0,0,-0.101326888743
Pedestrian,G-C-NG-C,9,7,2,0,-0.00568759178153
Pedestrian,G-C-Matched-NG-C,9,9,0,0,-0.00966086443707
Pedestrian,NG-C-NG-A,9,7,2,0,-0.0113244175997
Bicycle,G-C-NG-C,9,0,0,9,0
Bicycle,G-C-Matched-NG-C,9,0,0,9,0
Bicycle,NG-C-NG-A,9,0,0,9,0
MovingVehicle,G-C-NG-C,9,9,0,0,-0.240039252491
MovingVehicle,G-C-Matched-NG-C,9,8,1,0,-0.164014762968
MovingVehicle,NG-C-NG-A,9,9,0,0,-0.408298014669
