Epoch,TrainLoss,InnerDevLoss,DevSelectionScore,Selected,PatienceCount,GradientNorm,OptimizerTargets,CarryTargets,Seconds,OrderSHA256,InnerDevOverallTop1FDE,InnerDevVehicleTop1FDE,InnerDevPedestrianTop1FDE,InnerDevBicycleTop1FDE
1,0.219853712773,0.136458158782,0.994446531508,1,0,0.207605612561,148480,420,16.926742498,264a733da655000beab5482ff5673bc15bf9191e8774925aebe2b756511db892,1.94438989562,2.08862411332,1.37419693964,2.34192307339
2,0.165161187086,0.133636549152,0.999410279971,0,1,0.0558696736806,148480,840,17.232993531,73be2470c6ed02c54becd5b1c4ee329807c13d4c859725ebf01461eaa17d2459,1.96008644959,2.10851714465,1.37503272755,2.34192307339
3,0.160039671593,0.130513632242,0.994279964459,1,0,0.0837708959637,149504,236,16.994248343,97ea3eb1b0a2e070d1797d75f8e80c1e208dd0eea06b58df52608d1e67f3dfd7,1.94213491805,2.08529351011,1.37586316017,2.34192307339
4,0.157841292192,0.130895785914,0.996592329468,0,1,0.104743677763,148480,656,17.10117493,504e309680b7928e253e48a42648eae94643492a34f437061d1d1a2400ed945b,1.94028678507,2.08044549166,1.38523275497,2.34192307339
5,0.15704886711,0.129330617452,0.992964227762,1,0,0.115849590975,149504,52,17.273757122,71eb89c94805324ad580c054bd5303288122f0f4ed250bdef72c382a0461d659,1.93261710096,2.07176567637,1.38089341483,2.34192307339
6,0.156148629588,0.129149357219,0.993342946793,0,1,0.12433747436,148480,472,17.740976903,0dbf420d83bd8615ec823459b193345b856a5fd524ea0982156ad4982d37e00c,1.93099496499,2.06893853425,1.38372146849,2.34192307339
7,0.15500585565,0.131510253113,0.996698698868,0,2,0.144135873379,148480,892,17.019013253,618661ca8e9a572e9d02c6ddec9537d77bd1d9fa023bd35e5fe8bba4373cfbdf,1.939676899,2.079413709,1.38617830868,2.34192307339
8,0.154755231526,0.127490952625,0.990005331004,1,0,0.157763652452,149504,288,17.376097144,318754128f9eacf76381e8eb57fae2909c7d1aeba09bc2c641dff411f55309b3,1.91784844008,2.05156819951,1.38570070021,2.34192307339
9,0.154072354876,0.127307684664,0.987946722576,1,0,0.155694757967,148480,708,17.362535472,037f4b74f9f208df112fa4a628dd96cdb006016a2251ee19e313e712a311a4ce,1.91404607902,2.04748988839,1.38269986833,2.34192307339
10,0.153505858281,0.127741276277,0.991803249595,0,1,0.170509523776,149504,104,17.28310562,fa6d4b306b365a81b8fb725ed9a8e6f6cfe3e2b8396c824ed9f06e1bf4955c2f,1.91899777561,2.05178397467,1.39045033913,2.34192307339
11,0.153053632961,0.126478383097,0.988957009927,0,2,0.168217580688,148480,524,16.975525067,36955e38002f4faf83d7d2b668a6a26d32043f15bc0c381699a3ffcd0dfc538c,1.91545935059,2.04879367674,1.3846164432,2.34192307339
12,0.152714332692,0.126902583709,0.986811722781,1,0,0.178910992166,148480,944,17.192826716,4f0a44516cd49786355340d84dad66b6711036c7a27d2fb57c7c9ef1c407c97c,1.91032887319,2.04274385466,1.38263430684,2.34192307339
13,0.152591134488,0.12822443575,0.99210915333,0,1,0.180321402337,149504,340,17.250077839,9878bc529fea82eb7ba2d4eaf07870b4da04697c4b7a07da6362167996b06b3a,1.92926130559,2.06733439825,1.38138846673,2.34192307339
14,0.152409634064,0.125730078263,0.988057037929,0,2,0.183225180003,148480,760,17.009284791,c5f361246e4c4493ee1f42619db44f23c7ff57688a8a1ef30a1a8e939cecf9f1,1.90923950196,2.03998802663,1.38777248216,2.34192307339
15,0.151860745975,0.12706028311,0.991080830191,0,3,0.192398279191,149504,156,17.182396624,8297571f3446093266268d2ad5fbf72a601ec262e4292b62844d9418d814911b,1.90806875348,2.03556839017,1.39880326408,2.34192307339
16,0.15183646971,0.129731131409,0.993631004405,0,4,0.197324299144,148480,576,17.266473813,531fb6188d5c3d46fcc5e5caa70bee9068ec9d6c38abbf9386b6a8ad995bbd56,1.92973391881,2.06674621783,1.3858992126,2.34192307339
17,0.152309255811,0.12680858376,0.990272206569,0,5,0.18562703703,148480,996,17.025767863,c8ebca1869ecda4b36bed0185212b957107a30eb8a2be7b25cf5b08563788ea5,1.90695207284,2.03454717497,1.39725505472,2.34192307339
