Update,Loss,MicroLoss,MacroLoss
10,1.511035680770874,1.511035680770874,1.5182044506072998
20,1.4996652603149414,1.4996652603149414,1.5090440511703491
30,1.4713670015335083,1.4713670015335083,1.491323709487915
40,1.4213972091674805,1.4213972091674805,1.4654107093811035
50,1.374828815460205,1.374828815460205,1.4411499500274658
60,1.3425626754760742,1.3425626754760742,1.4216432571411133
70,1.324351191520691,1.324351191520691,1.4101996421813965
80,1.31748366355896,1.31748366355896,1.4046761989593506
90,1.3126462697982788,1.3126462697982788,1.4001941680908203
100,1.3082489967346191,1.3082489967346191,1.3960474729537964
110,1.3050869703292847,1.3050869703292847,1.3929269313812256
120,1.3020060062408447,1.3020060062408447,1.3903412818908691
130,1.2998640537261963,1.2998640537261963,1.3884642124176025
140,1.2988762855529785,1.2988762855529785,1.3876006603240967
150,1.2982450723648071,1.2982450723648071,1.3870229721069336
160,1.2977943420410156,1.2977943420410156,1.386652946472168
170,1.297450065612793,1.297450065612793,1.386364459991455
180,1.297159194946289,1.297159194946289,1.3861322402954102
190,1.2969021797180176,1.2969021797180176,1.385929822921753
200,1.2966656684875488,1.2966656684875488,1.385745882987976
210,1.2964519262313843,1.2964519262313843,1.385586142539978
220,1.296335220336914,1.296335220336914,1.3855018615722656
230,1.2961117029190063,1.2961117029190063,1.3853471279144287
240,1.2959723472595215,1.2959723472595215,1.3852486610412598
250,1.2958412170410156,1.2958412170410156,1.3851646184921265
260,1.2957239151000977,1.2957239151000977,1.385093092918396
270,1.295619010925293,1.295619010925293,1.385032057762146
280,1.2957477569580078,1.2957477569580078,1.3850970268249512
290,1.2954657077789307,1.2954657077789307,1.3849424123764038
300,1.2954463958740234,1.2954463958740234,1.3849319219589233
