Scope,Group,Outcome,Count,Mean,Median,P90,P95,P99,PopulationCount,ModeSwitches,TotalModeSwitches,MeanImprovementMagnitude,MeanWorseningMagnitude,GrossGain,GrossHarm,HarmP90,HarmP95,HarmP99
Pooled,Overall,Improved,77808,-1.09044145456,-0.0649245757377,-0.0530441500247,-0.0270795710385,-0.00629099309444,260151,77808,110401,1.09044145456,1.44749648957,84845.0686967,47178.2530847,5.25498719215,6.50034520626,12.2928578854
Pooled,Overall,Worsened,32593,1.44749648957,0.178568959236,5.25498719215,6.50034520626,12.2928578854,260151,32593,110401,1.09044145456,1.44749648957,84845.0686967,47178.2530847,5.25498719215,6.50034520626,12.2928578854
Pooled,Overall,Unchanged,149750,0,0,0,0,0,260151,0,110401,1.09044145456,1.44749648957,84845.0686967,47178.2530847,5.25498719215,6.50034520626,12.2928578854
Pooled,Overall,HighCostWorsened,3603,7.62537396287,6.32879066467,11.9728522778,14.6848516822,19.5081678438,260151,3603,110401,1.09044145456,1.44749648957,84845.0686967,47178.2530847,5.25498719215,6.50034520626,12.2928578854
Pooled,Vehicle,Improved,68003,-1.19061460489,-0.0643696892075,-0.0532065689564,-0.0276782780886,-0.00653847046196,191026,68003,92261,1.19061460489,1.82491430836,80965.364976,44268.7712923,5.88366863728,7.1931954287,13.4654326892
Pooled,Vehicle,Worsened,24258,1.82491430836,0.151831038296,5.88366863728,7.1931954287,13.4654326892,191026,24258,92261,1.19061460489,1.82491430836,80965.364976,44268.7712923,5.88366863728,7.1931954287,13.4654326892
Pooled,Vehicle,Unchanged,98765,0,0,0,0,0,191026,0,92261,1.19061460489,1.82491430836,80965.364976,44268.7712923,5.88366863728,7.1931954287,13.4654326892
Pooled,Vehicle,HighCostWorsened,3599,7.62802732299,6.33058547974,11.9796070158,14.6857861876,19.5110319185,191026,3599,92261,1.19061460489,1.82491430836,80965.364976,44268.7712923,5.88366863728,7.1931954287,13.4654326892
Pooled,Pedestrian,Improved,9805,-0.39568625402,-0.3351316154,-0.0507979869843,-0.0239539206028,-0.00541645050049,66145,9805,18140,0.39568625402,0.349068001485,3879.70372067,2909.48179238,0.599162220955,0.987674713135,2.08956008077
Pooled,Pedestrian,Worsened,8335,0.349068001485,0.268507301807,0.599162220955,0.987674713135,2.08956008077,66145,8335,18140,0.39568625402,0.349068001485,3879.70372067,2909.48179238,0.599162220955,0.987674713135,2.08956008077
Pooled,Pedestrian,Unchanged,48005,0,0,0,0,0,66145,0,18140,0.39568625402,0.349068001485,3879.70372067,2909.48179238,0.599162220955,0.987674713135,2.08956008077
Pooled,Pedestrian,HighCostWorsened,4,5.23801319301,5.20727220178,5.43104338646,5.46036422253,5.48382089138,66145,4,18140,0.39568625402,0.349068001485,3879.70372067,2909.48179238,0.599162220955,0.987674713135,2.08956008077
Pooled,Bicycle,Improved,0,,,,,,2980,0,0,0,0,-0,0,,,
Pooled,Bicycle,Worsened,0,,,,,,2980,0,0,0,0,-0,0,,,
Pooled,Bicycle,Unchanged,2980,0,0,0,0,0,2980,0,0,0,0,-0,0,,,
Pooled,Bicycle,HighCostWorsened,0,,,,,,2980,0,0,0,0,-0,0,,,
Pooled,MovingVehicle,Improved,14113,-5.25885358227,-4.61312294006,-0.491014325619,-0.143170338869,-0.0465288925171,41728,14113,23541,5.25885358227,4.1990173249,74218.2006066,39588.3353392,7.63816998005,10.3233611584,16.0816290021
Pooled,MovingVehicle,Worsened,9428,4.1990173249,3.9830442667,7.63816998005,10.3233611584,16.0816290021,41728,9428,23541,5.25885358227,4.1990173249,74218.2006066,39588.3353392,7.63816998005,10.3233611584,16.0816290021
Pooled,MovingVehicle,Unchanged,18187,0,0,0,0,0,41728,0,23541,5.25885358227,4.1990173249,74218.2006066,39588.3353392,7.63816998005,10.3233611584,16.0816290021
Pooled,MovingVehicle,HighCostWorsened,3354,7.51217947052,6.29327273369,11.6131895423,14.1804395437,19.2660777473,41728,3354,23541,5.25885358227,4.1990173249,74218.2006066,39588.3353392,7.63816998005,10.3233611584,16.0816290021
Pooled,StoppedVehicle,Improved,7897,-0.161351134303,-0.0637562286574,-0.0475323645398,-0.0260150015354,-0.00571950674057,23044,7897,10407,0.161351134303,0.45203240103,1274.18990759,1134.60132659,0.346610912681,2.1173856616,9.56335407346
Pooled,StoppedVehicle,Worsened,2510,0.45203240103,0.0756196975708,0.346610912681,2.1173856616,9.56335407346,23044,2510,10407,0.161351134303,0.45203240103,1274.18990759,1134.60132659,0.346610912681,2.1173856616,9.56335407346
Pooled,StoppedVehicle,Unchanged,12637,0,0,0,0,0,23044,0,10407,0.161351134303,0.45203240103,1274.18990759,1134.60132659,0.346610912681,2.1173856616,9.56335407346
Pooled,StoppedVehicle,HighCostWorsened,68,9.1347049063,7.60564027727,13.8971603647,15.955795382,24.5529235506,23044,68,10407,0.161351134303,0.45203240103,1274.18990759,1134.60132659,0.346610912681,2.1173856616,9.56335407346
Pooled,ParkedVehicle,Improved,44372,-0.0799225000718,-0.0632597699878,-0.0439718298614,-0.0218733526766,-0.00523946426809,121939,44372,56188,0.0799225000718,0.221723831961,3546.32117319,2619.88879845,0.211649101228,0.29708125256,4.71561291814
Pooled,ParkedVehicle,Worsened,11816,0.221723831961,0.0722746350802,0.211649101228,0.29708125256,4.71561291814,121939,11816,56188,0.0799225000718,0.221723831961,3546.32117319,2619.88879845,0.211649101228,0.29708125256,4.71561291814
Pooled,ParkedVehicle,Unchanged,65751,0,0,0,0,0,121939,0,56188,0.0799225000718,0.221723831961,3546.32117319,2619.88879845,0.211649101228,0.29708125256,4.71561291814
Pooled,ParkedVehicle,HighCostWorsened,106,9.65012956933,7.78329533339,16.0206968337,19.1376457028,22.9134297252,121939,106,56188,0.0799225000718,0.221723831961,3546.32117319,2619.88879845,0.211649101228,0.29708125256,4.71561291814
Pooled,Vehicle>5m,Improved,13650,-5.50470795438,-4.80420172215,-0.812972640991,-0.316979050636,-0.0662832593918,38241,13650,21908,5.50470795438,4.29994497577,75139.2635772,35508.9456099,7.61600797176,10.4614736319,16.6923631495
Pooled,Vehicle>5m,Worsened,8258,4.29994497577,4.09344363213,7.61600797176,10.4614736319,16.6923631495,38241,8258,21908,5.50470795438,4.29994497577,75139.2635772,35508.9456099,7.61600797176,10.4614736319,16.6923631495
Pooled,Vehicle>5m,Unchanged,16333,0,0,0,0,0,38241,0,21908,5.50470795438,4.29994497577,75139.2635772,35508.9456099,7.61600797176,10.4614736319,16.6923631495
Pooled,Vehicle>5m,HighCostWorsened,2991,7.5486842075,6.26761049032,11.901884079,14.6887307763,19.5164928675,38241,2991,21908,5.50470795438,4.29994497577,75139.2635772,35508.9456099,7.61600797176,10.4614736319,16.6923631495
Pooled,Pedestrian<5m,Improved,2052,-0.463367831442,-0.319306075573,-0.0269544713199,-0.0127926208079,-0.00262806102633,24005,2052,3897,0.463367831442,0.39865446265,950.830790118,735.51748359,1.40889246464,1.7543725729,2.93477021217
Pooled,Pedestrian<5m,Worsened,1845,0.39865446265,0.105651974678,1.40889246464,1.7543725729,2.93477021217,24005,1845,3897,0.463367831442,0.39865446265,950.830790118,735.51748359,1.40889246464,1.7543725729,2.93477021217
Pooled,Pedestrian<5m,Unchanged,20108,0,0,0,0,0,24005,0,3897,0.463367831442,0.39865446265,950.830790118,735.51748359,1.40889246464,1.7543725729,2.93477021217
Pooled,Pedestrian<5m,HighCostWorsened,3,5.15412257115,5.12033158541,5.2594365716,5.27682469487,5.29073519349,24005,3,3897,0.463367831442,0.39865446265,950.830790118,735.51748359,1.40889246464,1.7543725729,2.93477021217
Pooled,Pedestrian>5m,Improved,7753,-0.37777285316,-0.335607990623,-0.0644231319427,-0.0298716545105,-0.00677449226379,42140,7753,14243,0.37777285316,0.334971388103,2928.87293055,2173.96430879,0.546290653944,0.717213976383,1.43514135212
Pooled,Pedestrian>5m,Worsened,6490,0.334971388103,0.311452820897,0.546290653944,0.717213976383,1.43514135212,42140,6490,14243,0.37777285316,0.334971388103,2928.87293055,2173.96430879,0.546290653944,0.717213976383,1.43514135212
Pooled,Pedestrian>5m,Unchanged,27897,0,0,0,0,0,42140,0,14243,0.37777285316,0.334971388103,2928.87293055,2173.96430879,0.546290653944,0.717213976383,1.43514135212
Pooled,Pedestrian>5m,HighCostWorsened,1,5.48968505859,5.48968505859,5.48968505859,5.48968505859,5.48968505859,42140,1,14243,0.37777285316,0.334971388103,2928.87293055,2173.96430879,0.546290653944,0.717213976383,1.43514135212
Pooled,Pedestrian5-8m,Improved,4157,-0.36781000913,-0.317636966705,-0.0590871453285,-0.0270666360855,-0.00614052772522,22483,4157,7733,0.36781000913,0.32906785215,1528.98620795,1176.74663929,0.549103461206,0.722807347775,1.45355954021
Pooled,Pedestrian5-8m,Worsened,3576,0.32906785215,0.29291972518,0.549103461206,0.722807347775,1.45355954021,22483,3576,7733,0.36781000913,0.32906785215,1528.98620795,1176.74663929,0.549103461206,0.722807347775,1.45355954021
Pooled,Pedestrian5-8m,Unchanged,14750,0,0,0,0,0,22483,0,7733,0.36781000913,0.32906785215,1528.98620795,1176.74663929,0.549103461206,0.722807347775,1.45355954021
Pooled,Pedestrian5-8m,HighCostWorsened,0,,,,,,22483,0,7733,0.36781000913,0.32906785215,1528.98620795,1176.74663929,0.549103461206,0.722807347775,1.45355954021
Pooled,Pedestrian_RecentSpeed_0,Improved,1174,-0.267131000203,-0.0927445627749,-0.0148205008358,-0.00809419825673,-0.00178033947945,20921,1174,2592,0.267131000203,0.172623980374,313.611794238,244.78080417,0.170378950611,0.945497360826,1.7931840308
Pooled,Pedestrian_RecentSpeed_0,Worsened,1418,0.172623980374,0.0792410969734,0.170378950611,0.945497360826,1.7931840308,20921,1418,2592,0.267131000203,0.172623980374,313.611794238,244.78080417,0.170378950611,0.945497360826,1.7931840308
Pooled,Pedestrian_RecentSpeed_0,Unchanged,18329,0,0,0,0,0,20921,0,2592,0.267131000203,0.172623980374,313.611794238,244.78080417,0.170378950611,0.945497360826,1.7931840308
Pooled,Pedestrian_RecentSpeed_0,HighCostWorsened,0,,,,,,20921,0,2592,0.267131000203,0.172623980374,313.611794238,244.78080417,0.170378950611,0.945497360826,1.7931840308
Pooled,Pedestrian_RecentSpeed_1,Improved,6237,-0.419944894624,-0.374368548393,-0.0718329787254,-0.0331457138062,-0.00701329231262,34192,6237,11376,0.419944894624,0.406701997755,2619.19630777,2090.04156646,0.639113283157,1.09697412252,2.42580157042
Pooled,Pedestrian_RecentSpeed_1,Worsened,5139,0.406701997755,0.34822511673,0.639113283157,1.09697412252,2.42580157042,34192,5139,11376,0.419944894624,0.406701997755,2619.19630777,2090.04156646,0.639113283157,1.09697412252,2.42580157042
Pooled,Pedestrian_RecentSpeed_1,Unchanged,22816,0,0,0,0,0,34192,0,11376,0.419944894624,0.406701997755,2619.19630777,2090.04156646,0.639113283157,1.09697412252,2.42580157042
Pooled,Pedestrian_RecentSpeed_1,HighCostWorsened,4,5.23801319301,5.20727220178,5.43104338646,5.46036422253,5.48382089138,34192,4,11376,0.419944894624,0.406701997755,2619.19630777,2090.04156646,0.639113283157,1.09697412252,2.42580157042
Pooled,Pedestrian_RecentSpeed_2,Improved,2178,-0.350368163768,-0.342986419797,-0.0668563604355,-0.0327500402927,-0.00826492547989,10748,2178,3926,0.350368163768,0.315487277422,763.101860687,551.471760933,0.545975160599,0.698427191377,1.2864833039
Pooled,Pedestrian_RecentSpeed_2,Worsened,1748,0.315487277422,0.295474946499,0.545975160599,0.698427191377,1.2864833039,10748,1748,3926,0.350368163768,0.315487277422,763.101860687,551.471760933,0.545975160599,0.698427191377,1.2864833039
Pooled,Pedestrian_RecentSpeed_2,Unchanged,6822,0,0,0,0,0,10748,0,3926,0.350368163768,0.315487277422,763.101860687,551.471760933,0.545975160599,0.698427191377,1.2864833039
Pooled,Pedestrian_RecentSpeed_2,HighCostWorsened,0,,,,,,10748,0,3926,0.350368163768,0.315487277422,763.101860687,551.471760933,0.545975160599,0.698427191377,1.2864833039
Pooled,Pedestrian_RecentSpeed_3,Improved,216,-0.850897027663,-0.738844513893,-0.419615030289,-0.268293738365,-0.151082277298,284,216,246,0.850897027663,0.772922027111,183.793757975,23.1876608133,1.7711684227,2.10723929405,2.7587960434
Pooled,Pedestrian_RecentSpeed_3,Worsened,30,0.772922027111,0.616717219353,1.7711684227,2.10723929405,2.7587960434,284,30,246,0.850897027663,0.772922027111,183.793757975,23.1876608133,1.7711684227,2.10723929405,2.7587960434
Pooled,Pedestrian_RecentSpeed_3,Unchanged,38,0,0,0,0,0,284,0,246,0.850897027663,0.772922027111,183.793757975,23.1876608133,1.7711684227,2.10723929405,2.7587960434
Pooled,Pedestrian_RecentSpeed_3,HighCostWorsened,0,,,,,,284,0,246,0.850897027663,0.772922027111,183.793757975,23.1876608133,1.7711684227,2.10723929405,2.7587960434
Pooled,Pedestrian_HistoryDisp_0,Improved,1073,-0.156272010962,-0.0858042486943,-0.0131016373634,-0.00746161192656,-0.00167073905468,19845,1073,2439,0.156272010962,0.133471322283,167.679867762,182.321826239,0.153064269572,0.300682634115,1.54724210985
Pooled,Pedestrian_HistoryDisp_0,Worsened,1366,0.133471322283,0.0779564273544,0.153064269572,0.300682634115,1.54724210985,19845,1366,2439,0.156272010962,0.133471322283,167.679867762,182.321826239,0.153064269572,0.300682634115,1.54724210985
Pooled,Pedestrian_HistoryDisp_0,Unchanged,17406,0,0,0,0,0,19845,0,2439,0.156272010962,0.133471322283,167.679867762,182.321826239,0.153064269572,0.300682634115,1.54724210985
Pooled,Pedestrian_HistoryDisp_0,HighCostWorsened,0,,,,,,19845,0,2439,0.156272010962,0.133471322283,167.679867762,182.321826239,0.153064269572,0.300682634115,1.54724210985
Pooled,Pedestrian_HistoryDisp_1,Improved,1784,-0.679576201553,-0.51106538251,-0.108345729113,-0.051078993082,-0.0128921186924,10485,1784,3273,0.679576201553,0.667975816818,1212.36394357,994.615991241,1.63491978645,1.95783834457,3.21778289795
Pooled,Pedestrian_HistoryDisp_1,Worsened,1489,0.667975816818,0.471644163132,1.63491978645,1.95783834457,3.21778289795,10485,1489,3273,0.679576201553,0.667975816818,1212.36394357,994.615991241,1.63491978645,1.95783834457,3.21778289795
Pooled,Pedestrian_HistoryDisp_1,Unchanged,7212,0,0,0,0,0,10485,0,3273,0.679576201553,0.667975816818,1212.36394357,994.615991241,1.63491978645,1.95783834457,3.21778289795
Pooled,Pedestrian_HistoryDisp_1,HighCostWorsened,4,5.23801319301,5.20727220178,5.43104338646,5.46036422253,5.48382089138,10485,4,3273,0.679576201553,0.667975816818,1212.36394357,994.615991241,1.63491978645,1.95783834457,3.21778289795
Pooled,Pedestrian_HistoryDisp_2,Improved,6632,-0.339005533911,-0.33333311975,-0.0639988422394,-0.029831649363,-0.00666931629181,35365,6632,12051,0.339005533911,0.314140025127,2248.2847009,1702.32479616,0.521218633652,0.583956462145,1.11013421118
Pooled,Pedestrian_HistoryDisp_2,Worsened,5419,0.314140025127,0.305328369141,0.521218633652,0.583956462145,1.11013421118,35365,5419,12051,0.339005533911,0.314140025127,2248.2847009,1702.32479616,0.521218633652,0.583956462145,1.11013421118
Pooled,Pedestrian_HistoryDisp_2,Unchanged,23314,0,0,0,0,0,35365,0,12051,0.339005533911,0.314140025127,2248.2847009,1702.32479616,0.521218633652,0.583956462145,1.11013421118
Pooled,Pedestrian_HistoryDisp_2,HighCostWorsened,0,,,,,,35365,0,12051,0.339005533911,0.314140025127,2248.2847009,1702.32479616,0.521218633652,0.583956462145,1.11013421118
Pooled,Pedestrian_HistoryDisp_3,Improved,316,-0.795491165941,-0.703051269054,-0.426287412643,-0.268293738365,-0.151082277298,450,316,377,0.795491165941,0.495396372725,251.375208437,30.2191787362,1.01647901535,1.18791627884,1.34471988678
Pooled,Pedestrian_HistoryDisp_3,Worsened,61,0.495396372725,0.507837057114,1.01647901535,1.18791627884,1.34471988678,450,61,377,0.795491165941,0.495396372725,251.375208437,30.2191787362,1.01647901535,1.18791627884,1.34471988678
Pooled,Pedestrian_HistoryDisp_3,Unchanged,73,0,0,0,0,0,450,0,377,0.795491165941,0.495396372725,251.375208437,30.2191787362,1.01647901535,1.18791627884,1.34471988678
Pooled,Pedestrian_HistoryDisp_3,HighCostWorsened,0,,,,,,450,0,377,0.795491165941,0.495396372725,251.375208437,30.2191787362,1.01647901535,1.18791627884,1.34471988678
Pooled,Pedestrian_HistoryHeading_0,Improved,1166,-0.379568093129,-0.325207442045,-0.0574554223567,-0.0241017341614,-0.00366485640407,8234,1166,2294,0.379568093129,0.392170942134,442.576396588,442.368822727,0.620736968517,1.25030044019,2.28212961078
Pooled,Pedestrian_HistoryHeading_0,Worsened,1128,0.392170942134,0.337116144598,0.620736968517,1.25030044019,2.28212961078,8234,1128,2294,0.379568093129,0.392170942134,442.576396588,442.368822727,0.620736968517,1.25030044019,2.28212961078
Pooled,Pedestrian_HistoryHeading_0,Unchanged,5940,0,0,0,0,0,8234,0,2294,0.379568093129,0.392170942134,442.576396588,442.368822727,0.620736968517,1.25030044019,2.28212961078
Pooled,Pedestrian_HistoryHeading_0,HighCostWorsened,0,,,,,,8234,0,2294,0.379568093129,0.392170942134,442.576396588,442.368822727,0.620736968517,1.25030044019,2.28212961078
Pooled,Pedestrian_HistoryHeading_1,Improved,656,-0.452956777831,-0.321959227324,-0.0518016833812,-0.0255189938471,-0.0074348628521,4757,656,1191,0.452956777831,0.40078179564,297.139646257,214.418260667,0.692787468433,1.46747232676,2.6222667408
Pooled,Pedestrian_HistoryHeading_1,Worsened,535,0.40078179564,0.291386127472,0.692787468433,1.46747232676,2.6222667408,4757,535,1191,0.452956777831,0.40078179564,297.139646257,214.418260667,0.692787468433,1.46747232676,2.6222667408
Pooled,Pedestrian_HistoryHeading_1,Unchanged,3566,0,0,0,0,0,4757,0,1191,0.452956777831,0.40078179564,297.139646257,214.418260667,0.692787468433,1.46747232676,2.6222667408
Pooled,Pedestrian_HistoryHeading_1,HighCostWorsened,0,,,,,,4757,0,1191,0.452956777831,0.40078179564,297.139646257,214.418260667,0.692787468433,1.46747232676,2.6222667408
Pooled,Pedestrian_HistoryHeading_2,Improved,589,-0.44202492795,-0.361419081688,-0.029215040803,-0.0102277413011,-0.00227163627744,4818,589,1055,0.44202492795,0.418337141619,260.352682563,194.945107995,0.73949110508,1.47400513291,3.23686463237
Pooled,Pedestrian_HistoryHeading_2,Worsened,466,0.418337141619,0.251827254891,0.73949110508,1.47400513291,3.23686463237,4818,466,1055,0.44202492795,0.418337141619,260.352682563,194.945107995,0.73949110508,1.47400513291,3.23686463237
Pooled,Pedestrian_HistoryHeading_2,Unchanged,3763,0,0,0,0,0,4818,0,1055,0.44202492795,0.418337141619,260.352682563,194.945107995,0.73949110508,1.47400513291,3.23686463237
Pooled,Pedestrian_HistoryHeading_2,HighCostWorsened,2,5.305008322,5.305008322,5.45274971128,5.47121738493,5.48599152386,4818,2,1055,0.44202492795,0.418337141619,260.352682563,194.945107995,0.73949110508,1.47400513291,3.23686463237
Pooled,Pedestrian_HistoryHeading_3,Improved,2038,-0.3963138387,-0.360632818192,-0.0592030197382,-0.0246943831444,-0.00586932122707,11577,2038,3777,0.3963138387,0.332822150081,807.687603272,578.777718991,0.539969217777,0.778344702721,1.47869964302
Pooled,Pedestrian_HistoryHeading_3,Worsened,1739,0.332822150081,0.297903418541,0.539969217777,0.778344702721,1.47869964302,11577,1739,3777,0.3963138387,0.332822150081,807.687603272,578.777718991,0.539969217777,0.778344702721,1.47869964302
Pooled,Pedestrian_HistoryHeading_3,Unchanged,7800,0,0,0,0,0,11577,0,3777,0.3963138387,0.332822150081,807.687603272,578.777718991,0.539969217777,0.778344702721,1.47869964302
Pooled,Pedestrian_HistoryHeading_3,HighCostWorsened,0,,,,,,11577,0,3777,0.3963138387,0.332822150081,807.687603272,578.777718991,0.539969217777,0.778344702721,1.47869964302
Pooled,Pedestrian_HistoryHeading_4,Improved,2313,-0.404912780814,-0.3642141819,-0.0616521179676,-0.0328847408295,-0.0078202444315,11356,2313,4191,0.404912780814,0.345472228078,936.563262022,648.796844331,0.551351630688,0.789936518669,2.02887822807
Pooled,Pedestrian_HistoryHeading_4,Worsened,1878,0.345472228078,0.293080106378,0.551351630688,0.789936518669,2.02887822807,11356,1878,4191,0.404912780814,0.345472228078,936.563262022,648.796844331,0.551351630688,0.789936518669,2.02887822807
Pooled,Pedestrian_HistoryHeading_4,Unchanged,7165,0,0,0,0,0,11356,0,4191,0.404912780814,0.345472228078,936.563262022,648.796844331,0.551351630688,0.789936518669,2.02887822807
Pooled,Pedestrian_HistoryHeading_4,HighCostWorsened,1,5.29421281815,5.29421281815,5.29421281815,5.29421281815,5.29421281815,11356,1,4191,0.404912780814,0.345472228078,936.563262022,648.796844331,0.551351630688,0.789936518669,2.02887822807
Pooled,Pedestrian_HistoryHeading_5,Improved,931,-0.404240544914,-0.314919471741,-0.040209274739,-0.0192954987288,-0.0064628213644,5826,931,1707,0.404240544914,0.332240318471,376.347947315,257.818487134,0.742775440216,1.16120968759,1.87292134762
Pooled,Pedestrian_HistoryHeading_5,Worsened,776,0.332240318471,0.182381123304,0.742775440216,1.16120968759,1.87292134762,5826,776,1707,0.404240544914,0.332240318471,376.347947315,257.818487134,0.742775440216,1.16120968759,1.87292134762
Pooled,Pedestrian_HistoryHeading_5,Unchanged,4119,0,0,0,0,0,5826,0,1707,0.404240544914,0.332240318471,376.347947315,257.818487134,0.742775440216,1.16120968759,1.87292134762
Pooled,Pedestrian_HistoryHeading_5,HighCostWorsened,0,,,,,,5826,0,1707,0.404240544914,0.332240318471,376.347947315,257.818487134,0.742775440216,1.16120968759,1.87292134762
Pooled,Pedestrian_HistoryHeading_6,Improved,636,-0.354670603459,-0.257059499621,-0.0419683121145,-0.0263677947223,-0.00346045810729,5112,636,1235,0.354670603459,0.310247561511,225.5705038,185.838289345,0.648227500916,1.06470830441,1.77968646765
Pooled,Pedestrian_HistoryHeading_6,Worsened,599,0.310247561511,0.161644846201,0.648227500916,1.06470830441,1.77968646765,5112,599,1235,0.354670603459,0.310247561511,225.5705038,185.838289345,0.648227500916,1.06470830441,1.77968646765
Pooled,Pedestrian_HistoryHeading_6,Unchanged,3877,0,0,0,0,0,5112,0,1235,0.354670603459,0.310247561511,225.5705038,185.838289345,0.648227500916,1.06470830441,1.77968646765
Pooled,Pedestrian_HistoryHeading_6,HighCostWorsened,0,,,,,,5112,0,1235,0.354670603459,0.310247561511,225.5705038,185.838289345,0.648227500916,1.06470830441,1.77968646765
Pooled,Pedestrian_HistoryHeading_7,Improved,1369,-0.384834488731,-0.325064659119,-0.0605320200324,-0.0232330292463,-0.00572383403778,9018,1369,2386,0.384834488731,0.367012829977,526.838415073,373.252048086,0.589449036121,1.09433104098,1.85678204536
Pooled,Pedestrian_HistoryHeading_7,Worsened,1017,0.367012829977,0.295415639877,0.589449036121,1.09433104098,1.85678204536,9018,1017,2386,0.384834488731,0.367012829977,526.838415073,373.252048086,0.589449036121,1.09433104098,1.85678204536
Pooled,Pedestrian_HistoryHeading_7,Unchanged,6632,0,0,0,0,0,9018,0,2386,0.384834488731,0.367012829977,526.838415073,373.252048086,0.589449036121,1.09433104098,1.85678204536
Pooled,Pedestrian_HistoryHeading_7,HighCostWorsened,1,5.0478233099,5.0478233099,5.0478233099,5.0478233099,5.0478233099,9018,1,2386,0.384834488731,0.367012829977,526.838415073,373.252048086,0.589449036121,1.09433104098,1.85678204536
Pooled,Pedestrian_HistoryHeading_Missing,Improved,107,-0.0619370446793,-0.0623702406883,-0.0129042118788,-0.00622846484184,-0.00214806161821,5447,107,304,0.0619370446793,0.067341183265,6.62726378068,13.2662131032,0.0996238548309,0.110864585638,0.135257651806
Pooled,Pedestrian_HistoryHeading_Missing,Worsened,197,0.067341183265,0.070280845277,0.0996238548309,0.110864585638,0.135257651806,5447,197,304,0.0619370446793,0.067341183265,6.62726378068,13.2662131032,0.0996238548309,0.110864585638,0.135257651806
Pooled,Pedestrian_HistoryHeading_Missing,Unchanged,5143,0,0,0,0,0,5447,0,304,0.0619370446793,0.067341183265,6.62726378068,13.2662131032,0.0996238548309,0.110864585638,0.135257651806
Pooled,Pedestrian_HistoryHeading_Missing,HighCostWorsened,0,,,,,,5447,0,304,0.0619370446793,0.067341183265,6.62726378068,13.2662131032,0.0996238548309,0.110864585638,0.135257651806
Fold1,Overall,Improved,24651,-1.12138125279,-0.0649325381964,-0.0525134224445,-0.0255122259259,-0.00600062310696,82673,24651,35745,1.12138125279,1.58194243026,27643.1692626,17550.0693213,5.40468970537,6.78274954259,12.6984561777
Fold1,Overall,Worsened,11094,1.58194243026,0.183463856578,5.40468970537,6.78274954259,12.6984561777,82673,11094,35745,1.12138125279,1.58194243026,27643.1692626,17550.0693213,5.40468970537,6.78274954259,12.6984561777
Fold1,Overall,Unchanged,46928,0,0,0,0,0,82673,0,35745,1.12138125279,1.58194243026,27643.1692626,17550.0693213,5.40468970537,6.78274954259,12.6984561777
Fold1,Overall,HighCostWorsened,1341,7.66715310021,6.33824777603,12.0926756859,14.5776796341,19.7816174507,82673,1341,35745,1.12138125279,1.58194243026,27643.1692626,17550.0693213,5.40468970537,6.78274954259,12.6984561777
Fold1,Vehicle,Improved,21680,-1.22116916774,-0.0643797010998,-0.0530950070359,-0.0267859391868,-0.00642653845251,61556,21680,30159,1.22116916774,1.96601226889,26474.9475566,16669.8180279,5.91440383196,7.61395712793,13.4605038947
Fold1,Vehicle,Worsened,8479,1.96601226889,0.16505241394,5.91440383196,7.61395712793,13.4605038947,61556,8479,30159,1.22116916774,1.96601226889,26474.9475566,16669.8180279,5.91440383196,7.61395712793,13.4605038947
Fold1,Vehicle,Unchanged,31397,0,0,0,0,0,61556,0,30159,1.22116916774,1.96601226889,26474.9475566,16669.8180279,5.91440383196,7.61395712793,13.4605038947
Fold1,Vehicle,HighCostWorsened,1338,7.67251164888,6.34357053041,12.1002222419,14.589795208,19.7839014912,61556,1338,30159,1.22116916774,1.96601226889,26474.9475566,16669.8180279,5.91440383196,7.61395712793,13.4605038947
Fold1,Pedestrian,Improved,2971,-0.393208248395,-0.315564319491,-0.0431288480759,-0.019616805017,-0.00351779460907,20250,2971,5586,0.393208248395,0.33661617338,1168.22170598,880.25129339,0.553897380829,0.869717168808,2.51871726811
Fold1,Pedestrian,Worsened,2615,0.33661617338,0.241812586784,0.553897380829,0.869717168808,2.51871726811,20250,2615,5586,0.393208248395,0.33661617338,1168.22170598,880.25129339,0.553897380829,0.869717168808,2.51871726811
Fold1,Pedestrian,Unchanged,14664,0,0,0,0,0,20250,0,5586,0.393208248395,0.33661617338,1168.22170598,880.25129339,0.553897380829,0.869717168808,2.51871726811
Fold1,Pedestrian,HighCostWorsened,3,5.27724039555,5.29421281815,5.4505906105,5.47013783455,5.48577561378,20250,3,5586,0.393208248395,0.33661617338,1168.22170598,880.25129339,0.553897380829,0.869717168808,2.51871726811
Fold1,Bicycle,Improved,0,,,,,,867,0,0,0,0,-0,0,,,
Fold1,Bicycle,Worsened,0,,,,,,867,0,0,0,0,-0,0,,,
Fold1,Bicycle,Unchanged,867,0,0,0,0,0,867,0,0,0,0,-0,0,,,
Fold1,Bicycle,HighCostWorsened,0,,,,,,867,0,0,0,0,-0,0,,,
Fold1,MovingVehicle,Improved,4752,-5.11474816503,-4.54211235046,-0.651460599899,-0.261793315411,-0.0638649834367,12793,4752,8289,5.11474816503,4.28447939539,24305.2832802,15154.2036215,7.91411514282,10.5758232117,16.1810792351
Fold1,MovingVehicle,Worsened,3537,4.28447939539,4.06507739425,7.91411514282,10.5758232117,16.1810792351,12793,3537,8289,5.11474816503,4.28447939539,24305.2832802,15154.2036215,7.91411514282,10.5758232117,16.1810792351
Fold1,MovingVehicle,Unchanged,4504,0,0,0,0,0,12793,0,8289,5.11474816503,4.28447939539,24305.2832802,15154.2036215,7.91411514282,10.5758232117,16.1810792351
Fold1,MovingVehicle,HighCostWorsened,1248,7.59283297472,6.31472635269,11.9416887999,14.1982469201,19.5106227875,12793,1248,8289,5.11474816503,4.28447939539,24305.2832802,15154.2036215,7.91411514282,10.5758232117,16.1810792351
Fold1,StoppedVehicle,Improved,2650,-0.158423799598,-0.0632704620948,-0.0479883532971,-0.0239496231079,-0.00558410972357,6999,2650,3399,0.158423799598,0.517432068355,419.823068935,387.556619198,0.322397994995,2.91390590668,11.2280280948
Fold1,StoppedVehicle,Worsened,749,0.517432068355,0.0819510817528,0.322397994995,2.91390590668,11.2280280948,6999,749,3399,0.158423799598,0.517432068355,419.823068935,387.556619198,0.322397994995,2.91390590668,11.2280280948
Fold1,StoppedVehicle,Unchanged,3600,0,0,0,0,0,6999,0,3399,0.158423799598,0.517432068355,419.823068935,387.556619198,0.322397994995,2.91390590668,11.2280280948
Fold1,StoppedVehicle,HighCostWorsened,26,9.18195130676,8.60059066117,12.3435723484,14.4201730415,16.094724007,6999,26,3399,0.158423799598,0.517432068355,419.823068935,387.556619198,0.322397994995,2.91390590668,11.2280280948
Fold1,ParkedVehicle,Improved,13900,-0.0779790215017,-0.0630307904212,-0.0425790857524,-0.0202935904264,-0.00525427050889,40556,13900,17923,0.0779790215017,0.229883726208,1083.90839887,924.822230534,0.205773454905,0.278628496081,5.28219534647
Fold1,ParkedVehicle,Worsened,4023,0.229883726208,0.0715079531074,0.205773454905,0.278628496081,5.28219534647,40556,4023,17923,0.0779790215017,0.229883726208,1083.90839887,924.822230534,0.205773454905,0.278628496081,5.28219534647
Fold1,ParkedVehicle,Unchanged,22633,0,0,0,0,0,40556,0,17923,0.0779790215017,0.229883726208,1083.90839887,924.822230534,0.205773454905,0.278628496081,5.28219534647
Fold1,ParkedVehicle,HighCostWorsened,45,9.29659186755,7.00125598907,17.2670270979,19.8647496909,22.3257001781,40556,45,17923,0.0779790215017,0.229883726208,1083.90839887,924.822230534,0.205773454905,0.278628496081,5.28219534647
Fold1,Vehicle>5m,Improved,4683,-5.2633564204,-4.63768768311,-0.815581512451,-0.35923576355,-0.0687890529633,11887,4683,7772,5.2633564204,4.38709755692,24648.2981168,13551.7443533,7.91806325912,10.7199769497,16.547075429
Fold1,Vehicle>5m,Worsened,3089,4.38709755692,4.15195226669,7.91806325912,10.7199769497,16.547075429,11887,3089,7772,5.2633564204,4.38709755692,24648.2981168,13551.7443533,7.91806325912,10.7199769497,16.547075429
Fold1,Vehicle>5m,Unchanged,4115,0,0,0,0,0,11887,0,7772,5.2633564204,4.38709755692,24648.2981168,13551.7443533,7.91806325912,10.7199769497,16.547075429
Fold1,Vehicle>5m,HighCostWorsened,1120,7.59489722573,6.24538707733,12.0562152386,14.7866095185,19.705915103,11887,1120,7772,5.2633564204,4.38709755692,24648.2981168,13551.7443533,7.91806325912,10.7199769497,16.547075429
Fold1,Pedestrian<5m,Improved,683,-0.422935320839,-0.151939492673,-0.0230842188001,-0.0103090576828,-0.00208616495132,8098,683,1354,0.422935320839,0.37437006748,288.864824133,251.202315279,1.41658252478,1.77330487967,3.37572467327
Fold1,Pedestrian<5m,Worsened,671,0.37437006748,0.0830069184303,1.41658252478,1.77330487967,3.37572467327,8098,671,1354,0.422935320839,0.37437006748,288.864824133,251.202315279,1.41658252478,1.77330487967,3.37572467327
Fold1,Pedestrian<5m,Unchanged,6744,0,0,0,0,0,8098,0,1354,0.422935320839,0.37437006748,288.864824133,251.202315279,1.41658252478,1.77330487967,3.37572467327
Fold1,Pedestrian<5m,HighCostWorsened,2,5.17101806402,5.17101806402,5.26957386732,5.28189334273,5.29174892306,8098,2,1354,0.422935320839,0.37437006748,288.864824133,251.202315279,1.41658252478,1.77330487967,3.37572467327
Fold1,Pedestrian>5m,Improved,2288,-0.384334301508,-0.323047127575,-0.0600726127625,-0.0268032342196,-0.00547231316566,12152,2288,4232,0.384334301508,0.323584865283,879.356881849,629.048978111,0.525482571125,0.583815276623,1.42231653482
Fold1,Pedestrian>5m,Worsened,1944,0.323584865283,0.307195961475,0.525482571125,0.583815276623,1.42231653482,12152,1944,4232,0.384334301508,0.323584865283,879.356881849,629.048978111,0.525482571125,0.583815276623,1.42231653482
Fold1,Pedestrian>5m,Unchanged,7920,0,0,0,0,0,12152,0,4232,0.384334301508,0.323584865283,879.356881849,629.048978111,0.525482571125,0.583815276623,1.42231653482
Fold1,Pedestrian>5m,HighCostWorsened,1,5.48968505859,5.48968505859,5.48968505859,5.48968505859,5.48968505859,12152,1,4232,0.384334301508,0.323584865283,879.356881849,629.048978111,0.525482571125,0.583815276623,1.42231653482
Fold1,Pedestrian5-8m,Improved,1263,-0.367907445058,-0.2965926826,-0.0490554869175,-0.0214547604322,-0.00438303649426,6746,1263,2326,0.367907445058,0.313468126664,464.667103108,333.216618644,0.528550767899,0.576269447803,1.35729121447
Fold1,Pedestrian5-8m,Worsened,1063,0.313468126664,0.289325118065,0.528550767899,0.576269447803,1.35729121447,6746,1063,2326,0.367907445058,0.313468126664,464.667103108,333.216618644,0.528550767899,0.576269447803,1.35729121447
Fold1,Pedestrian5-8m,Unchanged,4420,0,0,0,0,0,6746,0,2326,0.367907445058,0.313468126664,464.667103108,333.216618644,0.528550767899,0.576269447803,1.35729121447
Fold1,Pedestrian5-8m,HighCostWorsened,0,,,,,,6746,0,2326,0.367907445058,0.313468126664,464.667103108,333.216618644,0.528550767899,0.576269447803,1.35729121447
Fold1,Pedestrian_RecentSpeed_0,Improved,440,-0.335445271098,-0.096418261528,-0.0135054580867,-0.0081779550761,-0.00179844304919,7131,440,980,0.335445271098,0.142125682851,147.595919283,76.7478687395,0.153569347598,0.440961316228,1.92923274994
Fold1,Pedestrian_RecentSpeed_0,Worsened,540,0.142125682851,0.0704937023111,0.153569347598,0.440961316228,1.92923274994,7131,540,980,0.335445271098,0.142125682851,147.595919283,76.7478687395,0.153569347598,0.440961316228,1.92923274994
Fold1,Pedestrian_RecentSpeed_0,Unchanged,6151,0,0,0,0,0,7131,0,980,0.335445271098,0.142125682851,147.595919283,76.7478687395,0.153569347598,0.440961316228,1.92923274994
Fold1,Pedestrian_RecentSpeed_0,HighCostWorsened,0,,,,,,7131,0,980,0.335445271098,0.142125682851,147.595919283,76.7478687395,0.153569347598,0.440961316228,1.92923274994
Fold1,Pedestrian_RecentSpeed_1,Improved,1908,-0.405046366077,-0.354073062539,-0.0614990711212,-0.0275299459696,-0.00519508004189,10170,1908,3466,0.405046366077,0.406649660918,772.828466475,633.56017171,0.589467918873,1.21144568026,2.6675049901
Fold1,Pedestrian_RecentSpeed_1,Worsened,1558,0.406649660918,0.338419377804,0.589467918873,1.21144568026,2.6675049901,10170,1558,3466,0.405046366077,0.406649660918,772.828466475,633.56017171,0.589467918873,1.21144568026,2.6675049901
Fold1,Pedestrian_RecentSpeed_1,Unchanged,6704,0,0,0,0,0,10170,0,3466,0.405046366077,0.406649660918,772.828466475,633.56017171,0.589467918873,1.21144568026,2.6675049901
Fold1,Pedestrian_RecentSpeed_1,HighCostWorsened,3,5.27724039555,5.29421281815,5.4505906105,5.47013783455,5.48577561378,10170,3,3466,0.405046366077,0.406649660918,772.828466475,633.56017171,0.589467918873,1.21144568026,2.6675049901
Fold1,Pedestrian_RecentSpeed_2,Improved,551,-0.355861095965,-0.331792831421,-0.0739109516144,-0.037312746048,-0.009731143713,2848,551,1058,0.355861095965,0.308306710997,196.079463877,156.311502475,0.523726177216,0.574437499046,1.26872818172
Fold1,Pedestrian_RecentSpeed_2,Worsened,507,0.308306710997,0.308739423752,0.523726177216,0.574437499046,1.26872818172,2848,507,1058,0.355861095965,0.308306710997,196.079463877,156.311502475,0.523726177216,0.574437499046,1.26872818172
Fold1,Pedestrian_RecentSpeed_2,Unchanged,1790,0,0,0,0,0,2848,0,1058,0.355861095965,0.308306710997,196.079463877,156.311502475,0.523726177216,0.574437499046,1.26872818172
Fold1,Pedestrian_RecentSpeed_2,HighCostWorsened,0,,,,,,2848,0,1058,0.355861095965,0.308306710997,196.079463877,156.311502475,0.523726177216,0.574437499046,1.26872818172
Fold1,Pedestrian_RecentSpeed_3,Improved,72,-0.718303560383,-0.726232528687,-0.292805063725,-0.251785564423,-0.180992546082,101,72,82,0.718303560383,1.36317504644,51.7178563476,13.6317504644,2.43180389404,2.67302761078,2.86600658417
Fold1,Pedestrian_RecentSpeed_3,Worsened,10,1.36317504644,1.26791256666,2.43180389404,2.67302761078,2.86600658417,101,10,82,0.718303560383,1.36317504644,51.7178563476,13.6317504644,2.43180389404,2.67302761078,2.86600658417
Fold1,Pedestrian_RecentSpeed_3,Unchanged,19,0,0,0,0,0,101,0,82,0.718303560383,1.36317504644,51.7178563476,13.6317504644,2.43180389404,2.67302761078,2.86600658417
Fold1,Pedestrian_RecentSpeed_3,HighCostWorsened,0,,,,,,101,0,82,0.718303560383,1.36317504644,51.7178563476,13.6317504644,2.43180389404,2.67302761078,2.86600658417
Fold1,Pedestrian_HistoryDisp_0,Improved,384,-0.140511886013,-0.0829435093328,-0.0109840977937,-0.0062379932031,-0.0015571795404,6773,384,908,0.140511886013,0.128834669955,53.956564229,67.5093670567,0.14582810133,0.162797846273,2.23372119308
Fold1,Pedestrian_HistoryDisp_0,Worsened,524,0.128834669955,0.070337312296,0.14582810133,0.162797846273,2.23372119308,6773,524,908,0.140511886013,0.128834669955,53.956564229,67.5093670567,0.14582810133,0.162797846273,2.23372119308
Fold1,Pedestrian_HistoryDisp_0,Unchanged,5865,0,0,0,0,0,6773,0,908,0.140511886013,0.128834669955,53.956564229,67.5093670567,0.14582810133,0.162797846273,2.23372119308
Fold1,Pedestrian_HistoryDisp_0,HighCostWorsened,0,,,,,,6773,0,908,0.140511886013,0.128834669955,53.956564229,67.5093670567,0.14582810133,0.162797846273,2.23372119308
Fold1,Pedestrian_HistoryDisp_1,Improved,500,-0.765848122723,-0.530559241772,-0.118677008152,-0.0462640285492,-0.0109713459015,3192,500,911,0.765848122723,0.704459572999,382.924061362,289.532884503,1.71346110106,2.29080939293,3.61546895504
Fold1,Pedestrian_HistoryDisp_1,Worsened,411,0.704459572999,0.444755077362,1.71346110106,2.29080939293,3.61546895504,3192,411,911,0.765848122723,0.704459572999,382.924061362,289.532884503,1.71346110106,2.29080939293,3.61546895504
Fold1,Pedestrian_HistoryDisp_1,Unchanged,2281,0,0,0,0,0,3192,0,911,0.765848122723,0.704459572999,382.924061362,289.532884503,1.71346110106,2.29080939293,3.61546895504
Fold1,Pedestrian_HistoryDisp_1,HighCostWorsened,3,5.27724039555,5.29421281815,5.4505906105,5.47013783455,5.48577561378,3192,3,911,0.765848122723,0.704459572999,382.924061362,289.532884503,1.71346110106,2.29080939293,3.61546895504
Fold1,Pedestrian_HistoryDisp_2,Improved,1965,-0.327291314183,-0.318052828312,-0.0595960319042,-0.0264998197556,-0.00561208248138,10118,1965,3636,0.327291314183,0.310481307891,643.127432371,518.814265486,0.511527329683,0.562373265624,1.04184800833
Fold1,Pedestrian_HistoryDisp_2,Worsened,1671,0.310481307891,0.309222698212,0.511527329683,0.562373265624,1.04184800833,10118,1671,3636,0.327291314183,0.310481307891,643.127432371,518.814265486,0.511527329683,0.562373265624,1.04184800833
Fold1,Pedestrian_HistoryDisp_2,Unchanged,6482,0,0,0,0,0,10118,0,3636,0.327291314183,0.310481307891,643.127432371,518.814265486,0.511527329683,0.562373265624,1.04184800833
Fold1,Pedestrian_HistoryDisp_2,HighCostWorsened,0,,,,,,10118,0,3636,0.327291314183,0.310481307891,643.127432371,518.814265486,0.511527329683,0.562373265624,1.04184800833
Fold1,Pedestrian_HistoryDisp_3,Improved,122,-0.723062688699,-0.676715731621,-0.430755352974,-0.266683197021,-0.183384385109,167,122,131,0.723062688699,0.4883084827,88.2136480212,4.3947763443,1.02314813137,1.08752391338,1.13902453899
Fold1,Pedestrian_HistoryDisp_3,Worsened,9,0.4883084827,0.327849686146,1.02314813137,1.08752391338,1.13902453899,167,9,131,0.723062688699,0.4883084827,88.2136480212,4.3947763443,1.02314813137,1.08752391338,1.13902453899
Fold1,Pedestrian_HistoryDisp_3,Unchanged,36,0,0,0,0,0,167,0,131,0.723062688699,0.4883084827,88.2136480212,4.3947763443,1.02314813137,1.08752391338,1.13902453899
Fold1,Pedestrian_HistoryDisp_3,HighCostWorsened,0,,,,,,167,0,131,0.723062688699,0.4883084827,88.2136480212,4.3947763443,1.02314813137,1.08752391338,1.13902453899
Fold1,Pedestrian_HistoryHeading_0,Improved,362,-0.404365842611,-0.33542149514,-0.0502571418881,-0.0182806123048,-0.0053274525702,2444,362,691,0.404365842611,0.383690214286,146.380435025,126.2340805,0.541562414169,1.1907063961,1.93678385735
Fold1,Pedestrian_HistoryHeading_0,Worsened,329,0.383690214286,0.346443116665,0.541562414169,1.1907063961,1.93678385735,2444,329,691,0.404365842611,0.383690214286,146.380435025,126.2340805,0.541562414169,1.1907063961,1.93678385735
Fold1,Pedestrian_HistoryHeading_0,Unchanged,1753,0,0,0,0,0,2444,0,691,0.404365842611,0.383690214286,146.380435025,126.2340805,0.541562414169,1.1907063961,1.93678385735
Fold1,Pedestrian_HistoryHeading_0,HighCostWorsened,0,,,,,,2444,0,691,0.404365842611,0.383690214286,146.380435025,126.2340805,0.541562414169,1.1907063961,1.93678385735
Fold1,Pedestrian_HistoryHeading_1,Improved,189,-0.532401004501,-0.348663181067,-0.0279817309231,-0.0251982450485,-0.0108193635941,1414,189,371,0.532401004501,0.407472738188,100.623789851,74.1600383501,0.620244598389,1.59514826536,2.81799753547
Fold1,Pedestrian_HistoryHeading_1,Worsened,182,0.407472738188,0.249980181456,0.620244598389,1.59514826536,2.81799753547,1414,182,371,0.532401004501,0.407472738188,100.623789851,74.1600383501,0.620244598389,1.59514826536,2.81799753547
Fold1,Pedestrian_HistoryHeading_1,Unchanged,1043,0,0,0,0,0,1414,0,371,0.532401004501,0.407472738188,100.623789851,74.1600383501,0.620244598389,1.59514826536,2.81799753547
Fold1,Pedestrian_HistoryHeading_1,HighCostWorsened,0,,,,,,1414,0,371,0.532401004501,0.407472738188,100.623789851,74.1600383501,0.620244598389,1.59514826536,2.81799753547
Fold1,Pedestrian_HistoryHeading_2,Improved,161,-0.517065987083,-0.332402706146,-0.021381020546,-0.00662910938263,-0.000870102643967,1525,161,345,0.517065987083,0.441254361138,83.2476239204,81.1908024494,0.659047305584,1.49992188215,3.56335933924
Fold1,Pedestrian_HistoryHeading_2,Worsened,184,0.441254361138,0.264752388,0.659047305584,1.49992188215,3.56335933924,1525,184,345,0.517065987083,0.441254361138,83.2476239204,81.1908024494,0.659047305584,1.49992188215,3.56335933924
Fold1,Pedestrian_HistoryHeading_2,Unchanged,1180,0,0,0,0,0,1525,0,345,0.517065987083,0.441254361138,83.2476239204,81.1908024494,0.659047305584,1.49992188215,3.56335933924
Fold1,Pedestrian_HistoryHeading_2,HighCostWorsened,1,5.48968505859,5.48968505859,5.48968505859,5.48968505859,5.48968505859,1525,1,345,0.517065987083,0.441254361138,83.2476239204,81.1908024494,0.659047305584,1.49992188215,3.56335933924
Fold1,Pedestrian_HistoryHeading_3,Improved,613,-0.408246158906,-0.375557422638,-0.0557780265808,-0.0139373660088,-0.00310204789042,3465,613,1075,0.408246158906,0.319316473721,250.25489541,147.524210859,0.525114202499,0.708951890469,1.50527450085
Fold1,Pedestrian_HistoryHeading_3,Worsened,462,0.319316473721,0.289237543941,0.525114202499,0.708951890469,1.50527450085,3465,462,1075,0.408246158906,0.319316473721,250.25489541,147.524210859,0.525114202499,0.708951890469,1.50527450085
Fold1,Pedestrian_HistoryHeading_3,Unchanged,2390,0,0,0,0,0,3465,0,1075,0.408246158906,0.319316473721,250.25489541,147.524210859,0.525114202499,0.708951890469,1.50527450085
Fold1,Pedestrian_HistoryHeading_3,HighCostWorsened,0,,,,,,3465,0,1075,0.408246158906,0.319316473721,250.25489541,147.524210859,0.525114202499,0.708951890469,1.50527450085
Fold1,Pedestrian_HistoryHeading_4,Improved,538,-0.39589313116,-0.318664237857,-0.0577151834965,-0.0365110248327,-0.00968602657318,3050,538,980,0.39589313116,0.376712904289,212.990504564,166.507103696,0.540126267076,0.735752415657,2.5106637612
Fold1,Pedestrian_HistoryHeading_4,Worsened,442,0.376712904289,0.340699970722,0.540126267076,0.735752415657,2.5106637612,3050,442,980,0.39589313116,0.376712904289,212.990504564,166.507103696,0.540126267076,0.735752415657,2.5106637612
Fold1,Pedestrian_HistoryHeading_4,Unchanged,2070,0,0,0,0,0,3050,0,980,0.39589313116,0.376712904289,212.990504564,166.507103696,0.540126267076,0.735752415657,2.5106637612
Fold1,Pedestrian_HistoryHeading_4,HighCostWorsened,1,5.29421281815,5.29421281815,5.29421281815,5.29421281815,5.29421281815,3050,1,980,0.39589313116,0.376712904289,212.990504564,166.507103696,0.540126267076,0.735752415657,2.5106637612
Fold1,Pedestrian_HistoryHeading_5,Improved,301,-0.32880501841,-0.252366647124,-0.0327728278935,-0.0135703459382,-0.00382137298584,1987,301,531,0.32880501841,0.262625374892,98.9703105413,60.4038362252,0.542664173245,0.675152587891,1.63341627657
Fold1,Pedestrian_HistoryHeading_5,Worsened,230,0.262625374892,0.133027313277,0.542664173245,0.675152587891,1.63341627657,1987,230,531,0.32880501841,0.262625374892,98.9703105413,60.4038362252,0.542664173245,0.675152587891,1.63341627657
Fold1,Pedestrian_HistoryHeading_5,Unchanged,1456,0,0,0,0,0,1987,0,531,0.32880501841,0.262625374892,98.9703105413,60.4038362252,0.542664173245,0.675152587891,1.63341627657
Fold1,Pedestrian_HistoryHeading_5,HighCostWorsened,0,,,,,,1987,0,531,0.32880501841,0.262625374892,98.9703105413,60.4038362252,0.542664173245,0.675152587891,1.63341627657
Fold1,Pedestrian_HistoryHeading_6,Improved,242,-0.26559536156,-0.166110038757,-0.042672431469,-0.0258101947606,-0.00414363022894,1633,242,487,0.26559536156,0.228752559979,64.2740774974,56.044377195,0.500685220957,0.615579462051,1.98519973755
Fold1,Pedestrian_HistoryHeading_6,Worsened,245,0.228752559979,0.132058232091,0.500685220957,0.615579462051,1.98519973755,1633,245,487,0.26559536156,0.228752559979,64.2740774974,56.044377195,0.500685220957,0.615579462051,1.98519973755
Fold1,Pedestrian_HistoryHeading_6,Unchanged,1146,0,0,0,0,0,1633,0,487,0.26559536156,0.228752559979,64.2740774974,56.044377195,0.500685220957,0.615579462051,1.98519973755
Fold1,Pedestrian_HistoryHeading_6,HighCostWorsened,0,,,,,,1633,0,487,0.26559536156,0.228752559979,64.2740774974,56.044377195,0.500685220957,0.615579462051,1.98519973755
Fold1,Pedestrian_HistoryHeading_7,Improved,536,-0.391752543321,-0.322815239429,-0.0456814393401,-0.0212057828903,-0.00523802880198,2935,536,984,0.391752543321,0.361382098808,209.97936322,161.899180266,0.573286686838,1.1723283343,1.97616024196
Fold1,Pedestrian_HistoryHeading_7,Worsened,448,0.361382098808,0.266641415656,0.573286686838,1.1723283343,1.97616024196,2935,448,984,0.391752543321,0.361382098808,209.97936322,161.899180266,0.573286686838,1.1723283343,1.97616024196
Fold1,Pedestrian_HistoryHeading_7,Unchanged,1951,0,0,0,0,0,2935,0,984,0.391752543321,0.361382098808,209.97936322,161.899180266,0.573286686838,1.1723283343,1.97616024196
Fold1,Pedestrian_HistoryHeading_7,HighCostWorsened,1,5.0478233099,5.0478233099,5.0478233099,5.0478233099,5.0478233099,2935,1,984,0.391752543321,0.361382098808,209.97936322,161.899180266,0.573286686838,1.1723283343,1.97616024196
Fold1,Pedestrian_HistoryHeading_Missing,Improved,29,-0.0517484811616,-0.0501571632922,-0.0183547817171,-0.00669651478529,-0.0029580116272,1797,29,122,0.0517484811616,0.0676092886997,1.50070595369,6.28766384907,0.0826017681509,0.0865476191044,0.104234002233
Fold1,Pedestrian_HistoryHeading_Missing,Worsened,93,0.0676092886997,0.070361990016,0.0826017681509,0.0865476191044,0.104234002233,1797,93,122,0.0517484811616,0.0676092886997,1.50070595369,6.28766384907,0.0826017681509,0.0865476191044,0.104234002233
Fold1,Pedestrian_HistoryHeading_Missing,Unchanged,1675,0,0,0,0,0,1797,0,122,0.0517484811616,0.0676092886997,1.50070595369,6.28766384907,0.0826017681509,0.0865476191044,0.104234002233
Fold1,Pedestrian_HistoryHeading_Missing,HighCostWorsened,0,,,,,,1797,0,122,0.0517484811616,0.0676092886997,1.50070595369,6.28766384907,0.0826017681509,0.0865476191044,0.104234002233
Fold2,Overall,Improved,22459,-1.17351666035,-0.065341534093,-0.0548234984279,-0.0290711537004,-0.00639726005495,83711,22459,31878,1.17351666035,1.39559572719,26356.0106747,13145.1161544,4.99578328133,6.47062849775,12.269947052
Fold2,Overall,Worsened,9419,1.39559572719,0.180603444576,4.99578328133,6.47062849775,12.269947052,83711,9419,31878,1.17351666035,1.39559572719,26356.0106747,13145.1161544,4.99578328133,6.47062849775,12.269947052
Fold2,Overall,Unchanged,51833,0,0,0,0,0,83711,0,31878,1.17351666035,1.39559572719,26356.0106747,13145.1161544,4.99578328133,6.47062849775,12.269947052
Fold2,Overall,HighCostWorsened,942,7.83102351277,6.47094129398,12.2748184204,15.0885405481,19.8809786499,83711,942,31878,1.17351666035,1.39559572719,26356.0106747,13145.1161544,4.99578328133,6.47062849775,12.269947052
Fold2,Vehicle,Improved,19307,-1.29642699789,-0.0646909512579,-0.0546777013689,-0.0294302044436,-0.00643798649311,60451,19307,26124,1.29642699789,1.79187005767,25030.1160483,12215.1781831,5.78748078942,7.32408468723,13.6347188199
Fold2,Vehicle,Worsened,6817,1.79187005767,0.152362778783,5.78748078942,7.32408468723,13.6347188199,60451,6817,26124,1.29642699789,1.79187005767,25030.1160483,12215.1781831,5.78748078942,7.32408468723,13.6347188199
Fold2,Vehicle,Unchanged,34327,0,0,0,0,0,60451,0,26124,1.29642699789,1.79187005767,25030.1160483,12215.1781831,5.78748078942,7.32408468723,13.6347188199
Fold2,Vehicle,HighCostWorsened,942,7.83102351277,6.47094129398,12.2748184204,15.0885405481,19.8809786499,60451,942,26124,1.29642699789,1.79187005767,25030.1160483,12215.1781831,5.78748078942,7.32408468723,13.6347188199
Fold2,Pedestrian,Improved,3152,-0.420651848483,-0.36725538969,-0.0579964637756,-0.0268970243633,-0.00620596766472,22108,3152,5754,0.420651848483,0.35739353239,1325.89462642,929.937971278,0.644766169786,1.0555447638,2.06998364687
Fold2,Pedestrian,Worsened,2602,0.35739353239,0.277560889721,0.644766169786,1.0555447638,2.06998364687,22108,2602,5754,0.420651848483,0.35739353239,1325.89462642,929.937971278,0.644766169786,1.0555447638,2.06998364687
Fold2,Pedestrian,Unchanged,16354,0,0,0,0,0,22108,0,5754,0.420651848483,0.35739353239,1325.89462642,929.937971278,0.644766169786,1.0555447638,2.06998364687
Fold2,Pedestrian,HighCostWorsened,0,,,,,,22108,0,5754,0.420651848483,0.35739353239,1325.89462642,929.937971278,0.644766169786,1.0555447638,2.06998364687
Fold2,Bicycle,Improved,0,,,,,,1152,0,0,0,0,-0,0,,,
Fold2,Bicycle,Worsened,0,,,,,,1152,0,0,0,0,-0,0,,,
Fold2,Bicycle,Unchanged,1152,0,0,0,0,0,1152,0,0,0,0,-0,0,,,
Fold2,Bicycle,HighCostWorsened,0,,,,,,1152,0,0,0,0,-0,0,,,
Fold2,MovingVehicle,Improved,4209,-5.45779419777,-4.64189338684,-0.404830312729,-0.13142003715,-0.0358427289128,14211,4209,6826,5.45779419777,4.03622662885,22971.8557784,10562.8050877,7.70267915726,10.069553709,16.6274320221
Fold2,MovingVehicle,Worsened,2617,4.03622662885,3.76116859913,7.70267915726,10.069553709,16.6274320221,14211,2617,6826,5.45779419777,4.03622662885,22971.8557784,10562.8050877,7.70267915726,10.069553709,16.6274320221
Fold2,MovingVehicle,Unchanged,7385,0,0,0,0,0,14211,0,6826,5.45779419777,4.03622662885,22971.8557784,10562.8050877,7.70267915726,10.069553709,16.6274320221
Fold2,MovingVehicle,HighCostWorsened,841,7.68360909166,6.43154668808,11.5890412331,14.4638243914,19.731295681,14211,841,6826,5.45779419777,4.03622662885,22971.8557784,10562.8050877,7.70267915726,10.069553709,16.6274320221
Fold2,StoppedVehicle,Improved,2158,-0.175922703381,-0.0639484185958,-0.050201779604,-0.0291365129873,-0.00606175363064,7771,2158,2934,0.175922703381,0.438003438262,379.641193895,339.890668091,0.254236909561,1.05662786588,7.70022729039
Fold2,StoppedVehicle,Worsened,776,0.438003438262,0.0779106505215,0.254236909561,1.05662786588,7.70022729039,7771,776,2934,0.175922703381,0.438003438262,379.641193895,339.890668091,0.254236909561,1.05662786588,7.70022729039
Fold2,StoppedVehicle,Unchanged,4837,0,0,0,0,0,7771,0,2934,0.175922703381,0.438003438262,379.641193895,339.890668091,0.254236909561,1.05662786588,7.70022729039
Fold2,StoppedVehicle,HighCostWorsened,21,9.64236424171,6.50455117226,14.2716017514,17.8590540886,34.0866164207,7771,21,2934,0.175922703381,0.438003438262,379.641193895,339.890668091,0.254236909561,1.05662786588,7.70022729039
Fold2,ParkedVehicle,Improved,12576,-0.0838232209318,-0.0638127421844,-0.0476936623454,-0.0241613537073,-0.00541625544429,37244,12576,15856,0.0838232209318,0.28953071778,1054.16082644,949.660754319,0.218295758963,0.309043194354,6.67848005116
Fold2,ParkedVehicle,Worsened,3280,0.28953071778,0.0745300352573,0.218295758963,0.309043194354,6.67848005116,37244,3280,15856,0.0838232209318,0.28953071778,1054.16082644,949.660754319,0.218295758963,0.309043194354,6.67848005116
Fold2,ParkedVehicle,Unchanged,21388,0,0,0,0,0,37244,0,15856,0.0838232209318,0.28953071778,1054.16082644,949.660754319,0.218295758963,0.309043194354,6.67848005116
Fold2,ParkedVehicle,HighCostWorsened,51,9.47067075004,7.7206543684,15.777286917,16.0206968337,20.6566909999,37244,51,15856,0.0838232209318,0.28953071778,1054.16082644,949.660754319,0.218295758963,0.309043194354,6.67848005116
Fold2,Vehicle>5m,Improved,4032,-5.77191782948,-4.95074558258,-0.840017700195,-0.277826619148,-0.0592387938499,12693,4032,6245,5.77191782948,4.14211254005,23272.3726885,9166.49505113,7.68946418762,10.2403815269,17.9439857769
Fold2,Vehicle>5m,Worsened,2213,4.14211254005,3.82393074036,7.68946418762,10.2403815269,17.9439857769,12693,2213,6245,5.77191782948,4.14211254005,23272.3726885,9166.49505113,7.68946418762,10.2403815269,17.9439857769
Fold2,Vehicle>5m,Unchanged,6448,0,0,0,0,0,12693,0,6245,5.77191782948,4.14211254005,23272.3726885,9166.49505113,7.68946418762,10.2403815269,17.9439857769
Fold2,Vehicle>5m,HighCostWorsened,702,7.8160839144,6.38042140007,12.2913645983,15.2629845142,19.8822873294,12693,702,6245,5.77191782948,4.14211254005,23272.3726885,9166.49505113,7.68946418762,10.2403815269,17.9439857769
Fold2,Pedestrian<5m,Improved,711,-0.481950623949,-0.434814870358,-0.0314634442329,-0.0137521047145,-0.00360813774168,7437,711,1306,0.481950623949,0.400318375116,342.666893627,238.189433194,1.36978046894,1.67533202767,2.72137301087
Fold2,Pedestrian<5m,Worsened,595,0.400318375116,0.116708517075,1.36978046894,1.67533202767,2.72137301087,7437,595,1306,0.481950623949,0.400318375116,342.666893627,238.189433194,1.36978046894,1.67533202767,2.72137301087
Fold2,Pedestrian<5m,Unchanged,6131,0,0,0,0,0,7437,0,1306,0.481950623949,0.400318375116,342.666893627,238.189433194,1.36978046894,1.67533202767,2.72137301087
Fold2,Pedestrian<5m,HighCostWorsened,0,,,,,,7437,0,1306,0.481950623949,0.400318375116,342.666893627,238.189433194,1.36978046894,1.67533202767,2.72137301087
Fold2,Pedestrian>5m,Improved,2441,-0.402797104789,-0.362249933183,-0.0732789635658,-0.0354845523834,-0.00787518024445,14671,2441,4448,0.402797104789,0.344667931282,983.227732791,691.748538083,0.570917510986,0.771956026554,1.47839116096
Fold2,Pedestrian>5m,Worsened,2007,0.344667931282,0.321239650249,0.570917510986,0.771956026554,1.47839116096,14671,2007,4448,0.402797104789,0.344667931282,983.227732791,691.748538083,0.570917510986,0.771956026554,1.47839116096
Fold2,Pedestrian>5m,Unchanged,10223,0,0,0,0,0,14671,0,4448,0.402797104789,0.344667931282,983.227732791,691.748538083,0.570917510986,0.771956026554,1.47839116096
Fold2,Pedestrian>5m,HighCostWorsened,0,,,,,,14671,0,4448,0.402797104789,0.344667931282,983.227732791,691.748538083,0.570917510986,0.771956026554,1.47839116096
Fold2,Pedestrian5-8m,Improved,1248,-0.397509708033,-0.337570875883,-0.06964379251,-0.0304134331644,-0.00600037634373,7513,1248,2381,0.397509708033,0.339179030778,496.092115626,384.289841872,0.571118497849,0.798549318314,1.5060701561
Fold2,Pedestrian5-8m,Worsened,1133,0.339179030778,0.305301651359,0.571118497849,0.798549318314,1.5060701561,7513,1133,2381,0.397509708033,0.339179030778,496.092115626,384.289841872,0.571118497849,0.798549318314,1.5060701561
Fold2,Pedestrian5-8m,Unchanged,5132,0,0,0,0,0,7513,0,2381,0.397509708033,0.339179030778,496.092115626,384.289841872,0.571118497849,0.798549318314,1.5060701561
Fold2,Pedestrian5-8m,HighCostWorsened,0,,,,,,7513,0,2381,0.397509708033,0.339179030778,496.092115626,384.289841872,0.571118497849,0.798549318314,1.5060701561
Fold2,Pedestrian_RecentSpeed_0,Improved,374,-0.271884659226,-0.0931971007958,-0.0152681112289,-0.00842943526804,-0.00266615107656,6388,374,832,0.271884659226,0.209554664318,101.68486255,95.9760362576,0.415150606632,1.2876042217,1.69481246889
Fold2,Pedestrian_RecentSpeed_0,Worsened,458,0.209554664318,0.0930210198276,0.415150606632,1.2876042217,1.69481246889,6388,458,832,0.271884659226,0.209554664318,101.68486255,95.9760362576,0.415150606632,1.2876042217,1.69481246889
Fold2,Pedestrian_RecentSpeed_0,Unchanged,5556,0,0,0,0,0,6388,0,832,0.271884659226,0.209554664318,101.68486255,95.9760362576,0.415150606632,1.2876042217,1.69481246889
Fold2,Pedestrian_RecentSpeed_0,HighCostWorsened,0,,,,,,6388,0,832,0.271884659226,0.209554664318,101.68486255,95.9760362576,0.415150606632,1.2876042217,1.69481246889
Fold2,Pedestrian_RecentSpeed_1,Improved,1955,-0.445916820862,-0.392758227885,-0.0818971395493,-0.0403969883919,-0.0078954911232,11707,1955,3562,0.445916820862,0.416365175335,871.767384784,669.098836764,0.714178085327,1.15185405612,2.33264352798
Fold2,Pedestrian_RecentSpeed_1,Worsened,1607,0.416365175335,0.362869441509,0.714178085327,1.15185405612,2.33264352798,11707,1607,3562,0.445916820862,0.416365175335,871.767384784,669.098836764,0.714178085327,1.15185405612,2.33264352798
Fold2,Pedestrian_RecentSpeed_1,Unchanged,8145,0,0,0,0,0,11707,0,3562,0.445916820862,0.416365175335,871.767384784,669.098836764,0.714178085327,1.15185405612,2.33264352798
Fold2,Pedestrian_RecentSpeed_1,HighCostWorsened,0,,,,,,11707,0,3562,0.445916820862,0.416365175335,871.767384784,669.098836764,0.714178085327,1.15185405612,2.33264352798
Fold2,Pedestrian_RecentSpeed_2,Improved,735,-0.350550471312,-0.371346250176,-0.0750979781151,-0.0366036176682,-0.0105856704712,3910,735,1265,0.350550471312,0.30014294407,257.654596414,159.075760357,0.531999209523,0.631969404221,1.06802411914
Fold2,Pedestrian_RecentSpeed_2,Worsened,530,0.30014294407,0.283151328564,0.531999209523,0.631969404221,1.06802411914,3910,530,1265,0.350550471312,0.30014294407,257.654596414,159.075760357,0.531999209523,0.631969404221,1.06802411914
Fold2,Pedestrian_RecentSpeed_2,Unchanged,2645,0,0,0,0,0,3910,0,1265,0.350550471312,0.30014294407,257.654596414,159.075760357,0.531999209523,0.631969404221,1.06802411914
Fold2,Pedestrian_RecentSpeed_2,HighCostWorsened,0,,,,,,3910,0,1265,0.350550471312,0.30014294407,257.654596414,159.075760357,0.531999209523,0.631969404221,1.06802411914
Fold2,Pedestrian_RecentSpeed_3,Improved,88,-1.07713389397,-0.951367259026,-0.591985440254,-0.581603860855,-0.438882927895,103,88,95,1.07713389397,0.82676255703,94.7877826691,5.78733789921,1.179246521,1.18358139992,1.18704930305
Fold2,Pedestrian_RecentSpeed_3,Worsened,7,0.82676255703,0.745539426804,1.179246521,1.18358139992,1.18704930305,103,7,95,1.07713389397,0.82676255703,94.7877826691,5.78733789921,1.179246521,1.18358139992,1.18704930305
Fold2,Pedestrian_RecentSpeed_3,Unchanged,8,0,0,0,0,0,103,0,95,1.07713389397,0.82676255703,94.7877826691,5.78733789921,1.179246521,1.18358139992,1.18704930305
Fold2,Pedestrian_RecentSpeed_3,HighCostWorsened,0,,,,,,103,0,95,1.07713389397,0.82676255703,94.7877826691,5.78733789921,1.179246521,1.18358139992,1.18704930305
Fold2,Pedestrian_HistoryDisp_0,Improved,342,-0.202019875564,-0.0878339717165,-0.0136291030794,-0.00814184509218,-0.00261074736714,5987,342,777,0.202019875564,0.156130800376,69.0907974429,67.9168981636,0.17232349813,0.619168543816,1.61878036797
Fold2,Pedestrian_HistoryDisp_0,Worsened,435,0.156130800376,0.0916159823537,0.17232349813,0.619168543816,1.61878036797,5987,435,777,0.202019875564,0.156130800376,69.0907974429,67.9168981636,0.17232349813,0.619168543816,1.61878036797
Fold2,Pedestrian_HistoryDisp_0,Unchanged,5210,0,0,0,0,0,5987,0,777,0.202019875564,0.156130800376,69.0907974429,67.9168981636,0.17232349813,0.619168543816,1.61878036797
Fold2,Pedestrian_HistoryDisp_0,HighCostWorsened,0,,,,,,5987,0,777,0.202019875564,0.156130800376,69.0907974429,67.9168981636,0.17232349813,0.619168543816,1.61878036797
Fold2,Pedestrian_HistoryDisp_1,Improved,660,-0.673933326154,-0.528755038977,-0.143230390549,-0.0791137367487,-0.0214645922184,3790,660,1187,0.673933326154,0.675811384511,444.795995262,356.152599637,1.51869323254,1.95461038351,2.83817636609
Fold2,Pedestrian_HistoryDisp_1,Worsened,527,0.675811384511,0.500032901764,1.51869323254,1.95461038351,2.83817636609,3790,527,1187,0.673933326154,0.675811384511,444.795995262,356.152599637,1.51869323254,1.95461038351,2.83817636609
Fold2,Pedestrian_HistoryDisp_1,Unchanged,2603,0,0,0,0,0,3790,0,1187,0.673933326154,0.675811384511,444.795995262,356.152599637,1.51869323254,1.95461038351,2.83817636609
Fold2,Pedestrian_HistoryDisp_1,HighCostWorsened,0,,,,,,3790,0,1187,0.673933326154,0.675811384511,444.795995262,356.152599637,1.51869323254,1.95461038351,2.83817636609
Fold2,Pedestrian_HistoryDisp_2,Improved,2046,-0.345445261087,-0.351883709431,-0.0699251294136,-0.0331931747496,-0.00723608136177,12187,2046,3662,0.345445261087,0.303522056913,706.781004185,490.491643972,0.506335102022,0.562154747546,0.946024756134
Fold2,Pedestrian_HistoryDisp_2,Worsened,1616,0.303522056913,0.304133623838,0.506335102022,0.562154747546,0.946024756134,12187,1616,3662,0.345445261087,0.303522056913,706.781004185,490.491643972,0.506335102022,0.562154747546,0.946024756134
Fold2,Pedestrian_HistoryDisp_2,Unchanged,8525,0,0,0,0,0,12187,0,3662,0.345445261087,0.303522056913,706.781004185,490.491643972,0.506335102022,0.562154747546,0.946024756134
Fold2,Pedestrian_HistoryDisp_2,HighCostWorsened,0,,,,,,12187,0,3662,0.345445261087,0.303522056913,706.781004185,490.491643972,0.506335102022,0.562154747546,0.946024756134
Fold2,Pedestrian_HistoryDisp_3,Improved,104,-1.01179643778,-0.880810022354,-0.588813471794,-0.580797564983,-0.464182701111,144,104,128,1.01179643778,0.640701229374,105.226829529,15.376829505,1.04567902088,1.17311198711,1.31106622696
Fold2,Pedestrian_HistoryDisp_3,Worsened,24,0.640701229374,0.57194018364,1.04567902088,1.17311198711,1.31106622696,144,24,128,1.01179643778,0.640701229374,105.226829529,15.376829505,1.04567902088,1.17311198711,1.31106622696
Fold2,Pedestrian_HistoryDisp_3,Unchanged,16,0,0,0,0,0,144,0,128,1.01179643778,0.640701229374,105.226829529,15.376829505,1.04567902088,1.17311198711,1.31106622696
Fold2,Pedestrian_HistoryDisp_3,HighCostWorsened,0,,,,,,144,0,128,1.01179643778,0.640701229374,105.226829529,15.376829505,1.04567902088,1.17311198711,1.31106622696
Fold2,Pedestrian_HistoryHeading_0,Improved,311,-0.349930972503,-0.295779705048,-0.043826341629,-0.0223460290581,-0.00299291275442,2499,311,620,0.349930972503,0.37250880424,108.828532449,115.10522051,0.566013526917,1.05397200584,2.41977251053
Fold2,Pedestrian_HistoryHeading_0,Worsened,309,0.37250880424,0.297593772411,0.566013526917,1.05397200584,2.41977251053,2499,309,620,0.349930972503,0.37250880424,108.828532449,115.10522051,0.566013526917,1.05397200584,2.41977251053
Fold2,Pedestrian_HistoryHeading_0,Unchanged,1879,0,0,0,0,0,2499,0,620,0.349930972503,0.37250880424,108.828532449,115.10522051,0.566013526917,1.05397200584,2.41977251053
Fold2,Pedestrian_HistoryHeading_0,HighCostWorsened,0,,,,,,2499,0,620,0.349930972503,0.37250880424,108.828532449,115.10522051,0.566013526917,1.05397200584,2.41977251053
Fold2,Pedestrian_HistoryHeading_1,Improved,165,-0.521501619112,-0.333933830261,-0.0802863240242,-0.0433452546597,-0.0115930998325,1350,165,292,0.521501619112,0.462537117933,86.0477671535,58.7422139775,0.840720462799,1.66811139584,2.24473015308
Fold2,Pedestrian_HistoryHeading_1,Worsened,127,0.462537117933,0.40326833725,0.840720462799,1.66811139584,2.24473015308,1350,127,292,0.521501619112,0.462537117933,86.0477671535,58.7422139775,0.840720462799,1.66811139584,2.24473015308
Fold2,Pedestrian_HistoryHeading_1,Unchanged,1058,0,0,0,0,0,1350,0,292,0.521501619112,0.462537117933,86.0477671535,58.7422139775,0.840720462799,1.66811139584,2.24473015308
Fold2,Pedestrian_HistoryHeading_1,HighCostWorsened,0,,,,,,1350,0,292,0.521501619112,0.462537117933,86.0477671535,58.7422139775,0.840720462799,1.66811139584,2.24473015308
Fold2,Pedestrian_HistoryHeading_2,Improved,232,-0.42822354991,-0.367124676704,-0.0320011526346,-0.00890918150544,-0.00250068537891,1663,232,372,0.42822354991,0.366751547424,99.3478635792,51.3452166393,0.759958052635,1.27480883598,2.60397638083
Fold2,Pedestrian_HistoryHeading_2,Worsened,140,0.366751547424,0.16582930088,0.759958052635,1.27480883598,2.60397638083,1663,140,372,0.42822354991,0.366751547424,99.3478635792,51.3452166393,0.759958052635,1.27480883598,2.60397638083
Fold2,Pedestrian_HistoryHeading_2,Unchanged,1291,0,0,0,0,0,1663,0,372,0.42822354991,0.366751547424,99.3478635792,51.3452166393,0.759958052635,1.27480883598,2.60397638083
Fold2,Pedestrian_HistoryHeading_2,HighCostWorsened,0,,,,,,1663,0,372,0.42822354991,0.366751547424,99.3478635792,51.3452166393,0.759958052635,1.27480883598,2.60397638083
Fold2,Pedestrian_HistoryHeading_3,Improved,753,-0.430386060964,-0.376186162233,-0.0606050729752,-0.0279286175966,-0.00818729639053,4484,753,1478,0.430386060964,0.35045514382,324.080703906,254.07997927,0.621894043684,0.931034588814,1.604637537
Fold2,Pedestrian_HistoryHeading_3,Worsened,725,0.35045514382,0.307232320309,0.621894043684,0.931034588814,1.604637537,4484,725,1478,0.430386060964,0.35045514382,324.080703906,254.07997927,0.621894043684,0.931034588814,1.604637537
Fold2,Pedestrian_HistoryHeading_3,Unchanged,3006,0,0,0,0,0,4484,0,1478,0.430386060964,0.35045514382,324.080703906,254.07997927,0.621894043684,0.931034588814,1.604637537
Fold2,Pedestrian_HistoryHeading_3,HighCostWorsened,0,,,,,,4484,0,1478,0.430386060964,0.35045514382,324.080703906,254.07997927,0.621894043684,0.931034588814,1.604637537
Fold2,Pedestrian_HistoryHeading_4,Improved,865,-0.430795577756,-0.397269010544,-0.0672859609127,-0.0356514573097,-0.00888831615448,4109,865,1513,0.430795577756,0.348495805477,372.638174759,225.825281949,0.581430628896,0.894082474709,2.04315432489
Fold2,Pedestrian_HistoryHeading_4,Worsened,648,0.348495805477,0.290140047669,0.581430628896,0.894082474709,2.04315432489,4109,648,1513,0.430795577756,0.348495805477,372.638174759,225.825281949,0.581430628896,0.894082474709,2.04315432489
Fold2,Pedestrian_HistoryHeading_4,Unchanged,2596,0,0,0,0,0,4109,0,1513,0.430795577756,0.348495805477,372.638174759,225.825281949,0.581430628896,0.894082474709,2.04315432489
Fold2,Pedestrian_HistoryHeading_4,HighCostWorsened,0,,,,,,4109,0,1513,0.430795577756,0.348495805477,372.638174759,225.825281949,0.581430628896,0.894082474709,2.04315432489
Fold2,Pedestrian_HistoryHeading_5,Improved,245,-0.488664304944,-0.396646261215,-0.0663895070553,-0.0363112598658,-0.00823777675629,1789,245,437,0.488664304944,0.360764041555,119.722754711,69.2666959786,0.804900330305,1.45630353093,2.36256908417
Fold2,Pedestrian_HistoryHeading_5,Worsened,192,0.360764041555,0.172996655107,0.804900330305,1.45630353093,2.36256908417,1789,192,437,0.488664304944,0.360764041555,119.722754711,69.2666959786,0.804900330305,1.45630353093,2.36256908417
Fold2,Pedestrian_HistoryHeading_5,Unchanged,1352,0,0,0,0,0,1789,0,437,0.488664304944,0.360764041555,119.722754711,69.2666959786,0.804900330305,1.45630353093,2.36256908417
Fold2,Pedestrian_HistoryHeading_5,HighCostWorsened,0,,,,,,1789,0,437,0.488664304944,0.360764041555,119.722754711,69.2666959786,0.804900330305,1.45630353093,2.36256908417
Fold2,Pedestrian_HistoryHeading_6,Improved,184,-0.37877157764,-0.307770341635,-0.050586464256,-0.0250896655023,-0.00344453006983,1678,184,328,0.37877157764,0.334923336612,69.6939702858,48.2289604722,0.695475292206,1.21585298181,1.82809069991
Fold2,Pedestrian_HistoryHeading_6,Worsened,144,0.334923336612,0.1832448286,0.695475292206,1.21585298181,1.82809069991,1678,144,328,0.37877157764,0.334923336612,69.6939702858,48.2289604722,0.695475292206,1.21585298181,1.82809069991
Fold2,Pedestrian_HistoryHeading_6,Unchanged,1350,0,0,0,0,0,1678,0,328,0.37877157764,0.334923336612,69.6939702858,48.2289604722,0.695475292206,1.21585298181,1.82809069991
Fold2,Pedestrian_HistoryHeading_6,HighCostWorsened,0,,,,,,1678,0,328,0.37877157764,0.334923336612,69.6939702858,48.2289604722,0.695475292206,1.21585298181,1.82809069991
Fold2,Pedestrian_HistoryHeading_7,Improved,356,-0.401413553206,-0.362910151482,-0.0605147778988,-0.0353141874075,-0.00571429356933,2929,356,627,0.401413553206,0.384425100798,142.903224941,104.179202316,0.772857427597,1.08404421806,1.70457163602
Fold2,Pedestrian_HistoryHeading_7,Worsened,271,0.384425100798,0.344205021858,0.772857427597,1.08404421806,1.70457163602,2929,271,627,0.401413553206,0.384425100798,142.903224941,104.179202316,0.772857427597,1.08404421806,1.70457163602
Fold2,Pedestrian_HistoryHeading_7,Unchanged,2302,0,0,0,0,0,2929,0,627,0.401413553206,0.384425100798,142.903224941,104.179202316,0.772857427597,1.08404421806,1.70457163602
Fold2,Pedestrian_HistoryHeading_7,HighCostWorsened,0,,,,,,2929,0,627,0.401413553206,0.384425100798,142.903224941,104.179202316,0.772857427597,1.08404421806,1.70457163602
Fold2,Pedestrian_HistoryHeading_Missing,Improved,41,-0.0641862105851,-0.0673003345728,-0.0149865150452,-0.0126351416111,-0.00590618476272,1607,41,87,0.0641862105851,0.0688086992393,2.63163463399,3.16520016501,0.108397769742,0.12151100114,0.152988000214
Fold2,Pedestrian_HistoryHeading_Missing,Worsened,46,0.0688086992393,0.06902609393,0.108397769742,0.12151100114,0.152988000214,1607,46,87,0.0641862105851,0.0688086992393,2.63163463399,3.16520016501,0.108397769742,0.12151100114,0.152988000214
Fold2,Pedestrian_HistoryHeading_Missing,Unchanged,1520,0,0,0,0,0,1607,0,87,0.0641862105851,0.0688086992393,2.63163463399,3.16520016501,0.108397769742,0.12151100114,0.152988000214
Fold2,Pedestrian_HistoryHeading_Missing,HighCostWorsened,0,,,,,,1607,0,87,0.0641862105851,0.0688086992393,2.63163463399,3.16520016501,0.108397769742,0.12151100114,0.152988000214
Fold3,Overall,Improved,30698,-1.00481753728,-0.0646061385632,-0.051700180769,-0.0272180519998,-0.00663506645709,93767,30698,42778,1.00481753728,1.36449235173,30845.8887594,16483.0676089,5.24767289162,6.37320694923,11.8745513773
Fold3,Overall,Worsened,12080,1.36449235173,0.173494938761,5.24767289162,6.37320694923,11.8745513773,93767,12080,42778,1.00481753728,1.36449235173,30845.8887594,16483.0676089,5.24767289162,6.37320694923,11.8745513773
Fold3,Overall,Unchanged,50989,0,0,0,0,0,93767,0,42778,1.00481753728,1.36449235173,30845.8887594,16483.0676089,5.24767289162,6.37320694923,11.8745513773
Fold3,Overall,HighCostWorsened,1320,7.43617116046,6.2628903389,11.5022185326,14.5140649438,18.6462248397,93767,1320,42778,1.00481753728,1.36449235173,30845.8887594,16483.0676089,5.24767289162,6.37320694923,11.8745513773
Fold3,Vehicle,Improved,27016,-1.09047606496,-0.0640811386984,-0.0516260247678,-0.0273744370788,-0.00664409846067,69019,27016,35978,1.09047606496,1.71655602335,29460.3013711,15383.7750812,5.88981782198,6.86458185911,13.3121502423
Fold3,Vehicle,Worsened,8962,1.71655602335,0.142788521945,5.88981782198,6.86458185911,13.3121502423,69019,8962,35978,1.09047606496,1.71655602335,29460.3013711,15383.7750812,5.88981782198,6.86458185911,13.3121502423
Fold3,Vehicle,Unchanged,33041,0,0,0,0,0,69019,0,35978,1.09047606496,1.71655602335,29460.3013711,15383.7750812,5.88981782198,6.86458185911,13.3121502423
Fold3,Vehicle,HighCostWorsened,1319,7.4379269145,6.26310539246,11.5028177261,14.5154438734,18.6462849283,69019,1319,35978,1.09047606496,1.71655602335,29460.3013711,15383.7750812,5.88981782198,6.86458185911,13.3121502423
Fold3,Pedestrian,Improved,3682,-0.376313793664,-0.323715310544,-0.0523100137711,-0.02616994977,-0.00634263455868,23787,3682,6800,0.376313793664,0.352563350774,1385.58738827,1099.29252771,0.609101033211,0.969903329015,1.92942462206
Fold3,Pedestrian,Worsened,3118,0.352563350774,0.281242102385,0.609101033211,0.969903329015,1.92942462206,23787,3118,6800,0.376313793664,0.352563350774,1385.58738827,1099.29252771,0.609101033211,0.969903329015,1.92942462206
Fold3,Pedestrian,Unchanged,16987,0,0,0,0,0,23787,0,6800,0.376313793664,0.352563350774,1385.58738827,1099.29252771,0.609101033211,0.969903329015,1.92942462206
Fold3,Pedestrian,HighCostWorsened,1,5.12033158541,5.12033158541,5.12033158541,5.12033158541,5.12033158541,23787,1,6800,0.376313793664,0.352563350774,1385.58738827,1099.29252771,0.609101033211,0.969903329015,1.92942462206
Fold3,Bicycle,Improved,0,,,,,,961,0,0,0,0,-0,0,,,
Fold3,Bicycle,Worsened,0,,,,,,961,0,0,0,0,-0,0,,,
Fold3,Bicycle,Unchanged,961,0,0,0,0,0,961,0,0,0,0,-0,0,,,
Fold3,Bicycle,HighCostWorsened,0,,,,,,961,0,0,0,0,-0,0,,,
Fold3,MovingVehicle,Improved,5152,-5.22924331288,-4.68804216385,-0.402850198746,-0.092461650609,-0.0399004359543,14724,5152,8426,5.22924331288,4.2368132651,26941.061548,13871.3266299,7.36535246372,10.1894078732,15.5224017826
Fold3,MovingVehicle,Worsened,3274,4.2368132651,4.12272953987,7.36535246372,10.1894078732,15.5224017826,14724,3274,8426,5.22924331288,4.2368132651,26941.061548,13871.3266299,7.36535246372,10.1894078732,15.5224017826
Fold3,MovingVehicle,Unchanged,6298,0,0,0,0,0,14724,0,8426,5.22924331288,4.2368132651,26941.061548,13871.3266299,7.36535246372,10.1894078732,15.5224017826
Fold3,MovingVehicle,HighCostWorsened,1265,7.31863964078,6.24619531631,11.2445673943,13.7245051861,18.1474883652,14724,1265,8426,5.22924331288,4.2368132651,26941.061548,13871.3266299,7.36535246372,10.1894078732,15.5224017826
Fold3,StoppedVehicle,Improved,3089,-0.153682630222,-0.0639940404799,-0.0457065433264,-0.0262823581696,-0.00605179309845,8274,3089,4074,0.153682630222,0.413354354616,474.725644757,407.154039297,0.459345400333,2.0012573719,7.44496486187
Fold3,StoppedVehicle,Worsened,985,0.413354354616,0.0709819793701,0.459345400333,2.0012573719,7.44496486187,8274,985,4074,0.153682630222,0.413354354616,474.725644757,407.154039297,0.459345400333,2.0012573719,7.44496486187
Fold3,StoppedVehicle,Unchanged,4200,0,0,0,0,0,8274,0,4074,0.153682630222,0.413354354616,474.725644757,407.154039297,0.459345400333,2.0012573719,7.44496486187
Fold3,StoppedVehicle,HighCostWorsened,21,8.56855002746,7.41752433777,13.7366854846,14.9103882313,16.5716385365,8274,21,4074,0.153682630222,0.413354354616,474.725644757,407.154039297,0.459345400333,2.0012573719,7.44496486187
Fold3,ParkedVehicle,Improved,17896,-0.0786908777311,-0.062955784495,-0.043032579124,-0.0218725046143,-0.00517206415534,44139,17896,22409,0.0786908777311,0.165168582671,1408.25194788,745.405813595,0.214753711224,0.301380947232,2.21221219778
Fold3,ParkedVehicle,Worsened,4513,0.165168582671,0.0718881636858,0.214753711224,0.301380947232,2.21221219778,44139,4513,22409,0.0786908777311,0.165168582671,1408.25194788,745.405813595,0.214753711224,0.301380947232,2.21221219778
Fold3,ParkedVehicle,Unchanged,21730,0,0,0,0,0,44139,0,22409,0.0786908777311,0.165168582671,1408.25194788,745.405813595,0.214753711224,0.301380947232,2.21221219778
Fold3,ParkedVehicle,HighCostWorsened,10,12.1562892057,11.7248635888,17.7005688757,19.2644081369,20.5154795459,44139,10,22409,0.0786908777311,0.165168582671,1408.25194788,745.405813595,0.214753711224,0.301380947232,2.21221219778
Fold3,Vehicle>5m,Improved,4935,-5.51541900142,-4.86406898499,-0.788780403137,-0.309318447113,-0.0694516277313,13661,4935,7891,5.51541900142,4.32703186923,27218.592772,12790.7062055,7.31521475315,10.3964456916,16.2831331134
Fold3,Vehicle>5m,Worsened,2956,4.32703186923,4.21286416054,7.31521475315,10.3964456916,16.2831331134,13661,2956,7891,5.51541900142,4.32703186923,27218.592772,12790.7062055,7.31521475315,10.3964456916,16.2831331134
Fold3,Vehicle>5m,Unchanged,5770,0,0,0,0,0,13661,0,7891,5.51541900142,4.32703186923,27218.592772,12790.7062055,7.31521475315,10.3964456916,16.2831331134
Fold3,Vehicle>5m,HighCostWorsened,1169,7.3438311924,6.24288064241,11.3630514622,14.415566735,18.7445033646,13661,1169,7891,5.51541900142,4.32703186923,27218.592772,12790.7062055,7.31521475315,10.3964456916,16.2831331134
Fold3,Pedestrian<5m,Improved,658,-0.485256948872,-0.298911035061,-0.0364838983864,-0.0160145029426,-0.00261411745101,8470,658,1237,0.485256948872,0.425087625417,319.299072358,246.125735117,1.5234131813,1.75449385792,2.80272884429
Fold3,Pedestrian<5m,Worsened,579,0.425087625417,0.114882305264,1.5234131813,1.75449385792,2.80272884429,8470,579,1237,0.485256948872,0.425087625417,319.299072358,246.125735117,1.5234131813,1.75449385792,2.80272884429
Fold3,Pedestrian<5m,Unchanged,7233,0,0,0,0,0,8470,0,1237,0.485256948872,0.425087625417,319.299072358,246.125735117,1.5234131813,1.75449385792,2.80272884429
Fold3,Pedestrian<5m,HighCostWorsened,1,5.12033158541,5.12033158541,5.12033158541,5.12033158541,5.12033158541,8470,1,1237,0.485256948872,0.425087625417,319.299072358,246.125735117,1.5234131813,1.75449385792,2.80272884429
Fold3,Pedestrian>5m,Improved,3024,-0.352608570077,-0.324768513441,-0.06045550704,-0.0294834971428,-0.007526730299,15317,3024,5563,0.352608570077,0.336024731231,1066.28831591,853.166792595,0.554829311371,0.763743162155,1.38560923338
Fold3,Pedestrian>5m,Worsened,2539,0.336024731231,0.307970881462,0.554829311371,0.763743162155,1.38560923338,15317,2539,5563,0.352608570077,0.336024731231,1066.28831591,853.166792595,0.554829311371,0.763743162155,1.38560923338
Fold3,Pedestrian>5m,Unchanged,9754,0,0,0,0,0,15317,0,5563,0.352608570077,0.336024731231,1066.28831591,853.166792595,0.554829311371,0.763743162155,1.38560923338
Fold3,Pedestrian>5m,HighCostWorsened,0,,,,,,15317,0,5563,0.352608570077,0.336024731231,1066.28831591,853.166792595,0.554829311371,0.763743162155,1.38560923338
Fold3,Pedestrian5-8m,Improved,1646,-0.345216882879,-0.321287274361,-0.060317158699,-0.0289371460676,-0.008597022295,8224,1646,3026,0.345216882879,0.33278273824,568.226989218,459.240178772,0.562549462914,0.785839702189,1.46069563866
Fold3,Pedestrian5-8m,Worsened,1380,0.33278273824,0.290575027466,0.562549462914,0.785839702189,1.46069563866,8224,1380,3026,0.345216882879,0.33278273824,568.226989218,459.240178772,0.562549462914,0.785839702189,1.46069563866
Fold3,Pedestrian5-8m,Unchanged,5198,0,0,0,0,0,8224,0,3026,0.345216882879,0.33278273824,568.226989218,459.240178772,0.562549462914,0.785839702189,1.46069563866
Fold3,Pedestrian5-8m,HighCostWorsened,0,,,,,,8224,0,3026,0.345216882879,0.33278273824,568.226989218,459.240178772,0.562549462914,0.785839702189,1.46069563866
Fold3,Pedestrian_RecentSpeed_0,Improved,360,-0.178697256679,-0.0866820809897,-0.0164511620998,-0.00782683566213,-0.00175953626633,7402,360,780,0.178697256679,0.171564045649,64.3310124045,72.0568991726,0.168889128789,0.586085909605,1.75914919198
Fold3,Pedestrian_RecentSpeed_0,Worsened,420,0.171564045649,0.0811218153685,0.168889128789,0.586085909605,1.75914919198,7402,420,780,0.178697256679,0.171564045649,64.3310124045,72.0568991726,0.168889128789,0.586085909605,1.75914919198
Fold3,Pedestrian_RecentSpeed_0,Unchanged,6622,0,0,0,0,0,7402,0,780,0.178697256679,0.171564045649,64.3310124045,72.0568991726,0.168889128789,0.586085909605,1.75914919198
Fold3,Pedestrian_RecentSpeed_0,HighCostWorsened,0,,,,,,7402,0,780,0.178697256679,0.171564045649,64.3310124045,72.0568991726,0.168889128789,0.586085909605,1.75914919198
Fold3,Pedestrian_RecentSpeed_1,Improved,2374,-0.410530942085,-0.370009869337,-0.0686463117599,-0.0335524976254,-0.00876006782055,12315,2374,4348,0.410530942085,0.398876675779,974.600456511,787.382557989,0.625363779068,1.01739793122,2.14813233256
Fold3,Pedestrian_RecentSpeed_1,Worsened,1974,0.398876675779,0.345747318119,0.625363779068,1.01739793122,2.14813233256,12315,1974,4348,0.410530942085,0.398876675779,974.600456511,787.382557989,0.625363779068,1.01739793122,2.14813233256
Fold3,Pedestrian_RecentSpeed_1,Unchanged,7967,0,0,0,0,0,12315,0,4348,0.410530942085,0.398876675779,974.600456511,787.382557989,0.625363779068,1.01739793122,2.14813233256
Fold3,Pedestrian_RecentSpeed_1,HighCostWorsened,1,5.12033158541,5.12033158541,5.12033158541,5.12033158541,5.12033158541,12315,1,4348,0.410530942085,0.398876675779,974.600456511,787.382557989,0.625363779068,1.01739793122,2.14813233256
Fold3,Pedestrian_RecentSpeed_2,Improved,892,-0.346824888336,-0.316341727972,-0.055896115303,-0.0289915621281,-0.00578324973583,3990,892,1603,0.346824888336,0.332045707596,309.367800396,236.084498101,0.611207991838,0.922684535384,1.33033555746
Fold3,Pedestrian_RecentSpeed_2,Worsened,711,0.332045707596,0.297993212938,0.611207991838,0.922684535384,1.33033555746,3990,711,1603,0.346824888336,0.332045707596,309.367800396,236.084498101,0.611207991838,0.922684535384,1.33033555746
Fold3,Pedestrian_RecentSpeed_2,Unchanged,2387,0,0,0,0,0,3990,0,1603,0.346824888336,0.332045707596,309.367800396,236.084498101,0.611207991838,0.922684535384,1.33033555746
Fold3,Pedestrian_RecentSpeed_2,HighCostWorsened,0,,,,,,3990,0,1603,0.346824888336,0.332045707596,309.367800396,236.084498101,0.611207991838,0.922684535384,1.33033555746
Fold3,Pedestrian_RecentSpeed_3,Improved,56,-0.665859267116,-0.605251312256,-0.273195743561,-0.163313150406,-0.067732334137,80,56,69,0.665859267116,0.289890188437,37.2881189585,3.76857244968,0.596873378754,0.769180202484,0.967019252777
Fold3,Pedestrian_RecentSpeed_3,Worsened,13,0.289890188437,0.240272641182,0.596873378754,0.769180202484,0.967019252777,80,13,69,0.665859267116,0.289890188437,37.2881189585,3.76857244968,0.596873378754,0.769180202484,0.967019252777
Fold3,Pedestrian_RecentSpeed_3,Unchanged,11,0,0,0,0,0,80,0,69,0.665859267116,0.289890188437,37.2881189585,3.76857244968,0.596873378754,0.769180202484,0.967019252777
Fold3,Pedestrian_RecentSpeed_3,HighCostWorsened,0,,,,,,80,0,69,0.665859267116,0.289890188437,37.2881189585,3.76857244968,0.596873378754,0.769180202484,0.967019252777
Fold3,Pedestrian_HistoryDisp_0,Improved,347,-0.128623936859,-0.0842982195318,-0.0160452991724,-0.00761743932962,-0.001740218997,7085,347,754,0.128623936859,0.115222508645,44.6325060902,46.8955610184,0.153164617717,0.248722577095,1.07388899326
Fold3,Pedestrian_HistoryDisp_0,Worsened,407,0.115222508645,0.0796994529665,0.153164617717,0.248722577095,1.07388899326,7085,407,754,0.128623936859,0.115222508645,44.6325060902,46.8955610184,0.153164617717,0.248722577095,1.07388899326
Fold3,Pedestrian_HistoryDisp_0,Unchanged,6331,0,0,0,0,0,7085,0,754,0.128623936859,0.115222508645,44.6325060902,46.8955610184,0.153164617717,0.248722577095,1.07388899326
Fold3,Pedestrian_HistoryDisp_0,HighCostWorsened,0,,,,,,7085,0,754,0.128623936859,0.115222508645,44.6325060902,46.8955610184,0.153164617717,0.248722577095,1.07388899326
Fold3,Pedestrian_HistoryDisp_1,Improved,624,-0.616416485494,-0.475135415792,-0.084927354753,-0.0462164163589,-0.0124281179905,3503,624,1175,0.616416485494,0.633267707988,384.643886948,348.930507101,1.56395125389,1.77171096206,2.79271291196
Fold3,Pedestrian_HistoryDisp_1,Worsened,551,0.633267707988,0.463591098785,1.56395125389,1.77171096206,2.79271291196,3503,551,1175,0.616416485494,0.633267707988,384.643886948,348.930507101,1.56395125389,1.77171096206,2.79271291196
Fold3,Pedestrian_HistoryDisp_1,Unchanged,2328,0,0,0,0,0,3503,0,1175,0.616416485494,0.633267707988,384.643886948,348.930507101,1.56395125389,1.77171096206,2.79271291196
Fold3,Pedestrian_HistoryDisp_1,HighCostWorsened,1,5.12033158541,5.12033158541,5.12033158541,5.12033158541,5.12033158541,3503,1,1175,0.616416485494,0.633267707988,384.643886948,348.930507101,1.56395125389,1.77171096206,2.79271291196
Fold3,Pedestrian_HistoryDisp_2,Improved,2621,-0.342760879185,-0.330967187881,-0.0621083974838,-0.0303185135126,-0.00782597064972,13060,2621,4753,0.342760879185,0.325055762995,898.376264344,693.018886705,0.536593997478,0.651943635941,1.25386313617
Fold3,Pedestrian_HistoryDisp_2,Worsened,2132,0.325055762995,0.304605990648,0.536593997478,0.651943635941,1.25386313617,13060,2132,4753,0.342760879185,0.325055762995,898.376264344,693.018886705,0.536593997478,0.651943635941,1.25386313617
Fold3,Pedestrian_HistoryDisp_2,Unchanged,8307,0,0,0,0,0,13060,0,4753,0.342760879185,0.325055762995,898.376264344,693.018886705,0.536593997478,0.651943635941,1.25386313617
Fold3,Pedestrian_HistoryDisp_2,HighCostWorsened,0,,,,,,13060,0,4753,0.342760879185,0.325055762995,898.376264344,693.018886705,0.536593997478,0.651943635941,1.25386313617
Fold3,Pedestrian_HistoryDisp_3,Improved,90,-0.643719232082,-0.60123193264,-0.262983369827,-0.169986701012,-0.035422410965,139,90,118,0.643719232082,0.373127603105,57.9347308874,10.4475728869,0.733289456367,1.16601718962,1.31668676555
Fold3,Pedestrian_HistoryDisp_3,Worsened,28,0.373127603105,0.249192714691,0.733289456367,1.16601718962,1.31668676555,139,28,118,0.643719232082,0.373127603105,57.9347308874,10.4475728869,0.733289456367,1.16601718962,1.31668676555
Fold3,Pedestrian_HistoryDisp_3,Unchanged,21,0,0,0,0,0,139,0,118,0.643719232082,0.373127603105,57.9347308874,10.4475728869,0.733289456367,1.16601718962,1.31668676555
Fold3,Pedestrian_HistoryDisp_3,HighCostWorsened,0,,,,,,139,0,118,0.643719232082,0.373127603105,57.9347308874,10.4475728869,0.733289456367,1.16601718962,1.31668676555
Fold3,Pedestrian_HistoryHeading_0,Improved,493,-0.380055637149,-0.330967187881,-0.0595078513026,-0.0386719547212,-0.00687708437443,3291,493,983,0.380055637149,0.410264330034,187.367429115,201.029521717,0.67060713172,1.43540866822,1.94596878886
Fold3,Pedestrian_HistoryHeading_0,Worsened,490,0.410264330034,0.345750808716,0.67060713172,1.43540866822,1.94596878886,3291,490,983,0.380055637149,0.410264330034,187.367429115,201.029521717,0.67060713172,1.43540866822,1.94596878886
Fold3,Pedestrian_HistoryHeading_0,Unchanged,2308,0,0,0,0,0,3291,0,983,0.380055637149,0.410264330034,187.367429115,201.029521717,0.67060713172,1.43540866822,1.94596878886
Fold3,Pedestrian_HistoryHeading_0,HighCostWorsened,0,,,,,,3291,0,983,0.380055637149,0.410264330034,187.367429115,201.029521717,0.67060713172,1.43540866822,1.94596878886
Fold3,Pedestrian_HistoryHeading_1,Improved,302,-0.365788375009,-0.305293530226,-0.0580311119556,-0.025593149662,-0.00408091068268,1993,302,528,0.365788375009,0.360690302389,110.468089253,81.5160083398,0.631214737892,0.991523146629,2.4422712326
Fold3,Pedestrian_HistoryHeading_1,Worsened,226,0.360690302389,0.249474287033,0.631214737892,0.991523146629,2.4422712326,1993,226,528,0.365788375009,0.360690302389,110.468089253,81.5160083398,0.631214737892,0.991523146629,2.4422712326
Fold3,Pedestrian_HistoryHeading_1,Unchanged,1465,0,0,0,0,0,1993,0,528,0.365788375009,0.360690302389,110.468089253,81.5160083398,0.631214737892,0.991523146629,2.4422712326
Fold3,Pedestrian_HistoryHeading_1,HighCostWorsened,0,,,,,,1993,0,528,0.365788375009,0.360690302389,110.468089253,81.5160083398,0.631214737892,0.991523146629,2.4422712326
Fold3,Pedestrian_HistoryHeading_2,Improved,196,-0.396720382974,-0.357675850391,-0.041793346405,-0.0188629627228,-0.00693446416408,1630,196,338,0.396720382974,0.439500626098,77.7571950629,62.4090889059,0.785135602951,1.51287488937,2.86005726278
Fold3,Pedestrian_HistoryHeading_2,Worsened,142,0.439500626098,0.338590756059,0.785135602951,1.51287488937,2.86005726278,1630,142,338,0.396720382974,0.439500626098,77.7571950629,62.4090889059,0.785135602951,1.51287488937,2.86005726278
Fold3,Pedestrian_HistoryHeading_2,Unchanged,1292,0,0,0,0,0,1630,0,338,0.396720382974,0.439500626098,77.7571950629,62.4090889059,0.785135602951,1.51287488937,2.86005726278
Fold3,Pedestrian_HistoryHeading_2,HighCostWorsened,1,5.12033158541,5.12033158541,5.12033158541,5.12033158541,5.12033158541,1630,1,338,0.396720382974,0.439500626098,77.7571950629,62.4090889059,0.785135602951,1.51287488937,2.86005726278
Fold3,Pedestrian_HistoryHeading_3,Improved,672,-0.347250005887,-0.328019559383,-0.0626851201057,-0.0280479520559,-0.00722913403064,3628,672,1224,0.347250005887,0.320966537794,233.352003956,177.173528862,0.517710655928,0.603843447566,1.30136750519
Fold3,Pedestrian_HistoryHeading_3,Worsened,552,0.320966537794,0.303570970893,0.517710655928,0.603843447566,1.30136750519,3628,552,1224,0.347250005887,0.320966537794,233.352003956,177.173528862,0.517710655928,0.603843447566,1.30136750519
Fold3,Pedestrian_HistoryHeading_3,Unchanged,2404,0,0,0,0,0,3628,0,1224,0.347250005887,0.320966537794,233.352003956,177.173528862,0.517710655928,0.603843447566,1.30136750519
Fold3,Pedestrian_HistoryHeading_3,HighCostWorsened,0,,,,,,3628,0,1224,0.347250005887,0.320966537794,233.352003956,177.173528862,0.517710655928,0.603843447566,1.30136750519
Fold3,Pedestrian_HistoryHeading_4,Improved,910,-0.38564239857,-0.34462364018,-0.0597621649504,-0.0295588672161,-0.00778264150023,4197,910,1698,0.38564239857,0.325462511023,350.934582699,256.464458686,0.542318737507,0.724340303242,1.44501102209
Fold3,Pedestrian_HistoryHeading_4,Worsened,788,0.325462511023,0.278201967478,0.542318737507,0.724340303242,1.44501102209,4197,788,1698,0.38564239857,0.325462511023,350.934582699,256.464458686,0.542318737507,0.724340303242,1.44501102209
Fold3,Pedestrian_HistoryHeading_4,Unchanged,2499,0,0,0,0,0,4197,0,1698,0.38564239857,0.325462511023,350.934582699,256.464458686,0.542318737507,0.724340303242,1.44501102209
Fold3,Pedestrian_HistoryHeading_4,HighCostWorsened,0,,,,,,4197,0,1698,0.38564239857,0.325462511023,350.934582699,256.464458686,0.542318737507,0.724340303242,1.44501102209
Fold3,Pedestrian_HistoryHeading_5,Improved,385,-0.409493200163,-0.308695554733,-0.0389473885298,-0.0237372785807,-0.00819337129593,2050,385,739,0.409493200163,0.361999872684,157.654882063,128.14795493,0.919105924666,1.17393839061,1.75360110998
Fold3,Pedestrian_HistoryHeading_5,Worsened,354,0.361999872684,0.219576001167,0.919105924666,1.17393839061,1.75360110998,2050,354,739,0.409493200163,0.361999872684,157.654882063,128.14795493,0.919105924666,1.17393839061,1.75360110998
Fold3,Pedestrian_HistoryHeading_5,Unchanged,1311,0,0,0,0,0,2050,0,739,0.409493200163,0.361999872684,157.654882063,128.14795493,0.919105924666,1.17393839061,1.75360110998
Fold3,Pedestrian_HistoryHeading_5,HighCostWorsened,0,,,,,,2050,0,739,0.409493200163,0.361999872684,157.654882063,128.14795493,0.919105924666,1.17393839061,1.75360110998
Fold3,Pedestrian_HistoryHeading_6,Improved,210,-0.436202171507,-0.334385931492,-0.0402738112956,-0.0282119870186,-0.00759358197451,1801,210,420,0.436202171507,0.388404531799,91.6024560165,81.5649516778,0.886327317357,1.22924623489,1.71153696597
Fold3,Pedestrian_HistoryHeading_6,Worsened,210,0.388404531799,0.30816629529,0.886327317357,1.22924623489,1.71153696597,1801,210,420,0.436202171507,0.388404531799,91.6024560165,81.5649516778,0.886327317357,1.22924623489,1.71153696597
Fold3,Pedestrian_HistoryHeading_6,Unchanged,1381,0,0,0,0,0,1801,0,420,0.436202171507,0.388404531799,91.6024560165,81.5649516778,0.886327317357,1.22924623489,1.71153696597
Fold3,Pedestrian_HistoryHeading_6,HighCostWorsened,0,,,,,,1801,0,420,0.436202171507,0.388404531799,91.6024560165,81.5649516778,0.886327317357,1.22924623489,1.71153696597
Fold3,Pedestrian_HistoryHeading_7,Improved,477,-0.364687268159,-0.298903465271,-0.0745353341103,-0.0407295763493,-0.00853397846222,3154,477,775,0.364687268159,0.359643172832,173.955826912,107.173665504,0.585238671303,1.03477663696,1.86399784327
Fold3,Pedestrian_HistoryHeading_7,Worsened,298,0.359643172832,0.281163021922,0.585238671303,1.03477663696,1.86399784327,3154,298,775,0.364687268159,0.359643172832,173.955826912,107.173665504,0.585238671303,1.03477663696,1.86399784327
Fold3,Pedestrian_HistoryHeading_7,Unchanged,2379,0,0,0,0,0,3154,0,775,0.364687268159,0.359643172832,173.955826912,107.173665504,0.585238671303,1.03477663696,1.86399784327
Fold3,Pedestrian_HistoryHeading_7,HighCostWorsened,0,,,,,,3154,0,775,0.364687268159,0.359643172832,173.955826912,107.173665504,0.585238671303,1.03477663696,1.86399784327
Fold3,Pedestrian_HistoryHeading_Missing,Improved,37,-0.0674303565678,-0.0690133143216,-0.00983870625496,-0.00511645525694,-0.0024827131629,2043,37,95,0.0674303565678,0.0657473980883,2.49492319301,3.81334908912,0.106119215488,0.115512954071,0.136589253247
Fold3,Pedestrian_HistoryHeading_Missing,Worsened,58,0.0657473980883,0.0672180275433,0.106119215488,0.115512954071,0.136589253247,2043,58,95,0.0674303565678,0.0657473980883,2.49492319301,3.81334908912,0.106119215488,0.115512954071,0.136589253247
Fold3,Pedestrian_HistoryHeading_Missing,Unchanged,1948,0,0,0,0,0,2043,0,95,0.0674303565678,0.0657473980883,2.49492319301,3.81334908912,0.106119215488,0.115512954071,0.136589253247
Fold3,Pedestrian_HistoryHeading_Missing,HighCostWorsened,0,,,,,,2043,0,95,0.0674303565678,0.0657473980883,2.49492319301,3.81334908912,0.106119215488,0.115512954071,0.136589253247
