Scope,Group,ActorType,Feature,Count,Scenes,SceneMean,SceneMedian,SceneP90,SceneP95,CI95Low,CI95High
Pooled,MovingVehicle,Vehicle,centerline_mean_distance,41201,594,0.0627293154117,0.0631446540881,0.480721966206,0.610942857143,,
Fold1,MovingVehicle,Vehicle,centerline_mean_distance,12619,200,0.0566849400154,0.0388207982826,0.507686762779,0.624598639456,,
Fold2,MovingVehicle,Vehicle,centerline_mean_distance,14048,194,0.0449998067401,0.0437737200143,0.403950288122,0.504311106931,,
Fold3,MovingVehicle,Vehicle,centerline_mean_distance,14534,200,0.0859713142195,0.0899769585253,0.491796477495,0.615080645161,,
Pooled,StoppedVehicle,Vehicle,centerline_mean_distance,22133,360,0.479880470709,0.536992481203,0.785800865801,0.839950525665,,
Fold1,StoppedVehicle,Vehicle,centerline_mean_distance,6576,119,0.480326501385,0.552839931153,0.792681704261,0.908571428571,,
Fold2,StoppedVehicle,Vehicle,centerline_mean_distance,7456,114,0.500148472346,0.569142857143,0.792597402597,0.834619364375,,
Fold3,StoppedVehicle,Vehicle,centerline_mean_distance,8101,127,0.46126921215,0.514285714286,0.772675324675,0.826428571429,,
Pooled,ParkedVehicle,Vehicle,centerline_mean_distance,82050,501,0.197840590422,0.188622563119,0.591836734694,0.67032967033,,
Fold1,ParkedVehicle,Vehicle,centerline_mean_distance,27677,168,0.250917672914,0.240852130326,0.657142857143,0.718,,
Fold2,ParkedVehicle,Vehicle,centerline_mean_distance,25557,166,0.190335510537,0.187717931107,0.619565217391,0.707001063453,,
Fold3,ParkedVehicle,Vehicle,centerline_mean_distance,28816,167,0.151905820377,0.157565511412,0.487705167173,0.590299003322,,
Pooled,Vehicle>5m,Vehicle,centerline_mean_distance,37936,595,0.0192063716881,0.000361663652803,0.412244897959,0.568477443609,,
Fold1,Vehicle>5m,Vehicle,centerline_mean_distance,11746,198,0.0147636746868,-0.0188051948052,0.419480519481,0.54035467263,,
Fold2,Vehicle>5m,Vehicle,centerline_mean_distance,12637,196,-0.00218682836524,-0.0053781512605,0.33843537415,0.427817185957,,
Fold3,Vehicle>5m,Vehicle,centerline_mean_distance,13553,201,0.0444437906768,0.0571428571429,0.460714285714,0.581714285714,,
Pooled,MovingVehicle,Vehicle,centerline_heading_error,41201,594,0.0438594188595,0.0548427672956,0.307676982988,0.381619047619,,
Fold1,MovingVehicle,Vehicle,centerline_heading_error,12619,200,0.0556578709558,0.0647619047619,0.321036634139,0.381047619048,,
Fold2,MovingVehicle,Vehicle,centerline_heading_error,14048,194,0.02907104285,0.030948296986,0.274185725866,0.358917857143,,
Fold3,MovingVehicle,Vehicle,centerline_heading_error,14534,200,0.0464056914925,0.0586499215071,0.306110762377,0.395636363636,,
Pooled,StoppedVehicle,Vehicle,centerline_heading_error,22133,360,0.00808633172378,0.0110635127584,0.37837156392,0.543428571429,,
Fold1,StoppedVehicle,Vehicle,centerline_heading_error,6576,119,0.00419795181342,0.0113378684807,0.354712314712,0.480368663594,,
Fold2,StoppedVehicle,Vehicle,centerline_heading_error,7456,114,0.00220057920157,0.00383669813649,0.422095238095,0.568619047619,,
Fold3,StoppedVehicle,Vehicle,centerline_heading_error,8101,127,0.0170130482345,0.0122448979592,0.383428571429,0.542857142857,,
Pooled,ParkedVehicle,Vehicle,centerline_heading_error,82050,501,-0.0175378040396,0.0061468412066,0.298503401361,0.419047619048,,
Fold1,ParkedVehicle,Vehicle,centerline_heading_error,27677,168,-0.0309890957175,-0.0227414639759,0.315216662007,0.4974,,
Fold2,ParkedVehicle,Vehicle,centerline_heading_error,25557,166,-0.00789459790457,0.0210618658238,0.284212784213,0.404936854191,,
Fold3,ParkedVehicle,Vehicle,centerline_heading_error,28816,167,-0.0135914280907,0.0120481927711,0.26659047619,0.388060150376,,
Pooled,Vehicle>5m,Vehicle,centerline_heading_error,37936,595,0.069777219365,0.079802955665,0.340261042053,0.423857142857,,
Fold1,Vehicle>5m,Vehicle,centerline_heading_error,11746,198,0.0868120518358,0.104166666667,0.360568181818,0.42217032967,,
Fold2,Vehicle>5m,Vehicle,centerline_heading_error,12637,196,0.0511058725557,0.0490756302521,0.304438930245,0.379761904762,,
Fold3,Vehicle>5m,Vehicle,centerline_heading_error,13553,201,0.0712035235711,0.0798455598456,0.336009747989,0.444155844156,,
Pooled,MovingVehicle,Vehicle,drivable_inside_fraction,14252,544,0.17536638011,0.196590151492,0.710727182277,0.768588616229,,
Fold1,MovingVehicle,Vehicle,drivable_inside_fraction,4590,191,0.19643031734,0.264511660169,0.729776649585,0.777305489733,,
Fold2,MovingVehicle,Vehicle,drivable_inside_fraction,4947,172,0.138822353129,0.12808019583,0.654653670708,0.735137212151,,
Fold3,MovingVehicle,Vehicle,drivable_inside_fraction,4715,181,0.187865610111,0.206284947474,0.702278816713,0.799794726643,,
Pooled,StoppedVehicle,Vehicle,drivable_inside_fraction,10106,341,0.678922671076,0.716097792529,0.802820791613,0.845154254729,,
Fold1,StoppedVehicle,Vehicle,drivable_inside_fraction,3092,114,0.677039932775,0.718153865381,0.794112014837,0.828737069884,,
Fold2,StoppedVehicle,Vehicle,drivable_inside_fraction,3581,109,0.677362603573,0.723233880955,0.802411710497,0.838324021321,,
Fold3,StoppedVehicle,Vehicle,drivable_inside_fraction,3433,118,0.682182667042,0.711312832432,0.826696538792,0.845154254729,,
Pooled,ParkedVehicle,Vehicle,drivable_inside_fraction,48159,450,0.646440842708,0.732970513746,0.803822873581,0.845154254729,,
Fold1,ParkedVehicle,Vehicle,drivable_inside_fraction,18579,161,0.677480661657,0.734063323334,0.814812196642,0.845154254729,,
Fold2,ParkedVehicle,Vehicle,drivable_inside_fraction,14414,143,0.645083010448,0.734864442927,0.798967484572,0.819813498811,,
Fold3,ParkedVehicle,Vehicle,drivable_inside_fraction,15166,146,0.613541932861,0.724140583109,0.801664826235,0.843512008315,,
Pooled,Vehicle>5m,Vehicle,drivable_inside_fraction,13421,535,0.116639802253,0.124390099744,0.67609243399,0.766798151465,,
Fold1,Vehicle>5m,Vehicle,drivable_inside_fraction,4362,187,0.130565453226,0.193872720708,0.699098795779,0.774934234445,,
Fold2,Vehicle>5m,Vehicle,drivable_inside_fraction,4546,172,0.0960739835885,0.0733184951325,0.654653670708,0.737803751638,,
Fold3,Vehicle>5m,Vehicle,drivable_inside_fraction,4513,176,0.121942211789,0.137193814614,0.657321855462,0.798056791944,,
Pooled,Pedestrian<5m,Pedestrian,crosswalk_distance,5385,154,-0.252142587552,-0.269095338866,0.346564166978,0.565932249421,,
Fold1,Pedestrian<5m,Pedestrian,crosswalk_distance,1465,55,-0.272106891668,-0.278188324048,0.31120159243,0.431582681078,,
Fold2,Pedestrian<5m,Pedestrian,crosswalk_distance,1814,46,-0.364449371913,-0.394061970331,0.10186725842,0.26860855604,,
Fold3,Pedestrian<5m,Pedestrian,crosswalk_distance,2106,53,-0.133951100629,-0.184959762432,0.572076473124,0.756676579747,,
Pooled,Pedestrian>5m,Pedestrian,crosswalk_distance,4511,223,-0.00893773043653,0.0253074233519,0.654653670708,0.763144552149,,
Fold1,Pedestrian>5m,Pedestrian,crosswalk_distance,1277,64,-0.0125028805656,-0.000778320590082,0.651614830531,0.703068175355,,
Fold2,Pedestrian>5m,Pedestrian,crosswalk_distance,1494,71,0.00123329453359,0.104761904762,0.567366514614,0.684032566988,,
Fold3,Pedestrian>5m,Pedestrian,crosswalk_distance,1740,88,-0.0145510618526,0.00471911589956,0.710128314971,0.809767515049,,
Pooled,Pedestrian5-8m,Pedestrian,crosswalk_distance,2517,177,-0.0220275010001,-0.014059952433,0.655649345282,0.843316565231,,
Fold1,Pedestrian5-8m,Pedestrian,crosswalk_distance,687,52,-0.0501390686006,-0.0538042011349,0.700545220728,0.791987383375,,
Fold2,Pedestrian5-8m,Pedestrian,crosswalk_distance,875,52,0.00619673651898,0.0397100324614,0.604098002623,0.750264813876,,
Fold3,Pedestrian5-8m,Pedestrian,crosswalk_distance,955,73,-0.0221077590242,-0.0541446985923,0.662045955063,0.834285714286,,
Pooled,Pedestrian_RecentSpeed_0,Pedestrian,crosswalk_distance,4886,142,-0.15139757203,-0.17111990882,0.430833323935,0.654653670708,,
Fold1,Pedestrian_RecentSpeed_0,Pedestrian,crosswalk_distance,1320,51,-0.182217098654,-0.21664078539,0.395531478839,0.684083142774,,
Fold2,Pedestrian_RecentSpeed_0,Pedestrian,crosswalk_distance,1663,40,-0.198334111394,-0.17884426956,0.396592783558,0.582954281706,,
Fold3,Pedestrian_RecentSpeed_0,Pedestrian,crosswalk_distance,1903,51,-0.0837650733563,-0.127939511556,0.432142857143,0.654653670708,,
Pooled,Pedestrian_RecentSpeed_1,Pedestrian,crosswalk_distance,3852,227,-0.0922469120792,-0.0785866948054,0.654653670708,0.826002845119,,
Fold1,Pedestrian_RecentSpeed_1,Pedestrian,crosswalk_distance,1092,61,-0.150811436235,-0.244897959184,0.654653670708,0.827326835354,,
Fold2,Pedestrian_RecentSpeed_1,Pedestrian,crosswalk_distance,1260,75,-0.101746069784,-0.0218010364802,0.49789987238,0.670389603852,,
Fold3,Pedestrian_RecentSpeed_1,Pedestrian,crosswalk_distance,1500,91,-0.0451603977783,-0.0508923488892,0.663894026152,0.83686284165,,
Pooled,Pedestrian_RecentSpeed_2,Pedestrian,crosswalk_distance,1135,134,0.021405244885,0.0349155505453,0.707030138109,0.852634628627,,
Fold1,Pedestrian_RecentSpeed_2,Pedestrian,crosswalk_distance,317,42,0.0733657567052,-0.00379125826714,0.858182795532,0.995932108346,,
Fold2,Pedestrian_RecentSpeed_2,Pedestrian,crosswalk_distance,378,45,0.0629364412285,0.185714285714,0.686753246753,0.773402823137,,
Fold3,Pedestrian_RecentSpeed_2,Pedestrian,crosswalk_distance,440,47,-0.0647914643046,-0.039345212222,0.683327357182,0.784971188815,,
Pooled,Pedestrian_RecentSpeed_3,Pedestrian,crosswalk_distance,23,7,0.266840625953,0.657142857143,0.889698244697,0.944849122349,,
Fold1,Pedestrian_RecentSpeed_3,Pedestrian,crosswalk_distance,13,4,0.0539129050181,0.253571428571,0.693098991193,0.700803877061,,
Fold2,Pedestrian_RecentSpeed_3,Pedestrian,crosswalk_distance,7,2,0.418034510217,0.418034510217,0.883606902043,0.941803451022,,
Fold3,Pedestrian_RecentSpeed_3,Pedestrian,crosswalk_distance,3,1,0.816163741162,0.816163741162,0.816163741162,0.816163741162,,
Pooled,Pedestrian_HistoryDisp_0,Pedestrian,crosswalk_distance,4501,138,-0.154601030974,-0.202643389251,0.534967797132,0.773292836797,,
Fold1,Pedestrian_HistoryDisp_0,Pedestrian,crosswalk_distance,1184,49,-0.155137393673,-0.211674957719,0.617073899782,0.7436493073,,
Fold2,Pedestrian_HistoryDisp_0,Pedestrian,crosswalk_distance,1536,38,-0.161306002423,-0.211596448956,0.420249900706,0.688598477245,,
Fold3,Pedestrian_HistoryDisp_0,Pedestrian,crosswalk_distance,1781,51,-0.149089841025,-0.187375876885,0.503805871453,0.774019605146,,
Pooled,Pedestrian_HistoryDisp_1,Pedestrian,crosswalk_distance,1565,167,-0.143061927037,-0.167014231226,0.655649345282,0.839329150249,,
Fold1,Pedestrian_HistoryDisp_1,Pedestrian,crosswalk_distance,399,45,-0.114627558046,-0.167014231226,0.654653670708,0.68,,
Fold2,Pedestrian_HistoryDisp_1,Pedestrian,crosswalk_distance,639,60,-0.23136093709,-0.227142857143,0.429534897822,0.709246640263,,
Fold3,Pedestrian_HistoryDisp_1,Pedestrian,crosswalk_distance,527,62,-0.0782491206092,-0.118745607809,0.830957302029,0.93008335984,,
Pooled,Pedestrian_HistoryDisp_2,Pedestrian,crosswalk_distance,3788,212,-0.0555876620951,-0.038474702996,0.652521636971,0.709815974985,,
Fold1,Pedestrian_HistoryDisp_2,Pedestrian,crosswalk_distance,1134,60,-0.0921437879454,-0.120274115339,0.635465367071,0.698921184809,,
Fold2,Pedestrian_HistoryDisp_2,Pedestrian,crosswalk_distance,1121,68,-0.0232032343221,0.0285714285714,0.546332615464,0.654653670708,,
Fold3,Pedestrian_HistoryDisp_2,Pedestrian,crosswalk_distance,1533,84,-0.0556921089706,-0.0914625341422,0.654653670708,0.785348345142,,
Pooled,Pedestrian_HistoryDisp_3,Pedestrian,crosswalk_distance,42,10,0.451834053957,0.743070798907,1,1,,
Fold1,Pedestrian_HistoryDisp_3,Pedestrian,crosswalk_distance,25,4,0.529050953815,0.674768574296,0.920871290529,0.960435645264,,
Fold2,Pedestrian_HistoryDisp_3,Pedestrian,crosswalk_distance,12,4,0.209017255108,0.418034510217,1,1,,
Fold3,Pedestrian_HistoryDisp_3,Pedestrian,crosswalk_distance,5,2,0.78303385194,0.78303385194,0.809537763318,0.81285075224,,
Pooled,Pedestrian_HistoryHeading_0,Pedestrian,crosswalk_distance,1160,124,-0.104411927634,-0.234390998418,0.794171761671,0.997841614091,,
Fold1,Pedestrian_HistoryHeading_0,Pedestrian,crosswalk_distance,358,42,-0.161284650378,-0.317493801714,0.695466751089,0.912638747187,,
Fold2,Pedestrian_HistoryHeading_0,Pedestrian,crosswalk_distance,322,33,-0.190446010098,-0.243934963052,0.482285873867,0.916773138209,,
Fold3,Pedestrian_HistoryHeading_0,Pedestrian,crosswalk_distance,480,49,0.00227744127501,-0.0285714285714,0.831887993803,0.994244304244,,
Pooled,Pedestrian_HistoryHeading_1,Pedestrian,crosswalk_distance,781,107,-0.0445434637303,-0.0146683291285,0.835204559034,0.992653061224,,
Fold1,Pedestrian_HistoryHeading_1,Pedestrian,crosswalk_distance,242,32,-0.0272701404165,0.0190664007698,0.817255468554,0.85391233632,,
Fold2,Pedestrian_HistoryHeading_1,Pedestrian,crosswalk_distance,275,34,-0.0498216160412,0.0268230703083,0.840179406881,0.962857142857,,
Fold3,Pedestrian_HistoryHeading_1,Pedestrian,crosswalk_distance,264,41,-0.0536480775709,-0.0823481394309,0.9,1,,
Pooled,Pedestrian_HistoryHeading_2,Pedestrian,crosswalk_distance,914,111,0.00284067136952,-0.049696575875,0.902871488134,0.98495196365,,
Fold1,Pedestrian_HistoryHeading_2,Pedestrian,crosswalk_distance,212,35,0.0422745894137,0.129778758126,0.915434309539,0.95878676368,,
Fold2,Pedestrian_HistoryHeading_2,Pedestrian,crosswalk_distance,386,35,-0.0753611569626,-0.116889160793,0.832082548228,0.948571428571,,
Fold3,Pedestrian_HistoryHeading_2,Pedestrian,crosswalk_distance,316,41,0.0359352289323,-0.049696575875,0.820043635624,1,,
Pooled,Pedestrian_HistoryHeading_3,Pedestrian,crosswalk_distance,1451,135,-0.0772290843333,-0.0988182516613,0.661310119147,0.850832139942,,
Fold1,Pedestrian_HistoryHeading_3,Pedestrian,crosswalk_distance,386,38,-0.0804988239757,-0.137699425461,0.646785714286,0.831058852495,,
Fold2,Pedestrian_HistoryHeading_3,Pedestrian,crosswalk_distance,497,47,-0.0473996077029,-0.0344073534596,0.702725885604,0.846742483059,,
Fold3,Pedestrian_HistoryHeading_3,Pedestrian,crosswalk_distance,568,50,-0.102783790238,-0.112051938396,0.63897102034,0.852857142857,,
Pooled,Pedestrian_HistoryHeading_4,Pedestrian,crosswalk_distance,1355,122,-0.100172351419,-0.154182594809,0.710246638689,0.81899939048,,
Fold1,Pedestrian_HistoryHeading_4,Pedestrian,crosswalk_distance,264,39,-0.018698997974,0.00265400583593,0.746048668127,0.821533257147,,
Fold2,Pedestrian_HistoryHeading_4,Pedestrian,crosswalk_distance,481,43,-0.113750742666,-0.152867781737,0.654653670708,0.740627852161,,
Fold3,Pedestrian_HistoryHeading_4,Pedestrian,crosswalk_distance,610,40,-0.165012100436,-0.186363347956,0.614976155815,0.724165833894,,
Pooled,Pedestrian_HistoryHeading_5,Pedestrian,crosswalk_distance,1000,109,-0.235720309918,-0.392281670181,0.69972356057,0.828571428571,,
Fold1,Pedestrian_HistoryHeading_5,Pedestrian,crosswalk_distance,241,35,-0.271270945028,-0.395918367347,0.702109472661,0.836797828866,,
Fold2,Pedestrian_HistoryHeading_5,Pedestrian,crosswalk_distance,383,35,-0.176385844416,-0.2,0.680855686691,0.89084776126,,
Fold3,Pedestrian_HistoryHeading_5,Pedestrian,crosswalk_distance,376,39,-0.25706477309,-0.409523809524,0.617290195713,0.772649306738,,
Pooled,Pedestrian_HistoryHeading_6,Pedestrian,crosswalk_distance,935,117,0.0220727990444,0.0576557650606,0.85160797831,0.981421871619,,
Fold1,Pedestrian_HistoryHeading_6,Pedestrian,crosswalk_distance,257,43,-0.0532732604822,-0.128571428571,0.841837689497,0.97662289872,,
Fold2,Pedestrian_HistoryHeading_6,Pedestrian,crosswalk_distance,278,35,0.124663595546,0.360059518889,0.842487423924,0.902857142857,,
Fold3,Pedestrian_HistoryHeading_6,Pedestrian,crosswalk_distance,400,39,0.0130779960207,0.102040816327,0.776132637356,0.987049684548,,
Pooled,Pedestrian_HistoryHeading_7,Pedestrian,crosswalk_distance,1088,129,-0.0822936712124,-0.1,0.775728651509,0.89422289288,,
Fold1,Pedestrian_HistoryHeading_7,Pedestrian,crosswalk_distance,380,40,-0.119004701235,-0.197912239085,0.657142857143,0.669499694051,,
Fold2,Pedestrian_HistoryHeading_7,Pedestrian,crosswalk_distance,330,39,-0.15392709274,-0.251428571429,0.787558753399,0.872410714286,,
Fold3,Pedestrian_HistoryHeading_7,Pedestrian,crosswalk_distance,378,50,0.00294922159695,-0.0463402025567,0.810287148813,0.942857142857,,
Pooled,Pedestrian_HistoryHeading_Missing,Pedestrian,crosswalk_distance,1212,67,-0.24351039619,-0.385714285714,0.656893938499,0.748571428571,,
Fold1,Pedestrian_HistoryHeading_Missing,Pedestrian,crosswalk_distance,402,23,-0.21069772483,-0.385714285714,0.687536074738,0.76380952381,,
Fold2,Pedestrian_HistoryHeading_Missing,Pedestrian,crosswalk_distance,356,19,-0.287575268265,-0.257142857143,0.459047619048,0.657142857143,,
Fold3,Pedestrian_HistoryHeading_Missing,Pedestrian,crosswalk_distance,454,25,-0.240208751063,-0.428571428571,0.614857142857,0.792380952381,,
Pooled,Pedestrian<5m,Pedestrian,walkway_inside_fraction,12041,321,0.399251975061,0.642126665098,0.845154254729,0.880299735016,,
Fold1,Pedestrian<5m,Pedestrian,walkway_inside_fraction,3995,119,0.399650318616,0.616678359686,0.829690534696,0.858494677417,,
Fold2,Pedestrian<5m,Pedestrian,walkway_inside_fraction,3414,101,0.386311097323,0.653512824435,0.85999378316,0.891301304379,,
Fold3,Pedestrian<5m,Pedestrian,walkway_inside_fraction,4632,101,0.411723517323,0.640466873608,0.836822137898,0.851313051947,,
Pooled,Pedestrian>5m,Pedestrian,walkway_inside_fraction,13481,414,-0.0765729001467,-0.0810745600346,0.348127724799,0.596426365516,,
Fold1,Pedestrian>5m,Pedestrian,walkway_inside_fraction,3981,135,-0.0755644707156,-0.0887404449382,0.370040011864,0.595989797892,,
Fold2,Pedestrian>5m,Pedestrian,walkway_inside_fraction,4334,134,-0.0846796106464,-0.104147419166,0.372649688231,0.610079110371,,
Fold3,Pedestrian>5m,Pedestrian,walkway_inside_fraction,5166,145,-0.0700200640519,-0.0631210751172,0.308347235335,0.47429857647,,
Pooled,Pedestrian5-8m,Pedestrian,walkway_inside_fraction,7834,345,-0.00148369284382,-0.00340365222898,0.47778845526,0.652507128203,,
Fold1,Pedestrian5-8m,Pedestrian,walkway_inside_fraction,2288,109,0.0450778853393,0.0116430980408,0.596244543183,0.666025959797,,
Fold2,Pedestrian5-8m,Pedestrian,walkway_inside_fraction,2512,116,-0.0445323751605,-0.0761893189947,0.499119469707,0.612623911887,,
Fold3,Pedestrian5-8m,Pedestrian,walkway_inside_fraction,3034,120,-0.00216340012069,0.0130432388443,0.396353139116,0.459855229249,,
Pooled,Pedestrian_RecentSpeed_0,Pedestrian,walkway_inside_fraction,10566,303,0.330653652278,0.539811180903,0.829375126244,0.848718726617,,
Fold1,Pedestrian_RecentSpeed_0,Pedestrian,walkway_inside_fraction,3476,112,0.314432045061,0.546799088286,0.818957804077,0.834603516463,,
Fold2,Pedestrian_RecentSpeed_0,Pedestrian,walkway_inside_fraction,3027,95,0.326754104449,0.490357111529,0.843692606113,0.86376789835,,
Fold3,Pedestrian_RecentSpeed_0,Pedestrian,walkway_inside_fraction,4063,96,0.353437788238,0.629505287369,0.826673331358,0.847011418964,,
Pooled,Pedestrian_RecentSpeed_1,Pedestrian,walkway_inside_fraction,11436,415,-0.0246511225131,-0.045406547763,0.601090698789,0.770810339726,,
Fold1,Pedestrian_RecentSpeed_1,Pedestrian,walkway_inside_fraction,3495,136,0.00591413750746,0.00764669745589,0.653521147431,0.791804059318,,
Fold2,Pedestrian_RecentSpeed_1,Pedestrian,walkway_inside_fraction,3581,138,-0.0364433735134,-0.0633551880277,0.606858943364,0.721816498005,,
Fold3,Pedestrian_RecentSpeed_1,Pedestrian,walkway_inside_fraction,4360,141,-0.0425911560219,-0.0242199334256,0.468966156207,0.716412754958,,
Pooled,Pedestrian_RecentSpeed_2,Pedestrian,walkway_inside_fraction,3396,301,0.0360086149545,0.0392730822807,0.633757028358,0.80854267507,,
Fold1,Pedestrian_RecentSpeed_2,Pedestrian,walkway_inside_fraction,964,92,0.0022516685226,-0.0235218720918,0.652564006473,0.802959144783,,
Fold2,Pedestrian_RecentSpeed_2,Pedestrian,walkway_inside_fraction,1114,103,0.0455787031842,0.0668737404549,0.620289882696,0.803157120421,,
Fold3,Pedestrian_RecentSpeed_2,Pedestrian,walkway_inside_fraction,1318,106,0.0560078600872,0.0749073542081,0.607551555807,0.771033331758,,
Pooled,Pedestrian_RecentSpeed_3,Pedestrian,walkway_inside_fraction,124,25,-0.175332247572,-0.338061701891,0.827818293865,0.943454267923,,
Fold1,Pedestrian_RecentSpeed_3,Pedestrian,walkway_inside_fraction,41,10,0.0855010785429,0.36353528263,0.834820571219,0.902914441837,,
Fold2,Pedestrian_RecentSpeed_3,Pedestrian,walkway_inside_fraction,26,9,-0.310714084062,-0.338061701891,0.796205285804,0.8147216878,,
Fold3,Pedestrian_RecentSpeed_3,Pedestrian,walkway_inside_fraction,57,6,-0.406981703027,-0.882323005997,0.570371031922,0.770689672189,,
Pooled,Pedestrian_HistoryDisp_0,Pedestrian,walkway_inside_fraction,9984,313,0.302143032965,0.550266308967,0.822144818176,0.845154254729,,
Fold1,Pedestrian_HistoryDisp_0,Pedestrian,walkway_inside_fraction,3276,110,0.298325179425,0.592304352125,0.804612207641,0.82684665139,,
Fold2,Pedestrian_HistoryDisp_0,Pedestrian,walkway_inside_fraction,2828,104,0.238817929025,0.423361146028,0.835902795995,0.862221423253,,
Fold3,Pedestrian_HistoryDisp_0,Pedestrian,walkway_inside_fraction,3880,99,0.372908433966,0.630085764622,0.79943750547,0.845274305473,,
Pooled,Pedestrian_HistoryDisp_1,Pedestrian,walkway_inside_fraction,4126,349,0.0735350542451,0.077596509481,0.782099377377,0.892939213753,,
Fold1,Pedestrian_HistoryDisp_1,Pedestrian,walkway_inside_fraction,1275,110,0.131661389662,0.255568134735,0.816306192149,0.89691259564,,
Fold2,Pedestrian_HistoryDisp_1,Pedestrian,walkway_inside_fraction,1441,121,0.0635359720032,-0.000944641458711,0.780903784992,0.859069754177,,
Fold3,Pedestrian_HistoryDisp_1,Pedestrian,walkway_inside_fraction,1410,118,0.0296027835284,0.0764005964964,0.71822451882,0.883870931956,,
Pooled,Pedestrian_HistoryDisp_2,Pedestrian,walkway_inside_fraction,11208,393,-0.0155215548494,-0.0197890819672,0.486980145486,0.709486939029,,
Fold1,Pedestrian_HistoryDisp_2,Pedestrian,walkway_inside_fraction,3362,127,0.00323115545444,-0.0197890819672,0.566484826686,0.743550806278,,
Fold2,Pedestrian_HistoryDisp_2,Pedestrian,walkway_inside_fraction,3422,130,-0.0328127436307,-0.0335213336191,0.466861614517,0.677355818563,,
Fold3,Pedestrian_HistoryDisp_2,Pedestrian,walkway_inside_fraction,4424,136,-0.016504934754,-0.00393176666555,0.322658947279,0.592572221754,,
Pooled,Pedestrian_HistoryDisp_3,Pedestrian,walkway_inside_fraction,204,27,-0.263314452851,-0.552912350571,0.777600660424,0.83719875528,,
Fold1,Pedestrian_HistoryDisp_3,Pedestrian,walkway_inside_fraction,63,8,-0.255131583695,-0.428291765119,0.489463277153,0.718938741634,,
Fold2,Pedestrian_HistoryDisp_3,Pedestrian,walkway_inside_fraction,57,11,-0.0385704661137,-0.131863555113,0.786726526345,0.822778118442,,
Fold3,Pedestrian_HistoryDisp_3,Pedestrian,walkway_inside_fraction,84,8,-0.58052030377,-0.855589829256,0.160032787568,0.284612247348,,
Pooled,Pedestrian_HistoryHeading_0,Pedestrian,walkway_inside_fraction,2964,278,0.16892813433,0.169273342321,0.841161355543,0.899735126574,,
Fold1,Pedestrian_HistoryHeading_0,Pedestrian,walkway_inside_fraction,893,85,0.212355076674,0.217375945347,0.820132215659,0.864164768951,,
Fold2,Pedestrian_HistoryHeading_0,Pedestrian,walkway_inside_fraction,803,87,0.137256885155,0.169515833696,0.845154254729,0.898692974671,,
Fold3,Pedestrian_HistoryHeading_0,Pedestrian,walkway_inside_fraction,1268,106,0.16009896998,0.145339877561,0.845154254729,0.937297986029,,
Pooled,Pedestrian_HistoryHeading_1,Pedestrian,walkway_inside_fraction,2453,234,0.224838176028,0.30463360102,0.875359722741,0.935789490647,,
Fold1,Pedestrian_HistoryHeading_1,Pedestrian,walkway_inside_fraction,773,84,0.20394657353,0.33969222222,0.854163398394,0.874178922277,,
Fold2,Pedestrian_HistoryHeading_1,Pedestrian,walkway_inside_fraction,639,72,0.257586350279,0.432151429614,0.93833001229,0.943698881408,,
Fold3,Pedestrian_HistoryHeading_1,Pedestrian,walkway_inside_fraction,1041,78,0.217107740949,0.236169769972,0.857518072111,0.91135092887,,
Pooled,Pedestrian_HistoryHeading_2,Pedestrian,walkway_inside_fraction,2322,242,0.2943728742,0.434041572137,0.845154254729,0.889137439748,,
Fold1,Pedestrian_HistoryHeading_2,Pedestrian,walkway_inside_fraction,723,83,0.287126955347,0.39028027879,0.845154254729,0.853856855192,,
Fold2,Pedestrian_HistoryHeading_2,Pedestrian,walkway_inside_fraction,811,82,0.279344108947,0.450219667848,0.845154254729,0.881622738215,,
Fold3,Pedestrian_HistoryHeading_2,Pedestrian,walkway_inside_fraction,788,77,0.318188069207,0.428602931815,0.845154254729,0.89320984932,,
Pooled,Pedestrian_HistoryHeading_3,Pedestrian,walkway_inside_fraction,3487,294,0.110434774896,0.120758517547,0.790725516437,0.845154254729,,
Fold1,Pedestrian_HistoryHeading_3,Pedestrian,walkway_inside_fraction,963,94,0.122477792495,0.0922112715548,0.781424076364,0.845154254729,,
Fold2,Pedestrian_HistoryHeading_3,Pedestrian,walkway_inside_fraction,1287,100,0.0977965443461,0.111249016201,0.824046669645,0.871363492478,,
Fold3,Pedestrian_HistoryHeading_3,Pedestrian,walkway_inside_fraction,1237,100,0.111752568901,0.154033182711,0.792837477245,0.846344344246,,
Pooled,Pedestrian_HistoryHeading_4,Pedestrian,walkway_inside_fraction,3811,289,0.115639691991,0.134337065518,0.797888809411,0.845154254729,,
Fold1,Pedestrian_HistoryHeading_4,Pedestrian,walkway_inside_fraction,1003,97,0.146313942957,0.187407169823,0.803098347938,0.845154254729,,
Fold2,Pedestrian_HistoryHeading_4,Pedestrian,walkway_inside_fraction,1290,97,0.140354412762,0.134637553784,0.843220905622,0.870351076198,,
Fold3,Pedestrian_HistoryHeading_4,Pedestrian,walkway_inside_fraction,1518,95,0.059084636638,0.100447129091,0.742644101692,0.811816652525,,
Pooled,Pedestrian_HistoryHeading_5,Pedestrian,walkway_inside_fraction,2651,243,0.285517456956,0.470601907758,0.851481645768,0.922696844236,,
Fold1,Pedestrian_HistoryHeading_5,Pedestrian,walkway_inside_fraction,887,85,0.317527534727,0.49264728503,0.914022143622,0.941123948114,,
Fold2,Pedestrian_HistoryHeading_5,Pedestrian,walkway_inside_fraction,721,80,0.305971416966,0.491298445919,0.864348193406,0.915753979695,,
Fold3,Pedestrian_HistoryHeading_5,Pedestrian,walkway_inside_fraction,1043,78,0.229656259376,0.381292624763,0.811844629245,0.845154254729,,
Pooled,Pedestrian_HistoryHeading_6,Pedestrian,walkway_inside_fraction,2367,243,0.274529068596,0.419514166974,0.845154254729,0.892413752199,,
Fold1,Pedestrian_HistoryHeading_6,Pedestrian,walkway_inside_fraction,780,88,0.339239723834,0.494058598773,0.845521243399,0.883955944525,,
Fold2,Pedestrian_HistoryHeading_6,Pedestrian,walkway_inside_fraction,718,81,0.272312689679,0.392792202425,0.858864210926,0.938791925316,,
Fold3,Pedestrian_HistoryHeading_6,Pedestrian,walkway_inside_fraction,869,74,0.200001893344,0.260306981264,0.825837606735,0.8604855138,,
Pooled,Pedestrian_HistoryHeading_7,Pedestrian,walkway_inside_fraction,3318,298,0.114460933479,0.112643767984,0.843855985057,0.877885599399,,
Fold1,Pedestrian_HistoryHeading_7,Pedestrian,walkway_inside_fraction,1201,95,0.183775210987,0.179841816616,0.845154254729,0.861605886682,,
Fold2,Pedestrian_HistoryHeading_7,Pedestrian,walkway_inside_fraction,942,103,-0.00231122384301,-0.0319385848127,0.836107686948,0.880446460189,,
Fold3,Pedestrian_HistoryHeading_7,Pedestrian,walkway_inside_fraction,1175,100,0.168887691888,0.148900646984,0.819522950263,0.879396459367,,
Pooled,Pedestrian_HistoryHeading_Missing,Pedestrian,walkway_inside_fraction,2149,148,0.42666705999,0.654653670708,0.845154254729,0.845154254729,,
Fold1,Pedestrian_HistoryHeading_Missing,Pedestrian,walkway_inside_fraction,753,59,0.420545907865,0.692414320828,0.845154254729,0.845154254729,,
Fold2,Pedestrian_HistoryHeading_Missing,Pedestrian,walkway_inside_fraction,537,45,0.336101010099,0.654653670708,0.845154254729,0.845154254729,,
Fold3,Pedestrian_HistoryHeading_Missing,Pedestrian,walkway_inside_fraction,859,44,0.52749933773,0.654653670708,0.845154254729,0.845154254729,,
Pooled,Pedestrian<5m,Pedestrian,crosswalk_intersects,2507,133,-0.562433620492,-0.733698420301,-0.0879644356588,0.410821526047,,
Fold1,Pedestrian<5m,Pedestrian,crosswalk_intersects,703,47,-0.581630284946,-0.764500251999,-0.0426233619733,0.18014639601,,
Fold2,Pedestrian<5m,Pedestrian,crosswalk_intersects,844,39,-0.588661067212,-0.728978670923,-0.224651133256,-0.0372546933717,,
Fold3,Pedestrian<5m,Pedestrian,crosswalk_intersects,960,47,-0.521473755569,-0.760339537246,0.0832915393673,0.784594085167,,
Pooled,Pedestrian>5m,Pedestrian,crosswalk_intersects,1688,182,0.213017322636,0.293226605011,0.752507471476,0.795409077003,,
Fold1,Pedestrian>5m,Pedestrian,crosswalk_intersects,450,51,0.139091524495,0.202718700069,0.675643581016,0.692476145757,,
Fold2,Pedestrian>5m,Pedestrian,crosswalk_intersects,643,59,0.215777484575,0.311904030578,0.754906559548,0.798042447134,,
Fold3,Pedestrian>5m,Pedestrian,crosswalk_intersects,595,72,0.263119630285,0.311877182379,0.769891490757,0.810221947813,,
Pooled,Pedestrian5-8m,Pedestrian,crosswalk_intersects,1002,123,0.111071509009,0.151668476447,0.732003373639,0.825666543928,,
Fold1,Pedestrian5-8m,Pedestrian,crosswalk_intersects,249,38,0.107900343852,0.130930734142,0.663594645585,0.828078671211,,
Fold2,Pedestrian5-8m,Pedestrian,crosswalk_intersects,407,38,0.0637945053004,0.144336002761,0.717859141669,0.764578358336,,
Fold3,Pedestrian5-8m,Pedestrian,crosswalk_intersects,346,47,0.15185939022,0.208725763451,0.74830317098,0.792714739325,,
Pooled,Pedestrian_RecentSpeed_0,Pedestrian,crosswalk_intersects,2352,128,-0.434124589791,-0.695309315143,0.476641859087,0.717279365334,,
Fold1,Pedestrian_RecentSpeed_0,Pedestrian,crosswalk_intersects,645,47,-0.460392589851,-0.719257054014,0.449441459657,0.638748324758,,
Fold2,Pedestrian_RecentSpeed_0,Pedestrian,crosswalk_intersects,809,35,-0.454507444483,-0.654653670708,0.197177027838,0.422241630236,,
Fold3,Pedestrian_RecentSpeed_0,Pedestrian,crosswalk_intersects,898,46,-0.391776852464,-0.731674963772,0.654653670708,0.814703435264,,
Pooled,Pedestrian_RecentSpeed_1,Pedestrian,crosswalk_intersects,1487,177,0.0308440955227,0.130930734142,0.691723114686,0.794186660612,,
Fold1,Pedestrian_RecentSpeed_1,Pedestrian,crosswalk_intersects,393,47,-0.0141598465302,0.0078089636065,0.654653670708,0.669346607924,,
Fold2,Pedestrian_RecentSpeed_1,Pedestrian,crosswalk_intersects,548,62,-0.0124116292578,0.109849617136,0.702213447605,0.781116091539,,
Fold3,Pedestrian_RecentSpeed_1,Pedestrian,crosswalk_intersects,546,68,0.101388804536,0.133485141553,0.713771648362,0.81393058461,,
Pooled,Pedestrian_RecentSpeed_2,Pedestrian,crosswalk_intersects,342,86,0.0730624699489,0.156938472702,0.747645095265,0.817700526529,,
Fold1,Pedestrian_RecentSpeed_2,Pedestrian,crosswalk_intersects,107,28,-0.0213159986283,0.01670031621,0.680667420783,0.752839734802,,
Fold2,Pedestrian_RecentSpeed_2,Pedestrian,crosswalk_intersects,127,32,0.0936770950635,0.248696787726,0.711542807386,0.787293612808,,
Fold3,Pedestrian_RecentSpeed_2,Pedestrian,crosswalk_intersects,108,26,0.149328974429,0.308304601939,0.771083854808,0.817700526529,,
Pooled,Pedestrian_RecentSpeed_3,Pedestrian,crosswalk_intersects,14,3,0.742225795442,0.762152834484,0.786339775675,0.789363143324,,
Fold1,Pedestrian_RecentSpeed_3,Pedestrian,crosswalk_intersects,8,1,0.762152834484,0.762152834484,0.762152834484,0.762152834484,,
Fold2,Pedestrian_RecentSpeed_3,Pedestrian,crosswalk_intersects,3,1,0.672138040868,0.672138040868,0.672138040868,0.672138040868,,
Fold3,Pedestrian_RecentSpeed_3,Pedestrian,crosswalk_intersects,3,1,0.792386510973,0.792386510973,0.792386510973,0.792386510973,,
Pooled,Pedestrian_HistoryDisp_0,Pedestrian,crosswalk_intersects,2104,122,-0.447048057061,-0.741366170959,0.619116688155,0.76585397575,,
Fold1,Pedestrian_HistoryDisp_0,Pedestrian,crosswalk_intersects,547,44,-0.412022002668,-0.738324760856,0.552504749056,0.802064921135,,
Fold2,Pedestrian_HistoryDisp_0,Pedestrian,crosswalk_intersects,740,32,-0.455059210064,-0.683110568251,0.331487910395,0.654653670708,,
Fold3,Pedestrian_HistoryDisp_0,Pedestrian,crosswalk_intersects,817,46,-0.47497826352,-0.757691145849,0.637856337058,0.769414300461,,
Pooled,Pedestrian_HistoryDisp_1,Pedestrian,crosswalk_intersects,821,120,-0.0542976205101,-0.042672662312,0.753360470813,0.828078671211,,
Fold1,Pedestrian_HistoryDisp_1,Pedestrian,crosswalk_intersects,222,33,-0.0346065402056,0.130930734142,0.654653670708,0.693192559709,,
Fold2,Pedestrian_HistoryDisp_1,Pedestrian,crosswalk_intersects,324,43,-0.16161329589,-0.177779999129,0.734514293005,0.807001119805,,
Fold3,Pedestrian_HistoryDisp_1,Pedestrian,crosswalk_intersects,275,44,0.0358107520192,0.229213488167,0.795420664869,0.828078671211,,
Pooled,Pedestrian_HistoryDisp_2,Pedestrian,crosswalk_intersects,1245,166,0.0599417363139,0.116281386434,0.656973671895,0.741366170959,,
Fold1,Pedestrian_HistoryDisp_2,Pedestrian,crosswalk_intersects,367,47,0.00204378415168,0.03340063242,0.654653670708,0.655437830106,,
Fold2,Pedestrian_HistoryDisp_2,Pedestrian,crosswalk_intersects,420,57,0.0671562063324,0.0867125002514,0.659043645934,0.745301559699,,
Fold3,Pedestrian_HistoryDisp_2,Pedestrian,crosswalk_intersects,458,62,0.0971994614845,0.130930734142,0.695237589897,0.765393921163,,
Pooled,Pedestrian_HistoryDisp_3,Pedestrian,crosswalk_intersects,25,5,0.766500289529,0.760585321062,0.83656984666,0.851297625222,,
Fold1,Pedestrian_HistoryDisp_3,Pedestrian,crosswalk_intersects,17,2,0.813305362423,0.813305362423,0.855481395512,0.860753399648,,
Fold2,Pedestrian_HistoryDisp_3,Pedestrian,crosswalk_intersects,3,1,0.672138040868,0.672138040868,0.672138040868,0.672138040868,,
Fold3,Pedestrian_HistoryDisp_3,Pedestrian,crosswalk_intersects,5,2,0.766876340966,0.766876340966,0.787284476972,0.789835493972,,
Pooled,Pedestrian_HistoryHeading_0,Pedestrian,crosswalk_intersects,582,77,-0.180826720426,-0.327399903757,0.723506839206,0.828078671211,,
Fold1,Pedestrian_HistoryHeading_0,Pedestrian,crosswalk_intersects,192,29,-0.242000328471,-0.463552534651,0.689338670809,0.828078671211,,
Fold2,Pedestrian_HistoryHeading_0,Pedestrian,crosswalk_intersects,142,18,-0.267464622593,-0.351371079075,0.524189004836,0.685508405444,,
Fold3,Pedestrian_HistoryHeading_0,Pedestrian,crosswalk_intersects,248,30,-0.0697094913487,-0.105162063916,0.787148134334,0.812017199104,,
Pooled,Pedestrian_HistoryHeading_1,Pedestrian,crosswalk_intersects,348,69,-0.275954961516,-0.589188303637,0.654653670708,0.687486535595,,
Fold1,Pedestrian_HistoryHeading_1,Pedestrian,crosswalk_intersects,96,19,-0.301072576544,-0.442737011569,0.453860374214,0.658474148184,,
Fold2,Pedestrian_HistoryHeading_1,Pedestrian,crosswalk_intersects,145,26,-0.243908044716,-0.592793991284,0.707496603977,0.805318161696,,
Fold3,Pedestrian_HistoryHeading_1,Pedestrian,crosswalk_intersects,107,24,-0.290787676151,-0.621920987173,0.644575270518,0.654653670708,,
Pooled,Pedestrian_HistoryHeading_2,Pedestrian,crosswalk_intersects,411,72,-0.253001504656,-0.392792202425,0.654653670708,0.779153257571,,
Fold1,Pedestrian_HistoryHeading_2,Pedestrian,crosswalk_intersects,88,24,-0.298144327496,-0.48869314296,0.738613769681,0.783203558309,,
Fold2,Pedestrian_HistoryHeading_2,Pedestrian,crosswalk_intersects,177,21,-0.264997001573,-0.273783125056,0.294519400413,0.429937424466,,
Fold3,Pedestrian_HistoryHeading_2,Pedestrian,crosswalk_intersects,146,27,-0.203544720084,-0.508408869427,0.767997255992,0.813738358652,,
Pooled,Pedestrian_HistoryHeading_3,Pedestrian,crosswalk_intersects,577,92,-0.159302695402,-0.228231447048,0.654653670708,0.747174591082,,
Fold1,Pedestrian_HistoryHeading_3,Pedestrian,crosswalk_intersects,138,29,-0.167275459954,-0.1823301585,0.717802489162,0.801081331151,,
Fold2,Pedestrian_HistoryHeading_3,Pedestrian,crosswalk_intersects,224,32,-0.142890030662,-0.345647166583,0.69492935647,0.741698031811,,
Fold3,Pedestrian_HistoryHeading_3,Pedestrian,crosswalk_intersects,215,31,-0.168786408294,-0.130930734142,0.533218625787,0.654653670708,,
Pooled,Pedestrian_HistoryHeading_4,Pedestrian,crosswalk_intersects,520,90,-0.136222631491,-0.196786868485,0.73177016255,0.758594440771,,
Fold1,Pedestrian_HistoryHeading_4,Pedestrian,crosswalk_intersects,114,28,-0.182939697915,-0.400759877368,0.733902608863,0.797729296123,,
Fold2,Pedestrian_HistoryHeading_4,Pedestrian,crosswalk_intersects,196,30,-0.149361963143,-0.164317988651,0.667850345299,0.752188489994,,
Fold3,Pedestrian_HistoryHeading_4,Pedestrian,crosswalk_intersects,210,32,-0.0830270749457,-0.128274842494,0.706681170859,0.747772121736,,
Pooled,Pedestrian_HistoryHeading_5,Pedestrian,crosswalk_intersects,400,71,-0.295492639195,-0.654653670708,0.654653670708,0.678961853342,,
Fold1,Pedestrian_HistoryHeading_5,Pedestrian,crosswalk_intersects,81,20,-0.277299557237,-0.434995773779,0.592192543701,0.656568270743,,
Fold2,Pedestrian_HistoryHeading_5,Pedestrian,crosswalk_intersects,173,22,-0.263000625794,-0.506925602916,0.504690327767,0.64716396192,,
Fold3,Pedestrian_HistoryHeading_5,Pedestrian,crosswalk_intersects,146,29,-0.332688705883,-0.741366170959,0.654653670708,0.689338670809,,
Pooled,Pedestrian_HistoryHeading_6,Pedestrian,crosswalk_intersects,355,72,-0.135501914575,-0.261413782667,0.738012753114,0.828078671211,,
Fold1,Pedestrian_HistoryHeading_6,Pedestrian,crosswalk_intersects,83,24,-0.000373935497053,0.043115308892,0.803681835366,0.828078671211,,
Fold2,Pedestrian_HistoryHeading_6,Pedestrian,crosswalk_intersects,107,24,-0.157417881631,-0.435914731173,0.654653670708,0.703790754184,,
Fold3,Pedestrian_HistoryHeading_6,Pedestrian,crosswalk_intersects,165,24,-0.248713926597,-0.45533681266,0.629705104408,0.750525462804,,
Pooled,Pedestrian_HistoryHeading_7,Pedestrian,crosswalk_intersects,466,83,-0.243243972561,-0.622756592039,0.654653670708,0.741366170959,,
Fold1,Pedestrian_HistoryHeading_7,Pedestrian,crosswalk_intersects,191,29,-0.318977710179,-0.601392786493,0.439840623966,0.627008219932,,
Fold2,Pedestrian_HistoryHeading_7,Pedestrian,crosswalk_intersects,140,22,-0.261161313902,-0.642031236906,0.657246197698,0.776324183313,,
Fold3,Pedestrian_HistoryHeading_7,Pedestrian,crosswalk_intersects,135,32,-0.162292100673,-0.53886628786,0.738912302335,0.754373045997,,
Pooled,Pedestrian_HistoryHeading_Missing,Pedestrian,crosswalk_intersects,536,31,-0.623876128937,-0.806400546148,-0.280565858875,0.432071422667,,
Fold1,Pedestrian_HistoryHeading_Missing,Pedestrian,crosswalk_intersects,170,11,-0.527759196037,-0.806400546148,0.654653670708,0.654653670708,,
Fold2,Pedestrian_HistoryHeading_Missing,Pedestrian,crosswalk_intersects,183,8,-0.696223756422,-0.72875344365,-0.540441645285,-0.446388060807,,
Fold3,Pedestrian_HistoryHeading_Missing,Pedestrian,crosswalk_intersects,183,12,-0.663751565771,-0.828078671211,-0.308808416588,-0.0600410937992,,
