Fold,Partition,Variant,Params,StateSHA256,NeutralTop1Identity
1,InnerTrain,G,641,860502085046072055ce4c6bf51305ea1a444ba69422c586eb2db4cb451a67f4,PASS
1,InnerTrain,S,641,860502085046072055ce4c6bf51305ea1a444ba69422c586eb2db4cb451a67f4,PASS
1,InnerTrain,P,641,860502085046072055ce4c6bf51305ea1a444ba69422c586eb2db4cb451a67f4,PASS
1,InnerDev,G,641,860502085046072055ce4c6bf51305ea1a444ba69422c586eb2db4cb451a67f4,PASS
1,InnerDev,S,641,860502085046072055ce4c6bf51305ea1a444ba69422c586eb2db4cb451a67f4,PASS
1,InnerDev,P,641,860502085046072055ce4c6bf51305ea1a444ba69422c586eb2db4cb451a67f4,PASS
1,OuterTest,G,641,860502085046072055ce4c6bf51305ea1a444ba69422c586eb2db4cb451a67f4,PASS
1,OuterTest,S,641,860502085046072055ce4c6bf51305ea1a444ba69422c586eb2db4cb451a67f4,PASS
1,OuterTest,P,641,860502085046072055ce4c6bf51305ea1a444ba69422c586eb2db4cb451a67f4,PASS
2,InnerTrain,G,641,789e90a688e093cc3f18e52874dddaf793fd0b3a0e0e60ca7671788eb8bc356e,PASS
2,InnerTrain,S,641,789e90a688e093cc3f18e52874dddaf793fd0b3a0e0e60ca7671788eb8bc356e,PASS
2,InnerTrain,P,641,789e90a688e093cc3f18e52874dddaf793fd0b3a0e0e60ca7671788eb8bc356e,PASS
2,InnerDev,G,641,789e90a688e093cc3f18e52874dddaf793fd0b3a0e0e60ca7671788eb8bc356e,PASS
2,InnerDev,S,641,789e90a688e093cc3f18e52874dddaf793fd0b3a0e0e60ca7671788eb8bc356e,PASS
2,InnerDev,P,641,789e90a688e093cc3f18e52874dddaf793fd0b3a0e0e60ca7671788eb8bc356e,PASS
2,OuterTest,G,641,789e90a688e093cc3f18e52874dddaf793fd0b3a0e0e60ca7671788eb8bc356e,PASS
2,OuterTest,S,641,789e90a688e093cc3f18e52874dddaf793fd0b3a0e0e60ca7671788eb8bc356e,PASS
2,OuterTest,P,641,789e90a688e093cc3f18e52874dddaf793fd0b3a0e0e60ca7671788eb8bc356e,PASS
3,InnerTrain,G,641,229a349d89a111698fc7c28b222944316a65a730bc90d4f7a0f66bc073561118,PASS
3,InnerTrain,S,641,229a349d89a111698fc7c28b222944316a65a730bc90d4f7a0f66bc073561118,PASS
3,InnerTrain,P,641,229a349d89a111698fc7c28b222944316a65a730bc90d4f7a0f66bc073561118,PASS
3,InnerDev,G,641,229a349d89a111698fc7c28b222944316a65a730bc90d4f7a0f66bc073561118,PASS
3,InnerDev,S,641,229a349d89a111698fc7c28b222944316a65a730bc90d4f7a0f66bc073561118,PASS
3,InnerDev,P,641,229a349d89a111698fc7c28b222944316a65a730bc90d4f7a0f66bc073561118,PASS
3,OuterTest,G,641,229a349d89a111698fc7c28b222944316a65a730bc90d4f7a0f66bc073561118,PASS
3,OuterTest,S,641,229a349d89a111698fc7c28b222944316a65a730bc90d4f7a0f66bc073561118,PASS
3,OuterTest,P,641,229a349d89a111698fc7c28b222944316a65a730bc90d4f7a0f66bc073561118,PASS
