Fold,Partition,Scenes,Actors,Pedestrian,PermutationSHA256,SeedEntropy,SeedSpawnKey,IndicesSHA256,PedestrianIndicesSHA256,NormalizationFitOnlyInnerTrain
1,InnerTrain,378,159151,40291,f5919b4882c0d7b77cacc09c521c8e619d54cdb631f90d36fe8945408e1263e8,2022,0,ec6c324a6b8e6c1d88877892bab82b9463a03e759dd2a077d51b1f162ea79a7b,d0da240738a4e06e6cda8bf00233a2d7023c2899da4421aab190c3d422467942,True
1,InnerDev,42,18327,5604,87aeae7ea7593fed695baf3ca55ccc366ef887b37cf31b56a4382a72bb0c8033,2022,1,b544a4ea1f392f39fc5bc7381e238d69ddbcd7687e9a37f08a58f27fe90a76a6,cc714691d08a3337587720e95444273815688b8b3744932151a020434910aae7,True
1,OuterTest,210,82673,20250,6b04a8e6495ec30d95951a5246473cd4b3f9a8fad728db4477348c12f7766e38,2022,2,8b4fd3fd1d85336aa71b65901a35e697279a3c4746da34086d06b66c6cac46e5,f245875e3830b9202a34ec7d323c1865eb14ddefd462d3a0ace1c99ac4e6892f,True
2,InnerTrain,378,157356,39500,b40c1b6e17112488992e2871a3990ac267fd70023a64722c778f567287f93f0b,2022,3,191daf638fe7d712d96446af009e9b934cb20766551344a6d35f3c7a97013ccb,044d112f6a52452dad4ef818259bebc851e21572ca12adc21abe3dd1389e44fb,True
2,InnerDev,42,19084,4537,4c7f968215007833fe791aefd20d2d99b80964848cccd8329ec32fa725abc716,2022,4,d28f12b70da0eab4b70d92076a995d719c397be3dfc7023a2831cf856c0f01fe,d51563f61fe50a5209ef58872d03067f4c8dbccc8b9a851a7435d06a3641c7a1,True
2,OuterTest,210,83711,22108,bbfb99041c0d229963c6f2cbd2ab3b432c383cdc61d404fb3272de6edaa0457b,2022,5,df830f5b81dade134c5d6e3f65675f0713871e69ae525fa7a7c1fba287fd04bc,6a12701c6de583860607a2017fa3faa6df305bd3518a09de9c6bc60059bfb2e9,True
3,InnerTrain,378,148900,38747,631051006518eb1d2b2f82781d0acec27fe79c542b6ee0d219d07c7bc45f30f4,2022,6,bb2cc4ca44da2df4de6dbbf6bc710abac703997fcdd87c6cfb5f72a71001ccf5,2d7960d84a1d26aaefd7e5ac65a48719c32483cb005416319a39b169b475ffcb,True
3,InnerDev,42,17484,3611,7148ef1e568e5156e08a52e2081c64e8f3f7b4d2f11e46b628f8194449b32bc5,2022,7,d9fae9b7fd8448b6702bf4f1038c4785ab439883c1daa18cc5a4aaf1d33acb0f,3fca7a79dfcbb1fb132f07879b40fda8b3ade130f3f0dcec86130aa34a629295,True
3,OuterTest,210,93767,23787,23d2c4ae8b4a283419f1b27c100da0b3cca104d046c33f847250296f75e68038,2022,8,c7beb0e9b3f289c62197c72268202f1df0ec13392335b30664cb9466b0ee6164,4138eb9fae734473d486d5e31b9a8428ae653f41194d73ad7d4d308a2e03921c,True
