Fold,Partition,SceneToken,ActorCount
1,InnerTrain,390f81ac97474695a727d688240e6fba,124
1,InnerTrain,788c5502523f4d01b3a8de47ec3dadfb,261
1,InnerTrain,9047b53fd41540649dce014a128cbe1b,62
1,InnerTrain,019b370afb444a2e8ce85654898307c8,152
1,InnerTrain,70c3b2f2b1f3403083fd44d06cc5abe0,725
1,InnerTrain,796e7ae080984a0ab2b96ce80f18ca3b,226
1,InnerTrain,90d616aaefc4429380388205ebb23398,84
1,InnerTrain,e323a27a0ba94ab5ab11010d778cd41f,771
1,InnerTrain,54cdaaae372d421fa4734d66f51a8c48,220
1,InnerTrain,2a334f5c4615465f86a250d4758a2d7d,166
1,InnerTrain,491322eec05043c9907c59aa35b046ea,267
1,InnerTrain,1847e3fc11ab466d95f82e6c7031f33d,59
1,InnerTrain,13be0238abba499e95ba4e6404b22223,430
1,InnerTrain,faa975eaad804c85bd8f2da9b30c8d9a,222
1,InnerTrain,94f224a2a36c4bbbab59120cc6c31f6e,368
1,InnerTrain,cd1a8954ff904333bb13fa1a6ee526fd,360
1,InnerTrain,06c43bc74aff453081ce83eb126a756e,876
1,InnerTrain,b57e1a48e584451f8f966ab083c8d07d,561
1,InnerTrain,670e01eb31b64b509db5290531254203,827
1,InnerTrain,0c601ff2bf004fccafec366b08bf29e2,352
1,InnerTrain,212b65c558254e2084489bf76e371e1a,258
1,InnerTrain,fc61f52dcc1b4def95a278665d23af00,574
1,InnerTrain,14b96c255dee4a838a8d401302ac2852,128
1,InnerTrain,76c632788f8c4516bef1c4297f2002f6,244
1,InnerTrain,93032908bafd484ea10a39b0d5d3fff6,24
1,InnerTrain,f30849d00388491fa6997a13d56c73fd,235
1,InnerTrain,36349e9caeff483e9d8d25e9743b9f5b,533
1,InnerTrain,4deb245e67374cd88e64d6557b652841,152
1,InnerTrain,55c853d5aab04850a8059dc95e62c2ad,150
1,InnerTrain,26540bfbab79463cb1ba76b52ec6013b,284
1,InnerTrain,fd4ef697de684d0a8e016a8f8ae61193,328
1,InnerTrain,4efde86424ea4088a43faeb5158ceabf,219
1,InnerTrain,748894952b00431186308b387c2f424c,420
1,InnerTrain,555c691be4704ef29559373e031441dd,882
1,InnerTrain,f9e460f092c94466b1211704b5a8859d,54
1,InnerTrain,05d5241d4d5a4c2a9c670dc8c9853c74,61
1,InnerTrain,e54f4a36a8b94aebbe4189186dee8f05,353
1,InnerTrain,da41ecbc644b4915b84bb732e35ebf8c,357
1,InnerTrain,673ce9bdd9254fff82a524653a07b57f,326
1,InnerTrain,1623e7fab5174f2a84cf1b539233e3a6,878
1,InnerTrain,23663ff8f4614b8bb005d67e51a69283,297
1,InnerTrain,1fa63d31aaa7459383b4414715cd12db,330
1,InnerTrain,f69f7b4cefb7493bb1a8185f6f01d137,247
1,InnerTrain,5890face846e47a899246159b7c30bd7,1034
1,InnerTrain,010fb5bcc7984d0f8f07f99e02366df1,335
1,InnerTrain,2ffd7e2a1daf4b928464ddb2ed3dca59,327
1,InnerTrain,6746ba640c0e45c7961efbe6af51757e,173
1,InnerTrain,e5a3df5fe95149b5b974af1d14277ea7,388
1,InnerTrain,d8a5dd6087de4e808c61c27f91e8216e,364
1,InnerTrain,bed8426a524d45afab05b19cf02386b2,273
1,InnerTrain,181bf34123514c329e2cef72847607a4,439
1,InnerTrain,aa54277d163d419b9f952b014112643e,419
1,InnerTrain,9ac6dff089a84a6d8f066122443a10db,185
1,InnerTrain,62696ecd66a3445da436ce2d87ee3501,116
1,InnerTrain,857922568e4e4fb89c3ee3010eb93c7c,485
1,InnerTrain,5a2aac9df32945d183fc81924ff148b6,234
1,InnerTrain,ea68050d37ea40688241b2dc361ec886,304
1,InnerTrain,6b6a24b7ae6b40ee95d60918f7f4cb2e,1021
1,InnerTrain,5c6620829a1f492b8482218670aa0541,31
1,InnerTrain,7ca5e90766dc4b7bb6a9b3b0d95c99da,534
1,InnerTrain,102b894332464704900264216480a8f7,30
1,InnerTrain,ea4c42715ae24b0b952c57a9af1e7731,230
1,InnerTrain,827712f3e79340d8878de0202c5b3960,681
1,InnerTrain,f36162eac28641a0978032ff89e0f752,436
1,InnerTrain,2131d9fd2c48418081875019e35cf6a2,715
1,InnerTrain,4f679c8f8f6d4f5d8466253dda4733ba,541
1,InnerTrain,66e050dbde3447e5a4b07f0d896f5864,1197
1,InnerTrain,363bb6c0fdaf465aa54c39f082bb92c6,534
1,InnerTrain,35c3bc100e4b4e5089820986d3f50fa3,502
1,InnerTrain,d91c7213cd1c48ae86a30bd82fc4fd25,731
1,InnerTrain,453453c849304ad69741891946d46453,219
1,InnerTrain,57f5503bf63144b8bf450315e860f58e,439
1,InnerTrain,1a819a84e3494177b47bea8c7f0770ec,798
1,InnerTrain,a6ebe93557f24cf9bcf613dbff0aab24,1173
1,InnerTrain,7ad327c8827849ed91136bb2d04acec9,481
1,InnerTrain,f13bd38bf9b64d579a63d4e7d750f592,228
1,InnerTrain,a6fae4900f8e46cba689b59b5bc8a2ab,272
1,InnerTrain,1be49200788d4e38ae4496b27b233ccb,1053
1,InnerTrain,e329b73341204af7a9de29e65291ce1c,266
1,InnerTrain,3673601f263947fd9259640bd55622bd,876
1,InnerTrain,64a3a2d22172406c848f2a92275808ba,98
1,InnerTrain,3a3c0ea9e3ce43918ee1765afd0f1319,611
1,InnerTrain,9f5f2211d6f943a89dd87bbe9703539d,262
1,InnerTrain,ced236f5da704cbcb41249bb6ecc8b68,169
1,InnerTrain,55162149a9464d5bb0b0ebd914567e09,176
1,InnerTrain,65cfdc10a42e499ea704c617e077afe0,702
1,InnerTrain,81227a12571240e0b9d537165f57e177,611
1,InnerTrain,69ee276c40644ddbb7fe21c613cd7689,271
1,InnerTrain,32bae098e2434a09af1e7983e31fbf5c,80
1,InnerTrain,77b27e26bf6d4c38859ccfa076cee51d,529
1,InnerTrain,f0294478e1994642bac453f1e84610df,998
1,InnerTrain,1ad821fcfc9f4c24bb879ec7d5ba0ec1,350
1,InnerTrain,dbe2eceb3e4649289366f674c2ba4274,82
1,InnerTrain,27dc2edfb6524c7d8997ac3573ed2f3d,767
1,InnerTrain,60111bb5388f4195b98555d4d4b89618,249
1,InnerTrain,69a38ccf0894467fbae658d28d4fd10a,113
1,InnerTrain,02e484442a2f411b971edcf96ebbe885,342
1,InnerTrain,a1b51c02d8414856a86c0c37e4789c2f,201
1,InnerTrain,fb255bba9b6a4f37a8894e336d2136f1,165
1,InnerTrain,bd22f197e9f648cba8e307869479629b,303
1,InnerTrain,2bd47eabb64d4499862388cec180a7d1,719
1,InnerTrain,3289046b886f4c98a676bd7e6a3c6ef1,357
1,InnerTrain,45fc8a7a26c5469a88db999ae8468777,107
1,InnerTrain,9c5dc664216e43a99d5da3f23d373e4d,648
1,InnerTrain,2c1f2e5096434cd78919b2ae442d4ba4,90
1,InnerTrain,43017e1e57174925ae241b2ebff7991b,210
1,InnerTrain,affb0caa5d2948f98cee5c42c7aefc1c,342
1,InnerTrain,fccdb073bc54449a99f033e040ad51a2,358
1,InnerTrain,bb73edb93a0a46c4be997c576e9beb61,35
1,InnerTrain,cd122d67c51c4fa4902486897cad91ad,665
1,InnerTrain,edf6a55a70114f6296143ed471251804,630
1,InnerTrain,c34206e65a1442828b950b0ca52098b7,53
1,InnerTrain,c468cdcc838143d480b5b9c835c8380c,545
1,InnerTrain,b0b26c1e5a1140e69598422f12ae1dc0,445
1,InnerTrain,eba4b7c19b5f48289e105937d03e5222,147
1,InnerTrain,3b5f3391078e48ac92600cbdfa4ccbe6,744
1,InnerTrain,ba76f4185aa34ed3bff467ac640da902,253
1,InnerTrain,40516b7f46e548d19dfee580e9a5afa6,534
1,InnerTrain,d58468c6097c425e89671a7b3f480acf,258
1,InnerTrain,aee27b55da77468ba444357348f5cf88,415
1,InnerTrain,c610d0ac2e2045a5972bda66ac42ede3,156
1,InnerTrain,7b4a37ecca84421fbc22ad15e8b00ed8,163
1,InnerTrain,240d15482599449a9bd0432fbfa688ab,259
1,InnerTrain,ae643c14ded14e6ea74f8c8605200ed1,330
1,InnerTrain,cfeb880362694fa7a428aec2fd139daa,497
1,InnerTrain,d4c5db6faa9f443795ad86561e9e556e,378
1,InnerTrain,f29904c2bcdc4d78bbcac75a2b30fe38,482
1,InnerTrain,75ebb308bea04317adbc25554d5cd7f5,709
1,InnerTrain,cf652a711c8e40209132036a95162fed,408
1,InnerTrain,fcb40dc8514444c49b1fdc06f80a123b,70
1,InnerTrain,e333874a12d64a7d956f23fe6a4c5c62,206
1,InnerTrain,e3d714da71d2477695a055716ede7130,304
1,InnerTrain,8dd4349e80c345afac455cf76074f028,146
1,InnerTrain,f0f120e4d4b0441da90ec53b16ee169d,256
1,InnerTrain,a1e7cd557b9541dbb00822ea0c56204b,209
1,InnerTrain,66461d94f2e44d39a90843ff2dce11e8,228
1,InnerTrain,214008f81b8b4b509c730f0c13e9491f,1216
1,InnerTrain,724957e51f464a9aa64a16458443786d,1244
1,InnerTrain,7e2d9f38f8eb409ea57b3864bb4ed098,1287
1,InnerTrain,fe3aa64e4339456186c38c6308f5fb1a,452
1,InnerTrain,3a1850241080418b88dcee97c7d17ed7,546
1,InnerTrain,6b80170cd8404e6298d353bf1fa8dc0c,245
1,InnerTrain,f92422ed4b4e427194a4958ccf15709a,504
1,InnerTrain,cf3db17f34cd412faca3535ac8c7069a,1033
1,InnerTrain,d7823d64ca1a47c5842beb6d7197042d,161
1,InnerTrain,242ac1b59fec4e0c9c200ffca81775e2,300
1,InnerTrain,a2e8f126913b4f72909e06d881dc5a8b,216
1,InnerTrain,f98a50e675b14266a6c53cb25a0351fa,137
1,InnerTrain,4b5bf3f4668d44fea9a676e9c4a8a79e,22
1,InnerTrain,bcb05cffb5814973a6cff4fbdca2b99b,394
1,InnerTrain,6946bd49ebe648b7a8c4555774059bc8,305
1,InnerTrain,83773bcf46ac486383529098de0542dd,111
1,InnerTrain,7deb4760e2244f32b57f9d631b535b66,239
1,InnerTrain,c949ec2cca7047bdb67dce64b6c3586a,58
1,InnerTrain,7540f31d12f1439db67a50be7726c70d,579
1,InnerTrain,add2303ca41d445c8339e05769745fc0,49
1,InnerTrain,73030fb67d3c46cfb5e590168088ae39,180
1,InnerTrain,fe4fdd7a28754baeac7074ad78f55a52,93
1,InnerTrain,7f8714d8ca814914bf4ff3ed30123db5,382
1,InnerTrain,76b0df6376e246d284c9be42b1fc6be6,363
1,InnerTrain,70368a18644046f898ab836fc8a3c03f,556
1,InnerTrain,f68ef41fbd1142d3a74f71be605a2227,651
1,InnerTrain,fee7ac5f5c1e4943877cd20d6e069427,106
1,InnerTrain,3d42cd90a8184d9ebd3bb85b6416314d,588
1,InnerTrain,fdf27bbde3e345bd9ac83cbe9a3c813a,166
1,InnerTrain,1ecfbad2023f4b17b542801a21375e3f,695
1,InnerTrain,e15260c4ed5b4505900d497ef92ddd2d,391
1,InnerTrain,4b48dfc43a3f411b88a71031d77e5696,284
1,InnerTrain,f444b757d7e2444c889da10f02b73491,129
1,InnerTrain,095d9b93b583425f910ae2afaf1d017d,134
1,InnerTrain,865c607c8ef44f13b39744a0de110740,32
1,InnerTrain,4d475873416a4860900f5af213e0027c,297
1,InnerTrain,8fbbe701baf641359129ea166e1674ec,361
1,InnerTrain,f8ef029224b84d14843db98a76a7f4a1,26
1,InnerTrain,373bf99c103d4464a7b963a83523fbcb,494
1,InnerTrain,de7d80a1f5fb4c3e82ce8a4f213b450a,605
1,InnerTrain,cdeb0e85e43e481a87b2251351e10c2f,499
1,InnerTrain,37b32e4e8cf846679b2c0cb342dbd4aa,97
1,InnerTrain,b0525843a3b0463f91d715deff733b8f,1155
1,InnerTrain,3bc4553925494890a21ef7a15c40eaed,745
1,InnerTrain,87a71839e68b46da8e91fb5f21b50c1c,646
1,InnerTrain,727214583a2a478094d4f093d20c7060,638
1,InnerTrain,1d25e9071ea94891b5eb7554e77a11bb,403
1,InnerTrain,fd5a3c6d3ad44954a8045edbe9d93763,433
1,InnerTrain,4047f251c21a475abb49518e0fa6fa9e,118
1,InnerTrain,7e3a6bdd6c6f4c8fb018cff404974446,116
1,InnerTrain,c6d1085c40614693a046dae3168bdb35,92
1,InnerTrain,88084e0150d64dd1949a9cf1493e5188,180
1,InnerTrain,34a9823fac0d4b9db30898e00b5f9f9c,374
1,InnerTrain,7ed1b613f0ee47ceaf6d19ca3947f825,217
1,InnerTrain,d7ebcbbd26d849b384c11bec8df28a9b,299
1,InnerTrain,34ca95580d2d4c45a68b471d5afb3e27,96
1,InnerTrain,20b987b503444b3d9996c8f66946afa3,844
1,InnerTrain,3469d30a6e2a4d878fb0ff899346b7de,627
1,InnerTrain,e3094e1174654d119b55cce4df145e02,236
1,InnerTrain,5fc7c5dfc56b4971b14005bc53f69908,587
1,InnerTrain,d4d2faa310a748dda508d15c6d5c4244,726
1,InnerTrain,762e6aac0d6f4c1b9b0286ab4b2da654,129
1,InnerTrain,8461c1125eaf46c7abaf4ee18e8c4ee6,416
1,InnerTrain,d95a36c034344ae2ac11daf2ba1b2c60,957
1,InnerTrain,77c9f156f8594ed59dcdacb8b877a7ac,426
1,InnerTrain,c7780850596641b8ab5f352d16b178e4,422
1,InnerTrain,6bb64043c9db4f51b7a69e7260ed4f6e,64
1,InnerTrain,69e393da7cb54eb6bea7927a2af0d1ee,514
1,InnerTrain,97349fd50e694a5f994b0954047b96d0,301
1,InnerTrain,62d9a581c7114d90a48bacfb2a47b104,788
1,InnerTrain,5e30d846d2344ec2addfb664799d1899,453
1,InnerTrain,1977a1c98a6c4eb79fbc2a6dc0da9b0f,1351
1,InnerTrain,a1ca2ba59ac9452fb3da60019bf32c71,597
1,InnerTrain,57146b2ebf10432f84b15a3038fe1755,376
1,InnerTrain,78f63999591a49a195b872ddc368a146,303
1,InnerTrain,f0f7132494bc4045a21868aca13b56f9,533
1,InnerTrain,47cfdbcf14fe47d2a3b9e7e5b46d8a36,578
1,InnerTrain,4bf8fb20e4744bd391beb07b2424b30a,434
1,InnerTrain,45275e709d4a4b0592d57850d8e8bd8d,1151
1,InnerTrain,c04cdbbe744c4da08d3df61c47d5cc94,139
1,InnerTrain,5a1d2867bb504c888a628ad549cc10b6,269
1,InnerTrain,fc9068b303e448a6bbcefd37204386a9,170
1,InnerTrain,7bcc4753bdb64d2cb407b55cc4e4527f,733
1,InnerTrain,a99120daccb24bcd941b33e6e03bf718,116
1,InnerTrain,75a4ec12042542149b0a77a0a10d6330,214
1,InnerTrain,2f0e54af35964a3fb347359836bec035,574
1,InnerTrain,f12b4e7fb95646ec9dac305076024bb9,351
1,InnerTrain,17302a41218442ffbb0b094adb0669ab,189
1,InnerTrain,ef5f945852e84fcc88cab506746a6636,958
1,InnerTrain,64ca274b5f69458bb5d21e0e2e071902,445
1,InnerTrain,6308d6d934074a028fc3145eedf3e65f,271
1,InnerTrain,c5b36e5275cc4a2285d095e87347c49a,373
1,InnerTrain,c59fe8015e3743329ec907bc29c93124,254
1,InnerTrain,98fc76cc0e364efdaa7e86a36b666dda,332
1,InnerTrain,6295f0119c5c44d8a75e0016517a172d,413
1,InnerTrain,dd61533869aa48f2aaa7e8a6418bdbe6,52
1,InnerTrain,55b44b64f35c48689cdca8c39b672db4,323
1,InnerTrain,5560a973257e407b8d5bf9fb92b1e0f3,524
1,InnerTrain,3032b651c72e4b5c86d4dea1b4930689,97
1,InnerTrain,7463b2d752f0464f803b07a945ee7c5a,911
1,InnerTrain,58af378ff68b49c99aabf320dca1ee25,833
1,InnerTrain,0053e9c440a94c1b84bd9c4223efc4b0,1205
1,InnerTrain,d0880a386b6d434bb5cd13c134af7a3e,183
1,InnerTrain,fd2d419d4cf84a2d84922b9b7d2cea4d,892
1,InnerTrain,e0a212aafd574781b122a6ba66599a1e,25
1,InnerTrain,c2d5a5e7f7dc4e12b967fff22a0e1bf1,990
1,InnerTrain,2538a745a83f430eb590d48b4743e179,213
1,InnerTrain,4098aaf3c7074e7d87285e2fc95369e0,359
1,InnerTrain,77c23b25e2ee4b9ebff6d179d3ce4a31,795
1,InnerTrain,8758419c03ab47a59ea6d6620176f3a3,72
1,InnerTrain,53e8446852bf488bb1b09ae032918bbd,1753
1,InnerTrain,a5887dd5d6d947e4af581b915716d51c,169
1,InnerTrain,1d4db80d13f342aba4881b38099bc4b7,176
1,InnerTrain,3e1f0257a4b8457486651de2d16b61ab,630
1,InnerTrain,c4ab236557c8423caa8add5fb48a0898,602
1,InnerTrain,de943e246dad4ad686de98008a634ecf,431
1,InnerTrain,1c76efe7d0b048bc815c0445eeaa76ab,1278
1,InnerTrain,dcd5bc29543747e28ef02816dd458290,217
1,InnerTrain,797700339b014fb6aa61c1ea3778d587,272
1,InnerTrain,fab5dcdfa43b4cce99da3ddf6718cc2a,529
1,InnerTrain,febc1800b9ed432d96aee5ecf0156831,1070
1,InnerTrain,d033fb0d79ea42b9a356fa5162172598,627
1,InnerTrain,8c7dfcee70754286959b80c6cfe2d246,126
1,InnerTrain,9a61a88ed9094334a73aa93c08222110,202
1,InnerTrain,b8be4950e73743a8841d545fcb145706,667
1,InnerTrain,37a37b06ba5e4f978fc6cb77e90f2498,356
1,InnerTrain,b0be2e24e2234947867c7f555f6f59d2,272
1,InnerTrain,d39c6835da754adfa0f75183e685c403,835
1,InnerTrain,2a721a8d80e04e4e82709e6150f5196a,6
1,InnerTrain,5aa5225d0ef440519a31c1dde075dab7,429
1,InnerTrain,078e6d7a3d4a429bba404bf12c7a98f2,448
1,InnerTrain,47a73fb6a41a4c4b9fe2897254dd3671,467
1,InnerTrain,da783af4b5124333911684dbaf31d969,543
1,InnerTrain,08be42eb2186411d8e2201225329f1c6,436
1,InnerTrain,087c6e521e974c708d49cac1db095691,219
1,InnerTrain,b2119bd765a94b0cb705424800307bbf,102
1,InnerTrain,fdf4384c1fce4a16aad939d8417bccd6,85
1,InnerTrain,82240fd6d5ba4375815f8a7fa1561361,730
1,InnerTrain,dac50250c406439480be8b44d2c5a634,401
1,InnerTrain,ab6eea0e06c84f70be411a9d36636a7a,719
1,InnerTrain,862a468e56954dc9a833a9eb3ebd884b,617
1,InnerTrain,01c8c59260db4a3682d7b4f8da65425e,108
1,InnerTrain,1b3b150c9d3e4e1593e7ce882a69f870,316
1,InnerTrain,ca6abd081eaf48689f06b5e8fcc9d369,80
1,InnerTrain,85a9c262809d4ac49d2a9b1f8a1487e8,394
1,InnerTrain,ceca737af78440118b7b394a54723454,54
1,InnerTrain,30783e1b472a4101b82be19e41636ba2,515
1,InnerTrain,aa45d94630be481787f20121ce89a605,193
1,InnerTrain,01c3f5e39956402da3e37845632fadca,222
1,InnerTrain,b3f63d06b6c54ae6ae80d688f4966408,82
1,InnerTrain,1e3f0bd8063a4084b7104345b20bfb80,258
1,InnerTrain,295c6c85275e4376bc8446b4a76504cd,92
1,InnerTrain,875e9b8b63b54263ba1edeb21faadea8,151
1,InnerTrain,ea0979999bf84ee6a6230b1bde7ec723,176
1,InnerTrain,48ff8fee13c344ed843af3eec8f9b94b,233
1,InnerTrain,bc4fd5a05a004333b9411754630f4cba,1099
1,InnerTrain,e083627747d8499a8c4e94c7abf941e2,380
1,InnerTrain,d83994e61a1b431cacf34931801d0c78,25
1,InnerTrain,bed12977df5a41dcb97ac69eeae3682c,325
1,InnerTrain,8b93e49bac094cf0a1c3ea983912f89f,302
1,InnerTrain,7ef04cdbd04c4b67a22f59502cb8fac6,207
1,InnerTrain,69295e26c8d146de94ea5307d8d74819,470
1,InnerTrain,579fb61492be4ffc97132658f8e4bb9c,797
1,InnerTrain,30e77a3561ce4f1bb4fd90e322ea29d7,1293
1,InnerTrain,f612aec0c3e34e32b2e9e48670cdecca,343
1,InnerTrain,c9c28de6e66442f7921858f1ebbec3ef,47
1,InnerTrain,3359935281a34136992997acab7cdddd,397
1,InnerTrain,c0cb50847c3949a0b4baf2e200ac897c,554
1,InnerTrain,36b7b02f0f034f0595e3437a85554151,1307
1,InnerTrain,881da81bb35a4bdb925e0a2884ee7f0f,377
1,InnerTrain,28e4134bcd664522907277f1ceec2893,530
1,InnerTrain,7937f7d56b5444fd8c55052460e23807,205
1,InnerTrain,97ba0e14805b42f292db7f06b6d1121b,616
1,InnerTrain,12cd5f88732749a58725528bb3d86958,216
1,InnerTrain,947308824ada42fdbcff7009e815287f,238
1,InnerTrain,73b16c26a0d24c7a841e4cbe5d0d7878,207
1,InnerTrain,2dc89e0f9c6c4dbab908d341fab020c6,986
1,InnerTrain,2cc8ffb250c44b42a888e9185810e04c,389
1,InnerTrain,9a1188aba4bf458c8220818a6c0be55a,178
1,InnerTrain,4c5c675340d14cd88a65b5e22eb9c9c1,1001
1,InnerTrain,221a67d95acf448ba863917ec4d32ed0,639
1,InnerTrain,75548269eb0a4614a6f84ab8d7713196,622
1,InnerTrain,521f01dfc8c9402e8309e047e2eea112,432
1,InnerTrain,0c12123d57594f4d81d32fd4aa89fb1f,685
1,InnerTrain,798e8504b4364d378270333a349ef508,487
1,InnerTrain,cddd0d5be10b4313a859524952455f43,157
1,InnerTrain,0cc28fe2c1064fb9a51f1647c28ca564,108
1,InnerTrain,38b3010304734913bb148d17ebbc352b,476
1,InnerTrain,dc8302cfccdb4812a0a4a60dde595e18,376
1,InnerTrain,25496f19ffd14bd088cb430bfc01a4d7,360
1,InnerTrain,9f3c8453d03d4df5946444757376b826,147
1,InnerTrain,d90b94e8bfd446cd9407f48665122268,355
1,InnerTrain,64e1ad8a976542ab86c427d714550d06,378
1,InnerTrain,23e33c8bba1f411ba5871dc074f8dbf8,396
1,InnerTrain,e1e664292aa144bc8d0d5d6441df084c,354
1,InnerTrain,8e1f7ff7dc9940da8eeca3c06ae1aa4d,818
1,InnerTrain,52678e6091214431bf9f3b41e5eeaa24,841
1,InnerTrain,1d914f73a4a243c3acac50d24f083aac,66
1,InnerTrain,2ce2df158372461fa91ce77455656f81,229
1,InnerTrain,2eb0dd074d8e4a328fd2283184c4412e,1027
1,InnerTrain,2f093cad7209436aa06e103bfe062857,1429
1,InnerTrain,b7bb8ec5bf22476f8ba8ca0b2e57e8f6,107
1,InnerTrain,792b78f6cbcf413c821cb591630cddfb,290
1,InnerTrain,49eb09ab4c4142268131125d6e619a0c,603
1,InnerTrain,9e7d5adad1514dd79292e9318b7a443c,1362
1,InnerTrain,52bb785dcb5548a1836898f14fb3cf6d,459
1,InnerTrain,ab40eb69df49448d83628f611b2ca273,359
1,InnerTrain,7d6006ae9d8f406aa99756156ea4f70a,1047
1,InnerTrain,f55c8c62235146d895f611176fd0a5dc,540
1,InnerTrain,82aa6c89bbf744a6a5a12cc171d8376e,625
1,InnerTrain,1ec0b9bc3eca4b76b2610c519f843762,1000
1,InnerTrain,4ea72ee843914a6cbd755e39f2489156,33
1,InnerTrain,15e1fa06e30e438a98430cc1fd0e8a69,314
1,InnerTrain,8cf06ee8cd004478aa46f391310b923e,175
1,InnerTrain,e9a94a93c36a4adb831eb67ec8bdf289,404
1,InnerTrain,d6e6f5d622474271b695f4c7f07df7bb,1493
1,InnerTrain,89f20737ec344aa48b543a9e005a38ca,59
1,InnerTrain,20ec831deb0f44e397497198cbe5a97c,246
1,InnerTrain,103b54209e584cd4b7ed2890eca2e126,296
1,InnerTrain,8d8728879b89405eba3f8ce1af138cb2,410
1,InnerTrain,400b708de5d7434d8964da4a0246d164,281
1,InnerTrain,9833ac6de5ae418f9e6d0eeb58e72beb,277
1,InnerTrain,0be1ff07a8f148ca9535fb7f0deaf828,312
1,InnerTrain,73d9a36f20594e658020ebfc5b0ba74a,641
1,InnerTrain,ab8bf18dfce14db4b8213b88f5dc1429,239
1,InnerTrain,0b8948ee96ac46faad405bf1ffc70bb1,1068
1,InnerTrain,6d8cb5391245464c9de1c412819df210,59
1,InnerTrain,cb3ef7b7ef124983b336c781f134cdfb,45
1,InnerTrain,e5514b8f435e475cac4eba74b44773b5,26
1,InnerTrain,e233467e827140efa4b42d2b4c435855,494
1,InnerTrain,5c9bd7ead37e4aa9989f7909f3a78baa,302
1,InnerTrain,9a442b0f6b7a41568b3e4f7b7ba58402,157
1,InnerTrain,36fbee38a28543ea9e27a67d64e1dee4,206
1,InnerTrain,08110c8640454affb5167801442a85fd,878
1,InnerTrain,0c13be31e9854d97960d1af570db433f,799
1,InnerTrain,6447a9c30b0140d783871b08104ae7b3,498
1,InnerTrain,cffc45a1565446fab5014afb3da169e8,310
1,InnerTrain,4f18d9a7ed374a0fb93c026589dcf9a0,452
1,InnerTrain,76b36918bd4c487581a4196ffd1b1434,621
1,InnerTrain,ab7f4909bc6c4841a12020355a7d505c,346
1,InnerTrain,c075fbdd97124beaba95bc5c25149f30,313
1,InnerTrain,25f40f7316954a3e978e24d691e1a117,73
1,InnerDev,210add02013a4dfa84b7c5e23058781f,350
1,InnerDev,df0c3cb16cde410eba8eea191765515c,775
1,InnerDev,efe3681f556b43e6aa65bf7bfc61a2f8,801
1,InnerDev,7cf32f906f50415786414ce8bbe10e9b,844
1,InnerDev,634a8c5835e44aec912604a9a1972a5d,208
1,InnerDev,7ad94b6e54f641208bf59cba6bb55220,656
1,InnerDev,44f25e0b668e4077abf57f3df320bb57,727
1,InnerDev,eae0cfe3be5f44a5be4f3e2c961397ed,483
1,InnerDev,04e5f089805540a5a9e73c1b7c54ee8c,99
1,InnerDev,bfe368f8c6a44efcb323a82f6974a9a6,41
1,InnerDev,fb20ca9935c4439e8125ba830abcf9dc,529
1,InnerDev,84f4c0747550493f959595dae6785cd3,299
1,InnerDev,2987b4494fcc4639bdd6d714a94b2c72,353
1,InnerDev,ed22649f50454a6ab71356780b2a2454,607
1,InnerDev,3034b3f33e1d49f4a7b6c84bdea57004,434
1,InnerDev,2bbae5e654224cbeb5884c471e2ad05e,938
1,InnerDev,53d4c9a634df4fdfadf057d3a216e98f,1248
1,InnerDev,e8bda599a2d44d76a7692caeacb1ba6e,652
1,InnerDev,ea9d0ef295c14dafb5653ede3f9f29a1,396
1,InnerDev,8adaf76e6005413181924e6c83053a21,99
1,InnerDev,f143809fc26c4bb296f4f367b0954c26,67
1,InnerDev,126aa95f38b649fa857d48672c8ad808,183
1,InnerDev,40a2faa275fe4b9bb7412259485bb46e,100
1,InnerDev,9a0d2af517ff44f587c93254ee657215,204
1,InnerDev,980ddcb62e294608bd4235b0dfd517f4,47
1,InnerDev,2c96ff6afc9e4cf7bc8b107fce955c1f,514
1,InnerDev,ff6af17f52c34e9c9958c64e41fb3786,369
1,InnerDev,93036f2be8de445aad06b727b848cea5,474
1,InnerDev,034256c9639044f98da7562ef3de3646,121
1,InnerDev,e71f69d57d944b6cb0ffc516a88b6104,35
1,InnerDev,f05ec45554f842ccb523caf326750f13,427
1,InnerDev,85e8f6d6743a4897b5e07e685267868e,843
1,InnerDev,3014465d5958427aac89c4f15b6050dd,606
1,InnerDev,c6072dd4f7cc47efaad77889aa465ad6,328
1,InnerDev,692fe09aecae4b1a94f8a3bceedd9b7c,34
1,InnerDev,30ae9c1092f6404a9e6aa0589e809780,1067
1,InnerDev,70e7d95ee1d1426fa84da44ddbf82d7a,916
1,InnerDev,09f67057dd8346388b28f79d9bb1cf04,161
1,InnerDev,31cb85777b814e0ab6ae6d146964b6ae,288
1,InnerDev,11058d54abcd4829828523040372ce05,126
1,InnerDev,93bdbe60d6d0495cbb39d6c811554905,594
1,InnerDev,c7604a179ea94e45857ec2c16416e5ad,284
1,OuterTest,bebf5f5b2a674631ab5c88fd1aa9e87a,747
1,OuterTest,c7b8d96173bf41dc8df8c0d16adfc71e,591
1,OuterTest,cc9d6954dc6448359fc1e8aeafc5f760,367
1,OuterTest,0287702725184161af95373198546a59,471
1,OuterTest,8399be3e75814cc793d145986318c45d,298
1,OuterTest,02f1e5e2fc544798aad223f5ae5e8440,178
1,OuterTest,7f03cd19d9cc4381a591fca00666d7ed,331
1,OuterTest,21464a6831c1443db294d1b56a7a33a5,182
1,OuterTest,6f5133fe62b240e797bac25aeff8b531,131
1,OuterTest,b487d499e93e44caaf6c3dc884225fa2,144
1,OuterTest,312102fd97de4bd4859374946e24ccdc,127
1,OuterTest,19640fe4b6894f97b16e0faad51432b4,256
1,OuterTest,e12dee10fe2545e4ab88459ed4268bc6,416
1,OuterTest,2bfb95d8ba3a4c11869f4d6635784640,50
1,OuterTest,7809330e0345423ab6212787edf3561b,169
1,OuterTest,ee909cb746e44174be804f26bc971efe,1250
1,OuterTest,2e3c0f308fcf4664bf7994053d7080b9,347
1,OuterTest,54ec146682e24683becfeab4124e8402,231
1,OuterTest,af128e79b77a4a4b8bfcd997c320b2a9,193
1,OuterTest,0ced08ea43754420a23b2fbec667a763,553
1,OuterTest,d0de3bf834b747179080898725b0f21d,64
1,OuterTest,d825d5544592463e8c138473502dfeea,227
1,OuterTest,892ed06c432448fe87ecb5d31756f14a,578
1,OuterTest,098c11f50ff2425a9ff994e004de1216,375
1,OuterTest,5af1f9db65e04747aa3ca8364037c49b,61
1,OuterTest,2911b04ae82a45f386ad4f79457dd73f,407
1,OuterTest,dbfd4af0e0d744858e796ec69826e673,360
1,OuterTest,e209e66ff7834490b212c16cb12a1ce9,835
1,OuterTest,5c2fc0a595c9435cb08e30700c63f9e9,271
1,OuterTest,c67b72f4a0bd4f2b96ecbd0e01c58232,81
1,OuterTest,c6da5920d2bc459bb3bc51ee6b9fdd7e,607
1,OuterTest,b519ec833e23450a8bd3340b67f2516b,608
1,OuterTest,cd9db61edff14e8784678abb347cd674,337
1,OuterTest,1f23540a109243438a5e3bd47e70105d,192
1,OuterTest,643ee37539844cb2b0453fd031a3afdd,659
1,OuterTest,d0b2d916178a402a842c88f394d7d7e8,56
1,OuterTest,938479858b4849dd8ceddc11c154082b,200
1,OuterTest,d3d94f2ce3dc4db4b3ba6f4aa81c3987,385
1,OuterTest,78c5f7d7b547483c906d8524a8c3190f,789
1,OuterTest,28db6ee9a8d34e9e88e741817b6733c1,211
1,OuterTest,eac3102e4cc24d4b95532bcc711a902f,633
1,OuterTest,cab845a2e8864482993ac62811f879c1,388
1,OuterTest,c71940250758484c913c23850c284fba,397
1,OuterTest,2755560e05784e5cbc76619793d36e86,319
1,OuterTest,8b43539a55374b6c8ed60c95a42d63a2,195
1,OuterTest,2ba06ef7b3b44cbfad6d771981d86af9,1045
1,OuterTest,cf550d9670274ac1a7f274fbacb39c48,48
1,OuterTest,6e81ee0f64274490a403bbd6482c2bf9,75
1,OuterTest,6ab3d1e9476d4cd89d4949d69d056901,446
1,OuterTest,5726dbbea8044103be584a85e2f3ee64,335
1,OuterTest,53d376c20b7146349a53554a4616c48c,676
1,OuterTest,03a8a37d5d444674bae34336e78ac39d,364
1,OuterTest,dc6235e2281943548084c484cb38b876,781
1,OuterTest,6d4b2bd795ae4c66900ad98ccd2371a6,263
1,OuterTest,2bbff07f5b4248eab483ddcf91cfa848,407
1,OuterTest,f77e66f97d204b5da547f6c007dc2abf,210
1,OuterTest,e02aee6f1fec4d13ad77044466da5fb4,440
1,OuterTest,37284f813cc74496971ff58f5d37400a,904
1,OuterTest,9c83e438973e4824853e6a38928ca4ff,226
1,OuterTest,d3c39710e9da42f48b605824ce2a1927,187
1,OuterTest,ef5f216134a94e308697ab4c75402a20,563
1,OuterTest,bf753f22bc524274bc359467e0be149c,131
1,OuterTest,c6c092a66329470f836714f46b92d59b,181
1,OuterTest,6207269cb9474c14b01f9610b2ee30aa,1080
1,OuterTest,b79d940da8df43d09ee972c2414ffeca,216
1,OuterTest,4284a8d9b40d42edb9725543db91381e,360
1,OuterTest,7599adab7f3944dc8ac1c88b4f3bb082,878
1,OuterTest,359f9c029ae44e1d9d47c05bc7915561,83
1,OuterTest,82024d9f5f7f46dba436cd93c27173c7,686
1,OuterTest,8b60e7e47cde43e0a7fbd66d926de14f,568
1,OuterTest,d4c560022dda448dabb0b60fb62dd6ba,318
1,OuterTest,37cfda558193400bbe3a5ff14ae4606e,204
1,OuterTest,e631037169574c67944176bf079ee75c,91
1,OuterTest,d987908d74794138b07d1237887bb441,339
1,OuterTest,1fbcc26ebf6948bb964d3ae74939e8ea,342
1,OuterTest,2175d0e84f224ea69907e5c338bde395,354
1,OuterTest,590b4e5a4f94426ab3b1a66f35e140d5,385
1,OuterTest,4431d97ea17044ad9c09c13d16684054,794
1,OuterTest,ce2d6bdc33084dc1a2780f41f6740e06,42
1,OuterTest,1b5ef5ecb2084b89aa0314d65f25d9e1,122
1,OuterTest,a25d763258dc4526b52759b3ddaad7ec,965
1,OuterTest,00590cbfa24a430a8c274b51e1c71231,146
1,OuterTest,448cf480b0b8400a86881d28c2c5f734,317
1,OuterTest,1466f33b56704942a368fa03d10708dd,609
1,OuterTest,4ed628299b1e45a3a73704e8cf8287a9,244
1,OuterTest,782f9486adbd4546a492e69b6697ef70,1124
1,OuterTest,cb0cd06a1dd84271968466d7b65e48f8,720
1,OuterTest,f7d01e23508040c2aec430e8da13fb76,422
1,OuterTest,29dee0b8210b410a9b3421f0cb39019f,229
1,OuterTest,5035adcd18d34d4783c2ccb41db998c1,51
1,OuterTest,e6cb595f6df44b3999db28c65f2244ac,112
1,OuterTest,10dfdae842b543938a230f25a1e9f934,900
1,OuterTest,a4bfab3710d4494aa3c9a443c1bf5573,386
1,OuterTest,e0a22086a94f48e5bbd4c4e7916b2106,204
1,OuterTest,7365754410624f2f85087003f4ed41ad,43
1,OuterTest,634e7fbfe29c4a72b1ceb692b1d2ab44,496
1,OuterTest,deab903b0b644d7a984c552968026631,396
1,OuterTest,8c45a7a9142f4f848d463cc46843db71,478
1,OuterTest,a2b64d02c5fa4b9bab671a97561b6b33,114
1,OuterTest,433a14f8dcf5457fb2c4def5c749122a,218
1,OuterTest,01796494e25c448dadaba70cfcc3532d,322
1,OuterTest,83ffc453d209404781ea4574d77adb22,54
1,OuterTest,8c84164e752a4ab69d039a07c898f7af,28
1,OuterTest,4f28b42169f4404cbab4b43476e13885,513
1,OuterTest,5c76a3728b8b4d02ae20bd69fb928aa1,455
1,OuterTest,dc9ef63b61394d3d8effeb51919f2144,1082
1,OuterTest,53c92676ef334011bd4689494ac11fa0,557
1,OuterTest,c74a3a7265ae45f99f65628fbd7cd2a4,116
1,OuterTest,a8819942e8bb43b6a832c56dfb78cfc6,546
1,OuterTest,270fe8382f884386b3445143fa946200,90
1,OuterTest,fb3aaad97849430cbc32891319c9be10,819
1,OuterTest,2121cc12888e47ce856dc5391f202594,991
1,OuterTest,7bbc6931b39b4ba3834240618fc4a4c2,6
1,OuterTest,2135a00f664d4a3bbfb938e007befa06,434
1,OuterTest,d25718445d89453381c659b9c8734939,151
1,OuterTest,bc8f2774ff4946d3965a807a6aa1b64f,1079
1,OuterTest,b829278aae2747959f2a95423455bbcb,366
1,OuterTest,c133e78e55ae487c821803a3b183d1ab,530
1,OuterTest,bc5daf905b854dbc8944811c4b7c319d,108
1,OuterTest,cc8c0bf57f984915a77078b10eb33198,991
1,OuterTest,ccf96ecd7161425ba7c5b5dbad79b600,508
1,OuterTest,9a81caa3d5134d7f87ee4786ccef68f7,125
1,OuterTest,6e820d4c44b74793aacd0c7091488865,228
1,OuterTest,bef135921f374f838bf0badae55cac83,393
1,OuterTest,881c0b8d8efe4006a6c974128ee7f7c2,592
1,OuterTest,36e3167610cc48eabcaad06a72479ac7,245
1,OuterTest,482edf83eb664fdf90204c1830abe648,164
1,OuterTest,2575c1870ede486b8568279b4731e47e,381
1,OuterTest,9771da5dd7bb4657be34365619e39dab,472
1,OuterTest,e757a98aa8794d448f65f5966b8ac954,1031
1,OuterTest,5d709891c41d423687ae4ea0473cb9c4,742
1,OuterTest,59ff984c3143486da7d2c4ffec023b36,331
1,OuterTest,2fc3753772e241f2ab2cd16a784cc680,204
1,OuterTest,a6daedc3063b421cb3a05019e545f925,436
1,OuterTest,aad7d3bf3c7a47ad9cb93d9b92ed38ee,318
1,OuterTest,4bcb814456f044919bc052c208dbebc5,254
1,OuterTest,567fcd99d0dc4fa088f52b047f4ebdcf,319
1,OuterTest,48ba943c3d19463a81281bf6a7078eac,247
1,OuterTest,0e37d4a357db4246a908cfd97d17efc6,119
1,OuterTest,bc219c0fa63b43b4b9dddab47fce1fef,346
1,OuterTest,406a61a4d394432e95a7e8426a97551f,588
1,OuterTest,d865cb18632040fdb4cb06b6e3331cdb,786
1,OuterTest,6193fac132614eb1a09dcbf3f359460f,680
1,OuterTest,d9a3087bab26405cb005221b979edd39,686
1,OuterTest,566311b8201e416f9f99463656dcadce,201
1,OuterTest,f4395dd8e4004f12a8dec3079a93d804,376
1,OuterTest,c8e6213038884d05907b1edd7e55552e,88
1,OuterTest,5dd272b76c3f4e2582040a91f2be2dde,167
1,OuterTest,d654cae175de44319ace178994ed0329,505
1,OuterTest,5a3283d8aad24bba8cd36bfc1619064a,601
1,OuterTest,6520b5f0d568414c973f791b30ee1548,989
1,OuterTest,261e8288cf5647e396ab584e210e4ba1,94
1,OuterTest,4db0eee3b82d49b198c1a411cf7f7d68,182
1,OuterTest,1319a9c0288f4ff9ae32d3f33b3bae17,412
1,OuterTest,2422d2652f4f42298a389a6e0dfef307,429
1,OuterTest,9544516643a14926bf750fc71c1b307d,82
1,OuterTest,0d2cc345342a460e94ff54748338ac22,1081
1,OuterTest,d1ac8e27ba8944a4a42a488cf2fedd74,464
1,OuterTest,b0644660d7864451bfc4b3432bb5b47e,486
1,OuterTest,63252988084b4943a50734990c47e039,804
1,OuterTest,88abbe4f3b37466791b2ae58490044d9,522
1,OuterTest,41e0d46e715a476ab05e4d62e415ea41,861
1,OuterTest,f634de95cc7043b8b38ceaac67d472cf,320
1,OuterTest,d1ece215e0a8442691cb5e380a6fb935,411
1,OuterTest,b3318661150b4d6080886dc702989910,285
1,OuterTest,928ee3a8c5a84497a6360fe70a4e921e,325
1,OuterTest,bd916d78cb3149999182fb3ce4eb8a8d,1
1,OuterTest,16c90eedfc7943a5a4c64e84d18876a2,93
1,OuterTest,df8dfada99a04a81bd1b102eeb84e9bc,265
1,OuterTest,9056ac9944e846109b00e31cc96259cb,752
1,OuterTest,5d5506d750cc41d8bd33840d5350d7ad,175
1,OuterTest,03ee880dd4e348f4b3407f0d073c7c70,618
1,OuterTest,4959ccdac5774a088d0c9e10667f09f1,184
1,OuterTest,6d6314f1865343f987ca53107b694745,620
1,OuterTest,19dce2ebc7bd4f138aea6d645a4afec7,359
1,OuterTest,a4fe925930de41489b12b85b77d2f0cb,308
1,OuterTest,8931a57994764c9b945a7a1b352c9ae5,451
1,OuterTest,717053dec2ef4baa913ba1e24c09edff,450
1,OuterTest,55638ae3a8b34572aef756ee7fbce0df,211
1,OuterTest,7f6043918b234b68a61e6caab7a33346,534
1,OuterTest,a5d7cc4bf3404cccb89932d94ccb9da6,320
1,OuterTest,5674c9e612cc4f7793330a361755830a,442
1,OuterTest,dcdea563c77544bb887de11d87619d3c,710
1,OuterTest,1c89941a6935484182ca19eddcd3bc77,103
1,OuterTest,04061484361145f5ac6f90a5103b84a6,313
1,OuterTest,b526c20f7eed49f0886cdb4ba6b733e8,71
1,OuterTest,b886756c3fd641eeba9dda3932e196c0,121
1,OuterTest,d1455a9d8add42dba52beac59a67259c,36
1,OuterTest,52b30ecd104a4f4eab6f8f5684a73e56,530
1,OuterTest,bd210a5bc7004d8c94b68cf6366612a2,123
1,OuterTest,7061c4fa99a44d02af4a3e2689be4457,102
1,OuterTest,9eaabad9385b4fe1b9f397edead326ac,282
1,OuterTest,c0990deaa8954a54afc86f7710f349a1,389
1,OuterTest,13c6a31ab85547b08dab2544024553a8,884
1,OuterTest,268099669c954f429087081530094337,185
1,OuterTest,b0c4f9a7680142d8add66f69e5f20ecb,509
1,OuterTest,d2db9f5df62c4d338d3bed43f616b954,274
1,OuterTest,28d385e6db0e495da3a606b58e2432f0,499
1,OuterTest,74d03e3b673f4a72a3f76e1b0c7840bd,117
1,OuterTest,a5003bf9af8545a3a4c7f1f5604e8d3b,116
1,OuterTest,19f47b8941094af29b8db20b255717fc,591
1,OuterTest,5b9c64f03f8b4a4f8189a18d74f866c2,580
1,OuterTest,a59b6db922ff490da5ccfc9980700935,356
1,OuterTest,446af4b1d7da4735a607bc3e45c2e0b3,51
1,OuterTest,befb96098dc14988ac468a6bd3cbd4a0,850
1,OuterTest,c3e0e9f6ee8d4170a3d22a6179f1ca3a,165
1,OuterTest,82aef599650d462db73731b7ff40918b,223
1,OuterTest,1891b66d9f58463399aa242f3b521232,569
1,OuterTest,212fd4c9c9174635a7ec76051c8eec9e,184
1,OuterTest,c7492bdc08f8450fa580b7787331f0c9,254
2,InnerTrain,25f40f7316954a3e978e24d691e1a117,73
2,InnerTrain,2cc8ffb250c44b42a888e9185810e04c,389
2,InnerTrain,6746ba640c0e45c7961efbe6af51757e,173
2,InnerTrain,782f9486adbd4546a492e69b6697ef70,1124
2,InnerTrain,d825d5544592463e8c138473502dfeea,227
2,InnerTrain,4bcb814456f044919bc052c208dbebc5,254
2,InnerTrain,c71940250758484c913c23850c284fba,397
2,InnerTrain,c6c092a66329470f836714f46b92d59b,181
2,InnerTrain,d3c39710e9da42f48b605824ce2a1927,187
2,InnerTrain,590b4e5a4f94426ab3b1a66f35e140d5,385
2,InnerTrain,bed8426a524d45afab05b19cf02386b2,273
2,InnerTrain,5aa5225d0ef440519a31c1dde075dab7,429
2,InnerTrain,a1e7cd557b9541dbb00822ea0c56204b,209
2,InnerTrain,cab845a2e8864482993ac62811f879c1,388
2,InnerTrain,bef135921f374f838bf0badae55cac83,393
2,InnerTrain,38b3010304734913bb148d17ebbc352b,476
2,InnerTrain,2bbff07f5b4248eab483ddcf91cfa848,407
2,InnerTrain,48ba943c3d19463a81281bf6a7078eac,247
2,InnerTrain,6f5133fe62b240e797bac25aeff8b531,131
2,InnerTrain,cb0cd06a1dd84271968466d7b65e48f8,720
2,InnerTrain,1d4db80d13f342aba4881b38099bc4b7,176
2,InnerTrain,8c84164e752a4ab69d039a07c898f7af,28
2,InnerTrain,a4fe925930de41489b12b85b77d2f0cb,308
2,InnerTrain,dcdea563c77544bb887de11d87619d3c,710
2,InnerTrain,d865cb18632040fdb4cb06b6e3331cdb,786
2,InnerTrain,221a67d95acf448ba863917ec4d32ed0,639
2,InnerTrain,28db6ee9a8d34e9e88e741817b6733c1,211
2,InnerTrain,0c601ff2bf004fccafec366b08bf29e2,352
2,InnerTrain,c59fe8015e3743329ec907bc29c93124,254
2,InnerTrain,29dee0b8210b410a9b3421f0cb39019f,229
2,InnerTrain,13c6a31ab85547b08dab2544024553a8,884
2,InnerTrain,c7780850596641b8ab5f352d16b178e4,422
2,InnerTrain,6d4b2bd795ae4c66900ad98ccd2371a6,263
2,InnerTrain,8b93e49bac094cf0a1c3ea983912f89f,302
2,InnerTrain,aa54277d163d419b9f952b014112643e,419
2,InnerTrain,9771da5dd7bb4657be34365619e39dab,472
2,InnerTrain,2175d0e84f224ea69907e5c338bde395,354
2,InnerTrain,40516b7f46e548d19dfee580e9a5afa6,534
2,InnerTrain,13be0238abba499e95ba4e6404b22223,430
2,InnerTrain,2dc89e0f9c6c4dbab908d341fab020c6,986
2,InnerTrain,08110c8640454affb5167801442a85fd,878
2,InnerTrain,c133e78e55ae487c821803a3b183d1ab,530
2,InnerTrain,e54f4a36a8b94aebbe4189186dee8f05,353
2,InnerTrain,f634de95cc7043b8b38ceaac67d472cf,320
2,InnerTrain,1c89941a6935484182ca19eddcd3bc77,103
2,InnerTrain,fc9068b303e448a6bbcefd37204386a9,170
2,InnerTrain,7463b2d752f0464f803b07a945ee7c5a,911
2,InnerTrain,37284f813cc74496971ff58f5d37400a,904
2,InnerTrain,2755560e05784e5cbc76619793d36e86,319
2,InnerTrain,2575c1870ede486b8568279b4731e47e,381
2,InnerTrain,63252988084b4943a50734990c47e039,804
2,InnerTrain,84f4c0747550493f959595dae6785cd3,299
2,InnerTrain,b8be4950e73743a8841d545fcb145706,667
2,InnerTrain,c7604a179ea94e45857ec2c16416e5ad,284
2,InnerTrain,d1ac8e27ba8944a4a42a488cf2fedd74,464
2,InnerTrain,1b5ef5ecb2084b89aa0314d65f25d9e1,122
2,InnerTrain,634a8c5835e44aec912604a9a1972a5d,208
2,InnerTrain,19f47b8941094af29b8db20b255717fc,591
2,InnerTrain,28e4134bcd664522907277f1ceec2893,530
2,InnerTrain,40a2faa275fe4b9bb7412259485bb46e,100
2,InnerTrain,c74a3a7265ae45f99f65628fbd7cd2a4,116
2,InnerTrain,2422d2652f4f42298a389a6e0dfef307,429
2,InnerTrain,f9e460f092c94466b1211704b5a8859d,54
2,InnerTrain,e6cb595f6df44b3999db28c65f2244ac,112
2,InnerTrain,af128e79b77a4a4b8bfcd997c320b2a9,193
2,InnerTrain,8931a57994764c9b945a7a1b352c9ae5,451
2,InnerTrain,53d376c20b7146349a53554a4616c48c,676
2,InnerTrain,5d5506d750cc41d8bd33840d5350d7ad,175
2,InnerTrain,16c90eedfc7943a5a4c64e84d18876a2,93
2,InnerTrain,4d475873416a4860900f5af213e0027c,297
2,InnerTrain,796e7ae080984a0ab2b96ce80f18ca3b,226
2,InnerTrain,d1455a9d8add42dba52beac59a67259c,36
2,InnerTrain,d25718445d89453381c659b9c8734939,151
2,InnerTrain,5c2fc0a595c9435cb08e30700c63f9e9,271
2,InnerTrain,e0a22086a94f48e5bbd4c4e7916b2106,204
2,InnerTrain,892ed06c432448fe87ecb5d31756f14a,578
2,InnerTrain,76c632788f8c4516bef1c4297f2002f6,244
2,InnerTrain,2c96ff6afc9e4cf7bc8b107fce955c1f,514
2,InnerTrain,dcd5bc29543747e28ef02816dd458290,217
2,InnerTrain,078e6d7a3d4a429bba404bf12c7a98f2,448
2,InnerTrain,04061484361145f5ac6f90a5103b84a6,313
2,InnerTrain,270fe8382f884386b3445143fa946200,90
2,InnerTrain,d654cae175de44319ace178994ed0329,505
2,InnerTrain,9544516643a14926bf750fc71c1b307d,82
2,InnerTrain,54cdaaae372d421fa4734d66f51a8c48,220
2,InnerTrain,81227a12571240e0b9d537165f57e177,611
2,InnerTrain,947308824ada42fdbcff7009e815287f,238
2,InnerTrain,126aa95f38b649fa857d48672c8ad808,183
2,InnerTrain,a59b6db922ff490da5ccfc9980700935,356
2,InnerTrain,58af378ff68b49c99aabf320dca1ee25,833
2,InnerTrain,3a3c0ea9e3ce43918ee1765afd0f1319,611
2,InnerTrain,928ee3a8c5a84497a6360fe70a4e921e,325
2,InnerTrain,8b60e7e47cde43e0a7fbd66d926de14f,568
2,InnerTrain,2ce2df158372461fa91ce77455656f81,229
2,InnerTrain,36b7b02f0f034f0595e3437a85554151,1307
2,InnerTrain,c3e0e9f6ee8d4170a3d22a6179f1ca3a,165
2,InnerTrain,97ba0e14805b42f292db7f06b6d1121b,616
2,InnerTrain,f12b4e7fb95646ec9dac305076024bb9,351
2,InnerTrain,77b27e26bf6d4c38859ccfa076cee51d,529
2,InnerTrain,881c0b8d8efe4006a6c974128ee7f7c2,592
2,InnerTrain,c949ec2cca7047bdb67dce64b6c3586a,58
2,InnerTrain,f7d01e23508040c2aec430e8da13fb76,422
2,InnerTrain,cf652a711c8e40209132036a95162fed,408
2,InnerTrain,e12dee10fe2545e4ab88459ed4268bc6,416
2,InnerTrain,5c76a3728b8b4d02ae20bd69fb928aa1,455
2,InnerTrain,b2119bd765a94b0cb705424800307bbf,102
2,InnerTrain,bed12977df5a41dcb97ac69eeae3682c,325
2,InnerTrain,c34206e65a1442828b950b0ca52098b7,53
2,InnerTrain,555c691be4704ef29559373e031441dd,882
2,InnerTrain,eac3102e4cc24d4b95532bcc711a902f,633
2,InnerTrain,52b30ecd104a4f4eab6f8f5684a73e56,530
2,InnerTrain,c6da5920d2bc459bb3bc51ee6b9fdd7e,607
2,InnerTrain,3673601f263947fd9259640bd55622bd,876
2,InnerTrain,3034b3f33e1d49f4a7b6c84bdea57004,434
2,InnerTrain,4098aaf3c7074e7d87285e2fc95369e0,359
2,InnerTrain,019b370afb444a2e8ce85654898307c8,152
2,InnerTrain,cc8c0bf57f984915a77078b10eb33198,991
2,InnerTrain,e5a3df5fe95149b5b974af1d14277ea7,388
2,InnerTrain,dbfd4af0e0d744858e796ec69826e673,360
2,InnerTrain,2e3c0f308fcf4664bf7994053d7080b9,347
2,InnerTrain,4431d97ea17044ad9c09c13d16684054,794
2,InnerTrain,2bfb95d8ba3a4c11869f4d6635784640,50
2,InnerTrain,8dd4349e80c345afac455cf76074f028,146
2,InnerTrain,ce2d6bdc33084dc1a2780f41f6740e06,42
2,InnerTrain,634e7fbfe29c4a72b1ceb692b1d2ab44,496
2,InnerTrain,30e77a3561ce4f1bb4fd90e322ea29d7,1293
2,InnerTrain,c468cdcc838143d480b5b9c835c8380c,545
2,InnerTrain,7f6043918b234b68a61e6caab7a33346,534
2,InnerTrain,8758419c03ab47a59ea6d6620176f3a3,72
2,InnerTrain,fd5a3c6d3ad44954a8045edbe9d93763,433
2,InnerTrain,47a73fb6a41a4c4b9fe2897254dd3671,467
2,InnerTrain,b886756c3fd641eeba9dda3932e196c0,121
2,InnerTrain,c0cb50847c3949a0b4baf2e200ac897c,554
2,InnerTrain,f0f120e4d4b0441da90ec53b16ee169d,256
2,InnerTrain,bcb05cffb5814973a6cff4fbdca2b99b,394
2,InnerTrain,add2303ca41d445c8339e05769745fc0,49
2,InnerTrain,45275e709d4a4b0592d57850d8e8bd8d,1151
2,InnerTrain,5d709891c41d423687ae4ea0473cb9c4,742
2,InnerTrain,2fc3753772e241f2ab2cd16a784cc680,204
2,InnerTrain,dc6235e2281943548084c484cb38b876,781
2,InnerTrain,a4bfab3710d4494aa3c9a443c1bf5573,386
2,InnerTrain,75548269eb0a4614a6f84ab8d7713196,622
2,InnerTrain,7365754410624f2f85087003f4ed41ad,43
2,InnerTrain,4db0eee3b82d49b198c1a411cf7f7d68,182
2,InnerTrain,34a9823fac0d4b9db30898e00b5f9f9c,374
2,InnerTrain,bebf5f5b2a674631ab5c88fd1aa9e87a,747
2,InnerTrain,53c92676ef334011bd4689494ac11fa0,557
2,InnerTrain,2a721a8d80e04e4e82709e6150f5196a,6
2,InnerTrain,d1ece215e0a8442691cb5e380a6fb935,411
2,InnerTrain,12cd5f88732749a58725528bb3d86958,216
2,InnerTrain,1c76efe7d0b048bc815c0445eeaa76ab,1278
2,InnerTrain,8cf06ee8cd004478aa46f391310b923e,175
2,InnerTrain,1319a9c0288f4ff9ae32d3f33b3bae17,412
2,InnerTrain,bc219c0fa63b43b4b9dddab47fce1fef,346
2,InnerTrain,4deb245e67374cd88e64d6557b652841,152
2,InnerTrain,d39c6835da754adfa0f75183e685c403,835
2,InnerTrain,5a2aac9df32945d183fc81924ff148b6,234
2,InnerTrain,ae643c14ded14e6ea74f8c8605200ed1,330
2,InnerTrain,cc9d6954dc6448359fc1e8aeafc5f760,367
2,InnerTrain,9a61a88ed9094334a73aa93c08222110,202
2,InnerTrain,02f1e5e2fc544798aad223f5ae5e8440,178
2,InnerTrain,a2b64d02c5fa4b9bab671a97561b6b33,114
2,InnerTrain,b519ec833e23450a8bd3340b67f2516b,608
2,InnerTrain,4959ccdac5774a088d0c9e10667f09f1,184
2,InnerTrain,21464a6831c1443db294d1b56a7a33a5,182
2,InnerTrain,2135a00f664d4a3bbfb938e007befa06,434
2,InnerTrain,df8dfada99a04a81bd1b102eeb84e9bc,265
2,InnerTrain,54ec146682e24683becfeab4124e8402,231
2,InnerTrain,a5887dd5d6d947e4af581b915716d51c,169
2,InnerTrain,64e1ad8a976542ab86c427d714550d06,378
2,InnerTrain,643ee37539844cb2b0453fd031a3afdd,659
2,InnerTrain,a8819942e8bb43b6a832c56dfb78cfc6,546
2,InnerTrain,01796494e25c448dadaba70cfcc3532d,322
2,InnerTrain,6d6314f1865343f987ca53107b694745,620
2,InnerTrain,93036f2be8de445aad06b727b848cea5,474
2,InnerTrain,b3318661150b4d6080886dc702989910,285
2,InnerTrain,30783e1b472a4101b82be19e41636ba2,515
2,InnerTrain,b0be2e24e2234947867c7f555f6f59d2,272
2,InnerTrain,37a37b06ba5e4f978fc6cb77e90f2498,356
2,InnerTrain,10dfdae842b543938a230f25a1e9f934,900
2,InnerTrain,9c5dc664216e43a99d5da3f23d373e4d,648
2,InnerTrain,3e1f0257a4b8457486651de2d16b61ab,630
2,InnerTrain,6295f0119c5c44d8a75e0016517a172d,413
2,InnerTrain,3b5f3391078e48ac92600cbdfa4ccbe6,744
2,InnerTrain,b0525843a3b0463f91d715deff733b8f,1155
2,InnerTrain,098c11f50ff2425a9ff994e004de1216,375
2,InnerTrain,491322eec05043c9907c59aa35b046ea,267
2,InnerTrain,a5d7cc4bf3404cccb89932d94ccb9da6,320
2,InnerTrain,23663ff8f4614b8bb005d67e51a69283,297
2,InnerTrain,edf6a55a70114f6296143ed471251804,630
2,InnerTrain,7061c4fa99a44d02af4a3e2689be4457,102
2,InnerTrain,9047b53fd41540649dce014a128cbe1b,62
2,InnerTrain,78c5f7d7b547483c906d8524a8c3190f,789
2,InnerTrain,4f679c8f8f6d4f5d8466253dda4733ba,541
2,InnerTrain,5af1f9db65e04747aa3ca8364037c49b,61
2,InnerTrain,717053dec2ef4baa913ba1e24c09edff,450
2,InnerTrain,cf550d9670274ac1a7f274fbacb39c48,48
2,InnerTrain,295c6c85275e4376bc8446b4a76504cd,92
2,InnerTrain,ccf96ecd7161425ba7c5b5dbad79b600,508
2,InnerTrain,4ed628299b1e45a3a73704e8cf8287a9,244
2,InnerTrain,36349e9caeff483e9d8d25e9743b9f5b,533
2,InnerTrain,9f3c8453d03d4df5946444757376b826,147
2,InnerTrain,8c7dfcee70754286959b80c6cfe2d246,126
2,InnerTrain,2121cc12888e47ce856dc5391f202594,991
2,InnerTrain,a6daedc3063b421cb3a05019e545f925,436
2,InnerTrain,bc8f2774ff4946d3965a807a6aa1b64f,1079
2,InnerTrain,b57e1a48e584451f8f966ab083c8d07d,561
2,InnerTrain,9a81caa3d5134d7f87ee4786ccef68f7,125
2,InnerTrain,724957e51f464a9aa64a16458443786d,1244
2,InnerTrain,482edf83eb664fdf90204c1830abe648,164
2,InnerTrain,5c6620829a1f492b8482218670aa0541,31
2,InnerTrain,4284a8d9b40d42edb9725543db91381e,360
2,InnerTrain,312102fd97de4bd4859374946e24ccdc,127
2,InnerTrain,aad7d3bf3c7a47ad9cb93d9b92ed38ee,318
2,InnerTrain,6e81ee0f64274490a403bbd6482c2bf9,75
2,InnerTrain,8fbbe701baf641359129ea166e1674ec,361
2,InnerTrain,862a468e56954dc9a833a9eb3ebd884b,617
2,InnerTrain,f77e66f97d204b5da547f6c007dc2abf,210
2,InnerTrain,deab903b0b644d7a984c552968026631,396
2,InnerTrain,797700339b014fb6aa61c1ea3778d587,272
2,InnerTrain,37cfda558193400bbe3a5ff14ae4606e,204
2,InnerTrain,6b80170cd8404e6298d353bf1fa8dc0c,245
2,InnerTrain,ab40eb69df49448d83628f611b2ca273,359
2,InnerTrain,04e5f089805540a5a9e73c1b7c54ee8c,99
2,InnerTrain,78f63999591a49a195b872ddc368a146,303
2,InnerTrain,7f03cd19d9cc4381a591fca00666d7ed,331
2,InnerTrain,6193fac132614eb1a09dcbf3f359460f,680
2,InnerTrain,b829278aae2747959f2a95423455bbcb,366
2,InnerTrain,41e0d46e715a476ab05e4d62e415ea41,861
2,InnerTrain,c7492bdc08f8450fa580b7787331f0c9,254
2,InnerTrain,66e050dbde3447e5a4b07f0d896f5864,1197
2,InnerTrain,dc8302cfccdb4812a0a4a60dde595e18,376
2,InnerTrain,446af4b1d7da4735a607bc3e45c2e0b3,51
2,InnerTrain,82aa6c89bbf744a6a5a12cc171d8376e,625
2,InnerTrain,980ddcb62e294608bd4235b0dfd517f4,47
2,InnerTrain,c4ab236557c8423caa8add5fb48a0898,602
2,InnerTrain,0d2cc345342a460e94ff54748338ac22,1081
2,InnerTrain,268099669c954f429087081530094337,185
2,InnerTrain,010fb5bcc7984d0f8f07f99e02366df1,335
2,InnerTrain,a25d763258dc4526b52759b3ddaad7ec,965
2,InnerTrain,36e3167610cc48eabcaad06a72479ac7,245
2,InnerTrain,47cfdbcf14fe47d2a3b9e7e5b46d8a36,578
2,InnerTrain,448cf480b0b8400a86881d28c2c5f734,317
2,InnerTrain,44f25e0b668e4077abf57f3df320bb57,727
2,InnerTrain,d58468c6097c425e89671a7b3f480acf,258
2,InnerTrain,1d25e9071ea94891b5eb7554e77a11bb,403
2,InnerTrain,6ab3d1e9476d4cd89d4949d69d056901,446
2,InnerTrain,e02aee6f1fec4d13ad77044466da5fb4,440
2,InnerTrain,30ae9c1092f6404a9e6aa0589e809780,1067
2,InnerTrain,f143809fc26c4bb296f4f367b0954c26,67
2,InnerTrain,26540bfbab79463cb1ba76b52ec6013b,284
2,InnerTrain,73d9a36f20594e658020ebfc5b0ba74a,641
2,InnerTrain,19dce2ebc7bd4f138aea6d645a4afec7,359
2,InnerTrain,cd9db61edff14e8784678abb347cd674,337
2,InnerTrain,9a1188aba4bf458c8220818a6c0be55a,178
2,InnerTrain,6520b5f0d568414c973f791b30ee1548,989
2,InnerTrain,20ec831deb0f44e397497198cbe5a97c,246
2,InnerTrain,1847e3fc11ab466d95f82e6c7031f33d,59
2,InnerTrain,0ced08ea43754420a23b2fbec667a763,553
2,InnerTrain,73b16c26a0d24c7a841e4cbe5d0d7878,207
2,InnerTrain,1466f33b56704942a368fa03d10708dd,609
2,InnerTrain,d033fb0d79ea42b9a356fa5162172598,627
2,InnerTrain,ef5f216134a94e308697ab4c75402a20,563
2,InnerTrain,9eaabad9385b4fe1b9f397edead326ac,282
2,InnerTrain,bd22f197e9f648cba8e307869479629b,303
2,InnerTrain,7ef04cdbd04c4b67a22f59502cb8fac6,207
2,InnerTrain,9ac6dff089a84a6d8f066122443a10db,185
2,InnerTrain,1d914f73a4a243c3acac50d24f083aac,66
2,InnerTrain,7ca5e90766dc4b7bb6a9b3b0d95c99da,534
2,InnerTrain,b526c20f7eed49f0886cdb4ba6b733e8,71
2,InnerTrain,2911b04ae82a45f386ad4f79457dd73f,407
2,InnerTrain,ff6af17f52c34e9c9958c64e41fb3786,369
2,InnerTrain,d9a3087bab26405cb005221b979edd39,686
2,InnerTrain,c610d0ac2e2045a5972bda66ac42ede3,156
2,InnerTrain,0287702725184161af95373198546a59,471
2,InnerTrain,242ac1b59fec4e0c9c200ffca81775e2,300
2,InnerTrain,f612aec0c3e34e32b2e9e48670cdecca,343
2,InnerTrain,6207269cb9474c14b01f9610b2ee30aa,1080
2,InnerTrain,5035adcd18d34d4783c2ccb41db998c1,51
2,InnerTrain,d90b94e8bfd446cd9407f48665122268,355
2,InnerTrain,0b8948ee96ac46faad405bf1ffc70bb1,1068
2,InnerTrain,fccdb073bc54449a99f033e040ad51a2,358
2,InnerTrain,359f9c029ae44e1d9d47c05bc7915561,83
2,InnerTrain,ab6eea0e06c84f70be411a9d36636a7a,719
2,InnerTrain,de943e246dad4ad686de98008a634ecf,431
2,InnerTrain,5a3283d8aad24bba8cd36bfc1619064a,601
2,InnerTrain,566311b8201e416f9f99463656dcadce,201
2,InnerTrain,bd210a5bc7004d8c94b68cf6366612a2,123
2,InnerTrain,00590cbfa24a430a8c274b51e1c71231,146
2,InnerTrain,cd122d67c51c4fa4902486897cad91ad,665
2,InnerTrain,2bd47eabb64d4499862388cec180a7d1,719
2,InnerTrain,4c5c675340d14cd88a65b5e22eb9c9c1,1001
2,InnerTrain,e757a98aa8794d448f65f5966b8ac954,1031
2,InnerTrain,5dd272b76c3f4e2582040a91f2be2dde,167
2,InnerTrain,82aef599650d462db73731b7ff40918b,223
2,InnerTrain,406a61a4d394432e95a7e8426a97551f,588
2,InnerTrain,7b4a37ecca84421fbc22ad15e8b00ed8,163
2,InnerTrain,7bbc6931b39b4ba3834240618fc4a4c2,6
2,InnerTrain,e209e66ff7834490b212c16cb12a1ce9,835
2,InnerTrain,5a1d2867bb504c888a628ad549cc10b6,269
2,InnerTrain,214008f81b8b4b509c730f0c13e9491f,1216
2,InnerTrain,14b96c255dee4a838a8d401302ac2852,128
2,InnerTrain,d0b2d916178a402a842c88f394d7d7e8,56
2,InnerTrain,85a9c262809d4ac49d2a9b1f8a1487e8,394
2,InnerTrain,f36162eac28641a0978032ff89e0f752,436
2,InnerTrain,e8bda599a2d44d76a7692caeacb1ba6e,652
2,InnerTrain,692fe09aecae4b1a94f8a3bceedd9b7c,34
2,InnerTrain,a5003bf9af8545a3a4c7f1f5604e8d3b,116
2,InnerTrain,0053e9c440a94c1b84bd9c4223efc4b0,1205
2,InnerTrain,bc5daf905b854dbc8944811c4b7c319d,108
2,InnerTrain,f4395dd8e4004f12a8dec3079a93d804,376
2,InnerTrain,748894952b00431186308b387c2f424c,420
2,InnerTrain,b79d940da8df43d09ee972c2414ffeca,216
2,InnerTrain,212fd4c9c9174635a7ec76051c8eec9e,184
2,InnerTrain,7ad327c8827849ed91136bb2d04acec9,481
2,InnerTrain,d2db9f5df62c4d338d3bed43f616b954,274
2,InnerTrain,1891b66d9f58463399aa242f3b521232,569
2,InnerTrain,0e37d4a357db4246a908cfd97d17efc6,119
2,InnerTrain,03a8a37d5d444674bae34336e78ac39d,364
2,InnerTrain,2f093cad7209436aa06e103bfe062857,1429
2,InnerTrain,2ffd7e2a1daf4b928464ddb2ed3dca59,327
2,InnerTrain,d8a5dd6087de4e808c61c27f91e8216e,364
2,InnerTrain,4b5bf3f4668d44fea9a676e9c4a8a79e,22
2,InnerTrain,9c83e438973e4824853e6a38928ca4ff,226
2,InnerTrain,fcb40dc8514444c49b1fdc06f80a123b,70
2,InnerTrain,3bc4553925494890a21ef7a15c40eaed,745
2,InnerTrain,ee909cb746e44174be804f26bc971efe,1250
2,InnerTrain,5c9bd7ead37e4aa9989f7909f3a78baa,302
2,InnerTrain,c8e6213038884d05907b1edd7e55552e,88
2,InnerTrain,befb96098dc14988ac468a6bd3cbd4a0,850
2,InnerTrain,b0644660d7864451bfc4b3432bb5b47e,486
2,InnerTrain,25496f19ffd14bd088cb430bfc01a4d7,360
2,InnerTrain,2ba06ef7b3b44cbfad6d771981d86af9,1045
2,InnerTrain,c5b36e5275cc4a2285d095e87347c49a,373
2,InnerTrain,373bf99c103d4464a7b963a83523fbcb,494
2,InnerTrain,8399be3e75814cc793d145986318c45d,298
2,InnerTrain,76b36918bd4c487581a4196ffd1b1434,621
2,InnerTrain,1fbcc26ebf6948bb964d3ae74939e8ea,342
2,InnerTrain,bf753f22bc524274bc359467e0be149c,131
2,InnerTrain,ef5f945852e84fcc88cab506746a6636,958
2,InnerTrain,670e01eb31b64b509db5290531254203,827
2,InnerTrain,b487d499e93e44caaf6c3dc884225fa2,144
2,InnerTrain,06c43bc74aff453081ce83eb126a756e,876
2,InnerTrain,28d385e6db0e495da3a606b58e2432f0,499
2,InnerTrain,48ff8fee13c344ed843af3eec8f9b94b,233
2,InnerTrain,27dc2edfb6524c7d8997ac3573ed2f3d,767
2,InnerTrain,88abbe4f3b37466791b2ae58490044d9,522
2,InnerTrain,240d15482599449a9bd0432fbfa688ab,259
2,InnerTrain,ba76f4185aa34ed3bff467ac640da902,253
2,InnerTrain,e631037169574c67944176bf079ee75c,91
2,InnerTrain,c0990deaa8954a54afc86f7710f349a1,389
2,InnerTrain,8d8728879b89405eba3f8ce1af138cb2,410
2,InnerTrain,d4c560022dda448dabb0b60fb62dd6ba,318
2,InnerTrain,fd2d419d4cf84a2d84922b9b7d2cea4d,892
2,InnerTrain,bd916d78cb3149999182fb3ce4eb8a8d,1
2,InnerTrain,8b43539a55374b6c8ed60c95a42d63a2,195
2,InnerTrain,433a14f8dcf5457fb2c4def5c749122a,218
2,InnerTrain,69ee276c40644ddbb7fe21c613cd7689,271
2,InnerTrain,70e7d95ee1d1426fa84da44ddbf82d7a,916
2,InnerTrain,59ff984c3143486da7d2c4ffec023b36,331
2,InnerTrain,dc9ef63b61394d3d8effeb51919f2144,1082
2,InnerTrain,6447a9c30b0140d783871b08104ae7b3,498
2,InnerTrain,69e393da7cb54eb6bea7927a2af0d1ee,514
2,InnerTrain,865c607c8ef44f13b39744a0de110740,32
2,InnerTrain,9056ac9944e846109b00e31cc96259cb,752
2,InnerTrain,83ffc453d209404781ea4574d77adb22,54
2,InnerTrain,d987908d74794138b07d1237887bb441,339
2,InnerTrain,f30849d00388491fa6997a13d56c73fd,235
2,InnerTrain,034256c9639044f98da7562ef3de3646,121
2,InnerTrain,76b0df6376e246d284c9be42b1fc6be6,363
2,InnerTrain,1ec0b9bc3eca4b76b2610c519f843762,1000
2,InnerTrain,03ee880dd4e348f4b3407f0d073c7c70,618
2,InnerTrain,d4c5db6faa9f443795ad86561e9e556e,378
2,InnerTrain,69a38ccf0894467fbae658d28d4fd10a,113
2,InnerTrain,ca6abd081eaf48689f06b5e8fcc9d369,80
2,InnerTrain,f0f7132494bc4045a21868aca13b56f9,533
2,InnerTrain,74d03e3b673f4a72a3f76e1b0c7840bd,117
2,InnerTrain,1ad821fcfc9f4c24bb879ec7d5ba0ec1,350
2,InnerDev,fdf27bbde3e345bd9ac83cbe9a3c813a,166
2,InnerDev,97349fd50e694a5f994b0954047b96d0,301
2,InnerDev,eba4b7c19b5f48289e105937d03e5222,147
2,InnerDev,1f23540a109243438a5e3bd47e70105d,192
2,InnerDev,a1ca2ba59ac9452fb3da60019bf32c71,597
2,InnerDev,2bbae5e654224cbeb5884c471e2ad05e,938
2,InnerDev,5726dbbea8044103be584a85e2f3ee64,335
2,InnerDev,798e8504b4364d378270333a349ef508,487
2,InnerDev,a6ebe93557f24cf9bcf613dbff0aab24,1173
2,InnerDev,7599adab7f3944dc8ac1c88b4f3bb082,878
2,InnerDev,98fc76cc0e364efdaa7e86a36b666dda,332
2,InnerDev,6e820d4c44b74793aacd0c7091488865,228
2,InnerDev,261e8288cf5647e396ab584e210e4ba1,94
2,InnerDev,ea68050d37ea40688241b2dc361ec886,304
2,InnerDev,c67b72f4a0bd4f2b96ecbd0e01c58232,81
2,InnerDev,567fcd99d0dc4fa088f52b047f4ebdcf,319
2,InnerDev,82024d9f5f7f46dba436cd93c27173c7,686
2,InnerDev,d3d94f2ce3dc4db4b3ba6f4aa81c3987,385
2,InnerDev,fb3aaad97849430cbc32891319c9be10,819
2,InnerDev,19640fe4b6894f97b16e0faad51432b4,256
2,InnerDev,55638ae3a8b34572aef756ee7fbce0df,211
2,InnerDev,45fc8a7a26c5469a88db999ae8468777,107
2,InnerDev,b3f63d06b6c54ae6ae80d688f4966408,82
2,InnerDev,6b6a24b7ae6b40ee95d60918f7f4cb2e,1021
2,InnerDev,7d6006ae9d8f406aa99756156ea4f70a,1047
2,InnerDev,b0c4f9a7680142d8add66f69e5f20ecb,509
2,InnerDev,938479858b4849dd8ceddc11c154082b,200
2,InnerDev,2538a745a83f430eb590d48b4743e179,213
2,InnerDev,2f0e54af35964a3fb347359836bec035,574
2,InnerDev,5674c9e612cc4f7793330a361755830a,442
2,InnerDev,827712f3e79340d8878de0202c5b3960,681
2,InnerDev,f92422ed4b4e427194a4958ccf15709a,504
2,InnerDev,8c45a7a9142f4f848d463cc46843db71,478
2,InnerDev,d0de3bf834b747179080898725b0f21d,64
2,InnerDev,7540f31d12f1439db67a50be7726c70d,579
2,InnerDev,521f01dfc8c9402e8309e047e2eea112,432
2,InnerDev,5b9c64f03f8b4a4f8189a18d74f866c2,580
2,InnerDev,4f28b42169f4404cbab4b43476e13885,513
2,InnerDev,dbe2eceb3e4649289366f674c2ba4274,82
2,InnerDev,7e2d9f38f8eb409ea57b3864bb4ed098,1287
2,InnerDev,7809330e0345423ab6212787edf3561b,169
2,InnerDev,c7b8d96173bf41dc8df8c0d16adfc71e,591
2,OuterTest,ab8bf18dfce14db4b8213b88f5dc1429,239
2,OuterTest,e15260c4ed5b4505900d497ef92ddd2d,391
2,OuterTest,e5514b8f435e475cac4eba74b44773b5,26
2,OuterTest,095d9b93b583425f910ae2afaf1d017d,134
2,OuterTest,e083627747d8499a8c4e94c7abf941e2,380
2,OuterTest,e3094e1174654d119b55cce4df145e02,236
2,OuterTest,05d5241d4d5a4c2a9c670dc8c9853c74,61
2,OuterTest,e233467e827140efa4b42d2b4c435855,494
2,OuterTest,e71f69d57d944b6cb0ffc516a88b6104,35
2,OuterTest,57146b2ebf10432f84b15a3038fe1755,376
2,OuterTest,a2e8f126913b4f72909e06d881dc5a8b,216
2,OuterTest,3359935281a34136992997acab7cdddd,397
2,OuterTest,2131d9fd2c48418081875019e35cf6a2,715
2,OuterTest,2eb0dd074d8e4a328fd2283184c4412e,1027
2,OuterTest,3014465d5958427aac89c4f15b6050dd,606
2,OuterTest,cf3db17f34cd412faca3535ac8c7069a,1033
2,OuterTest,cb3ef7b7ef124983b336c781f134cdfb,45
2,OuterTest,fab5dcdfa43b4cce99da3ddf6718cc2a,529
2,OuterTest,c2d5a5e7f7dc4e12b967fff22a0e1bf1,990
2,OuterTest,363bb6c0fdaf465aa54c39f082bb92c6,534
2,OuterTest,881da81bb35a4bdb925e0a2884ee7f0f,377
2,OuterTest,4b48dfc43a3f411b88a71031d77e5696,284
2,OuterTest,55162149a9464d5bb0b0ebd914567e09,176
2,OuterTest,da783af4b5124333911684dbaf31d969,543
2,OuterTest,66461d94f2e44d39a90843ff2dce11e8,228
2,OuterTest,e323a27a0ba94ab5ab11010d778cd41f,771
2,OuterTest,b0b26c1e5a1140e69598422f12ae1dc0,445
2,OuterTest,bc4fd5a05a004333b9411754630f4cba,1099
2,OuterTest,35c3bc100e4b4e5089820986d3f50fa3,502
2,OuterTest,1a819a84e3494177b47bea8c7f0770ec,798
2,OuterTest,37b32e4e8cf846679b2c0cb342dbd4aa,97
2,OuterTest,d91c7213cd1c48ae86a30bd82fc4fd25,731
2,OuterTest,dd61533869aa48f2aaa7e8a6418bdbe6,52
2,OuterTest,a1b51c02d8414856a86c0c37e4789c2f,201
2,OuterTest,70368a18644046f898ab836fc8a3c03f,556
2,OuterTest,1fa63d31aaa7459383b4414715cd12db,330
2,OuterTest,e0a212aafd574781b122a6ba66599a1e,25
2,OuterTest,4047f251c21a475abb49518e0fa6fa9e,118
2,OuterTest,eae0cfe3be5f44a5be4f3e2c961397ed,483
2,OuterTest,f8ef029224b84d14843db98a76a7f4a1,26
2,OuterTest,fd4ef697de684d0a8e016a8f8ae61193,328
2,OuterTest,11058d54abcd4829828523040372ce05,126
2,OuterTest,f29904c2bcdc4d78bbcac75a2b30fe38,482
2,OuterTest,5fc7c5dfc56b4971b14005bc53f69908,587
2,OuterTest,103b54209e584cd4b7ed2890eca2e126,296
2,OuterTest,3289046b886f4c98a676bd7e6a3c6ef1,357
2,OuterTest,a99120daccb24bcd941b33e6e03bf718,116
2,OuterTest,5560a973257e407b8d5bf9fb92b1e0f3,524
2,OuterTest,0c13be31e9854d97960d1af570db433f,799
2,OuterTest,55b44b64f35c48689cdca8c39b672db4,323
2,OuterTest,792b78f6cbcf413c821cb591630cddfb,290
2,OuterTest,15e1fa06e30e438a98430cc1fd0e8a69,314
2,OuterTest,1977a1c98a6c4eb79fbc2a6dc0da9b0f,1351
2,OuterTest,89f20737ec344aa48b543a9e005a38ca,59
2,OuterTest,8461c1125eaf46c7abaf4ee18e8c4ee6,416
2,OuterTest,62d9a581c7114d90a48bacfb2a47b104,788
2,OuterTest,390f81ac97474695a727d688240e6fba,124
2,OuterTest,0cc28fe2c1064fb9a51f1647c28ca564,108
2,OuterTest,d7823d64ca1a47c5842beb6d7197042d,161
2,OuterTest,cffc45a1565446fab5014afb3da169e8,310
2,OuterTest,55c853d5aab04850a8059dc95e62c2ad,150
2,OuterTest,673ce9bdd9254fff82a524653a07b57f,326
2,OuterTest,de7d80a1f5fb4c3e82ce8a4f213b450a,605
2,OuterTest,e1e664292aa144bc8d0d5d6441df084c,354
2,OuterTest,9f5f2211d6f943a89dd87bbe9703539d,262
2,OuterTest,2987b4494fcc4639bdd6d714a94b2c72,353
2,OuterTest,6bb64043c9db4f51b7a69e7260ed4f6e,64
2,OuterTest,70c3b2f2b1f3403083fd44d06cc5abe0,725
2,OuterTest,93032908bafd484ea10a39b0d5d3fff6,24
2,OuterTest,75ebb308bea04317adbc25554d5cd7f5,709
2,OuterTest,3469d30a6e2a4d878fb0ff899346b7de,627
2,OuterTest,7ed1b613f0ee47ceaf6d19ca3947f825,217
2,OuterTest,727214583a2a478094d4f093d20c7060,638
2,OuterTest,fdf4384c1fce4a16aad939d8417bccd6,85
2,OuterTest,fb255bba9b6a4f37a8894e336d2136f1,165
2,OuterTest,faa975eaad804c85bd8f2da9b30c8d9a,222
2,OuterTest,aa45d94630be481787f20121ce89a605,193
2,OuterTest,d4d2faa310a748dda508d15c6d5c4244,726
2,OuterTest,9e7d5adad1514dd79292e9318b7a443c,1362
2,OuterTest,fc61f52dcc1b4def95a278665d23af00,574
2,OuterTest,f13bd38bf9b64d579a63d4e7d750f592,228
2,OuterTest,ea4c42715ae24b0b952c57a9af1e7731,230
2,OuterTest,52bb785dcb5548a1836898f14fb3cf6d,459
2,OuterTest,ea0979999bf84ee6a6230b1bde7ec723,176
2,OuterTest,94f224a2a36c4bbbab59120cc6c31f6e,368
2,OuterTest,52678e6091214431bf9f3b41e5eeaa24,841
2,OuterTest,49eb09ab4c4142268131125d6e619a0c,603
2,OuterTest,1e3f0bd8063a4084b7104345b20bfb80,258
2,OuterTest,e329b73341204af7a9de29e65291ce1c,266
2,OuterTest,da41ecbc644b4915b84bb732e35ebf8c,357
2,OuterTest,f0294478e1994642bac453f1e84610df,998
2,OuterTest,febc1800b9ed432d96aee5ecf0156831,1070
2,OuterTest,69295e26c8d146de94ea5307d8d74819,470
2,OuterTest,f69f7b4cefb7493bb1a8185f6f01d137,247
2,OuterTest,01c3f5e39956402da3e37845632fadca,222
2,OuterTest,64ca274b5f69458bb5d21e0e2e071902,445
2,OuterTest,7937f7d56b5444fd8c55052460e23807,205
2,OuterTest,cd1a8954ff904333bb13fa1a6ee526fd,360
2,OuterTest,affb0caa5d2948f98cee5c42c7aefc1c,342
2,OuterTest,77c23b25e2ee4b9ebff6d179d3ce4a31,795
2,OuterTest,62696ecd66a3445da436ce2d87ee3501,116
2,OuterTest,788c5502523f4d01b3a8de47ec3dadfb,261
2,OuterTest,3d42cd90a8184d9ebd3bb85b6416314d,588
2,OuterTest,20b987b503444b3d9996c8f66946afa3,844
2,OuterTest,0c12123d57594f4d81d32fd4aa89fb1f,685
2,OuterTest,57f5503bf63144b8bf450315e860f58e,439
2,OuterTest,cdeb0e85e43e481a87b2251351e10c2f,499
2,OuterTest,1b3b150c9d3e4e1593e7ce882a69f870,316
2,OuterTest,9833ac6de5ae418f9e6d0eeb58e72beb,277
2,OuterTest,64a3a2d22172406c848f2a92275808ba,98
2,OuterTest,875e9b8b63b54263ba1edeb21faadea8,151
2,OuterTest,fb20ca9935c4439e8125ba830abcf9dc,529
2,OuterTest,08be42eb2186411d8e2201225329f1c6,436
2,OuterTest,e333874a12d64a7d956f23fe6a4c5c62,206
2,OuterTest,ced236f5da704cbcb41249bb6ecc8b68,169
2,OuterTest,f444b757d7e2444c889da10f02b73491,129
2,OuterTest,fee7ac5f5c1e4943877cd20d6e069427,106
2,OuterTest,90d616aaefc4429380388205ebb23398,84
2,OuterTest,181bf34123514c329e2cef72847607a4,439
2,OuterTest,65cfdc10a42e499ea704c617e077afe0,702
2,OuterTest,34ca95580d2d4c45a68b471d5afb3e27,96
2,OuterTest,cfeb880362694fa7a428aec2fd139daa,497
2,OuterTest,83773bcf46ac486383529098de0542dd,111
2,OuterTest,31cb85777b814e0ab6ae6d146964b6ae,288
2,OuterTest,7bcc4753bdb64d2cb407b55cc4e4527f,733
2,OuterTest,087c6e521e974c708d49cac1db095691,219
2,OuterTest,2a334f5c4615465f86a250d4758a2d7d,166
2,OuterTest,6946bd49ebe648b7a8c4555774059bc8,305
2,OuterTest,6d8cb5391245464c9de1c412819df210,59
2,OuterTest,efe3681f556b43e6aa65bf7bfc61a2f8,801
2,OuterTest,01c8c59260db4a3682d7b4f8da65425e,108
2,OuterTest,f68ef41fbd1142d3a74f71be605a2227,651
2,OuterTest,53e8446852bf488bb1b09ae032918bbd,1753
2,OuterTest,73030fb67d3c46cfb5e590168088ae39,180
2,OuterTest,9a0d2af517ff44f587c93254ee657215,204
2,OuterTest,53d4c9a634df4fdfadf057d3a216e98f,1248
2,OuterTest,f55c8c62235146d895f611176fd0a5dc,540
2,OuterTest,e9a94a93c36a4adb831eb67ec8bdf289,404
2,OuterTest,400b708de5d7434d8964da4a0246d164,281
2,OuterTest,36fbee38a28543ea9e27a67d64e1dee4,206
2,OuterTest,6308d6d934074a028fc3145eedf3e65f,271
2,OuterTest,c04cdbbe744c4da08d3df61c47d5cc94,139
2,OuterTest,212b65c558254e2084489bf76e371e1a,258
2,OuterTest,5e30d846d2344ec2addfb664799d1899,453
2,OuterTest,d83994e61a1b431cacf34931801d0c78,25
2,OuterTest,4ea72ee843914a6cbd755e39f2489156,33
2,OuterTest,3032b651c72e4b5c86d4dea1b4930689,97
2,OuterTest,bfe368f8c6a44efcb323a82f6974a9a6,41
2,OuterTest,88084e0150d64dd1949a9cf1493e5188,180
2,OuterTest,cddd0d5be10b4313a859524952455f43,157
2,OuterTest,ceca737af78440118b7b394a54723454,54
2,OuterTest,77c9f156f8594ed59dcdacb8b877a7ac,426
2,OuterTest,102b894332464704900264216480a8f7,30
2,OuterTest,82240fd6d5ba4375815f8a7fa1561361,730
2,OuterTest,0be1ff07a8f148ca9535fb7f0deaf828,312
2,OuterTest,210add02013a4dfa84b7c5e23058781f,350
2,OuterTest,23e33c8bba1f411ba5871dc074f8dbf8,396
2,OuterTest,02e484442a2f411b971edcf96ebbe885,342
2,OuterTest,d95a36c034344ae2ac11daf2ba1b2c60,957
2,OuterTest,60111bb5388f4195b98555d4d4b89618,249
2,OuterTest,75a4ec12042542149b0a77a0a10d6330,214
2,OuterTest,df0c3cb16cde410eba8eea191765515c,775
2,OuterTest,ed22649f50454a6ab71356780b2a2454,607
2,OuterTest,1623e7fab5174f2a84cf1b539233e3a6,878
2,OuterTest,7ad94b6e54f641208bf59cba6bb55220,656
2,OuterTest,e3d714da71d2477695a055716ede7130,304
2,OuterTest,a6fae4900f8e46cba689b59b5bc8a2ab,272
2,OuterTest,579fb61492be4ffc97132658f8e4bb9c,797
2,OuterTest,8adaf76e6005413181924e6c83053a21,99
2,OuterTest,f05ec45554f842ccb523caf326750f13,427
2,OuterTest,7cf32f906f50415786414ce8bbe10e9b,844
2,OuterTest,17302a41218442ffbb0b094adb0669ab,189
2,OuterTest,d0880a386b6d434bb5cd13c134af7a3e,183
2,OuterTest,c075fbdd97124beaba95bc5c25149f30,313
2,OuterTest,f98a50e675b14266a6c53cb25a0351fa,137
2,OuterTest,87a71839e68b46da8e91fb5f21b50c1c,646
2,OuterTest,fe4fdd7a28754baeac7074ad78f55a52,93
2,OuterTest,ab7f4909bc6c4841a12020355a7d505c,346
2,OuterTest,7deb4760e2244f32b57f9d631b535b66,239
2,OuterTest,2c1f2e5096434cd78919b2ae442d4ba4,90
2,OuterTest,aee27b55da77468ba444357348f5cf88,415
2,OuterTest,b7bb8ec5bf22476f8ba8ca0b2e57e8f6,107
2,OuterTest,09f67057dd8346388b28f79d9bb1cf04,161
2,OuterTest,c6d1085c40614693a046dae3168bdb35,92
2,OuterTest,c9c28de6e66442f7921858f1ebbec3ef,47
2,OuterTest,c6072dd4f7cc47efaad77889aa465ad6,328
2,OuterTest,7f8714d8ca814914bf4ff3ed30123db5,382
2,OuterTest,5890face846e47a899246159b7c30bd7,1034
2,OuterTest,4efde86424ea4088a43faeb5158ceabf,219
2,OuterTest,9a442b0f6b7a41568b3e4f7b7ba58402,157
2,OuterTest,32bae098e2434a09af1e7983e31fbf5c,80
2,OuterTest,3a1850241080418b88dcee97c7d17ed7,546
2,OuterTest,762e6aac0d6f4c1b9b0286ab4b2da654,129
2,OuterTest,4bf8fb20e4744bd391beb07b2424b30a,434
2,OuterTest,453453c849304ad69741891946d46453,219
2,OuterTest,857922568e4e4fb89c3ee3010eb93c7c,485
2,OuterTest,85e8f6d6743a4897b5e07e685267868e,843
2,OuterTest,7e3a6bdd6c6f4c8fb018cff404974446,116
2,OuterTest,1ecfbad2023f4b17b542801a21375e3f,695
2,OuterTest,d6e6f5d622474271b695f4c7f07df7bb,1493
2,OuterTest,d7ebcbbd26d849b384c11bec8df28a9b,299
2,OuterTest,ea9d0ef295c14dafb5653ede3f9f29a1,396
2,OuterTest,fe3aa64e4339456186c38c6308f5fb1a,452
2,OuterTest,4f18d9a7ed374a0fb93c026589dcf9a0,452
2,OuterTest,8e1f7ff7dc9940da8eeca3c06ae1aa4d,818
2,OuterTest,93bdbe60d6d0495cbb39d6c811554905,594
2,OuterTest,43017e1e57174925ae241b2ebff7991b,210
2,OuterTest,bb73edb93a0a46c4be997c576e9beb61,35
2,OuterTest,1be49200788d4e38ae4496b27b233ccb,1053
2,OuterTest,dac50250c406439480be8b44d2c5a634,401
3,InnerTrain,52678e6091214431bf9f3b41e5eeaa24,841
3,InnerTrain,94f224a2a36c4bbbab59120cc6c31f6e,368
3,InnerTrain,643ee37539844cb2b0453fd031a3afdd,659
3,InnerTrain,1e3f0bd8063a4084b7104345b20bfb80,258
3,InnerTrain,9e7d5adad1514dd79292e9318b7a443c,1362
3,InnerTrain,82aef599650d462db73731b7ff40918b,223
3,InnerTrain,d0880a386b6d434bb5cd13c134af7a3e,183
3,InnerTrain,faa975eaad804c85bd8f2da9b30c8d9a,222
3,InnerTrain,c04cdbbe744c4da08d3df61c47d5cc94,139
3,InnerTrain,4b48dfc43a3f411b88a71031d77e5696,284
3,InnerTrain,57146b2ebf10432f84b15a3038fe1755,376
3,InnerTrain,37284f813cc74496971ff58f5d37400a,904
3,InnerTrain,cfeb880362694fa7a428aec2fd139daa,497
3,InnerTrain,21464a6831c1443db294d1b56a7a33a5,182
3,InnerTrain,4047f251c21a475abb49518e0fa6fa9e,118
3,InnerTrain,400b708de5d7434d8964da4a0246d164,281
3,InnerTrain,c3e0e9f6ee8d4170a3d22a6179f1ca3a,165
3,InnerTrain,73030fb67d3c46cfb5e590168088ae39,180
3,InnerTrain,c74a3a7265ae45f99f65628fbd7cd2a4,116
3,InnerTrain,2911b04ae82a45f386ad4f79457dd73f,407
3,InnerTrain,ea0979999bf84ee6a6230b1bde7ec723,176
3,InnerTrain,55162149a9464d5bb0b0ebd914567e09,176
3,InnerTrain,6bb64043c9db4f51b7a69e7260ed4f6e,64
3,InnerTrain,5674c9e612cc4f7793330a361755830a,442
3,InnerTrain,7ad94b6e54f641208bf59cba6bb55220,656
3,InnerTrain,ce2d6bdc33084dc1a2780f41f6740e06,42
3,InnerTrain,9771da5dd7bb4657be34365619e39dab,472
3,InnerTrain,1c89941a6935484182ca19eddcd3bc77,103
3,InnerTrain,2ba06ef7b3b44cbfad6d771981d86af9,1045
3,InnerTrain,befb96098dc14988ac468a6bd3cbd4a0,850
3,InnerTrain,63252988084b4943a50734990c47e039,804
3,InnerTrain,bd210a5bc7004d8c94b68cf6366612a2,123
3,InnerTrain,2175d0e84f224ea69907e5c338bde395,354
3,InnerTrain,8adaf76e6005413181924e6c83053a21,99
3,InnerTrain,8e1f7ff7dc9940da8eeca3c06ae1aa4d,818
3,InnerTrain,d7ebcbbd26d849b384c11bec8df28a9b,299
3,InnerTrain,8461c1125eaf46c7abaf4ee18e8c4ee6,416
3,InnerTrain,e9a94a93c36a4adb831eb67ec8bdf289,404
3,InnerTrain,433a14f8dcf5457fb2c4def5c749122a,218
3,InnerTrain,7e3a6bdd6c6f4c8fb018cff404974446,116
3,InnerTrain,cc8c0bf57f984915a77078b10eb33198,991
3,InnerTrain,89f20737ec344aa48b543a9e005a38ca,59
3,InnerTrain,d4c560022dda448dabb0b60fb62dd6ba,318
3,InnerTrain,a25d763258dc4526b52759b3ddaad7ec,965
3,InnerTrain,62d9a581c7114d90a48bacfb2a47b104,788
3,InnerTrain,88abbe4f3b37466791b2ae58490044d9,522
3,InnerTrain,7ed1b613f0ee47ceaf6d19ca3947f825,217
3,InnerTrain,c6d1085c40614693a046dae3168bdb35,92
3,InnerTrain,2c1f2e5096434cd78919b2ae442d4ba4,90
3,InnerTrain,83773bcf46ac486383529098de0542dd,111
3,InnerTrain,57f5503bf63144b8bf450315e860f58e,439
3,InnerTrain,64ca274b5f69458bb5d21e0e2e071902,445
3,InnerTrain,a1b51c02d8414856a86c0c37e4789c2f,201
3,InnerTrain,05d5241d4d5a4c2a9c670dc8c9853c74,61
3,InnerTrain,727214583a2a478094d4f093d20c7060,638
3,InnerTrain,c67b72f4a0bd4f2b96ecbd0e01c58232,81
3,InnerTrain,f0294478e1994642bac453f1e84610df,998
3,InnerTrain,6d4b2bd795ae4c66900ad98ccd2371a6,263
3,InnerTrain,0cc28fe2c1064fb9a51f1647c28ca564,108
3,InnerTrain,9056ac9944e846109b00e31cc96259cb,752
3,InnerTrain,446af4b1d7da4735a607bc3e45c2e0b3,51
3,InnerTrain,3469d30a6e2a4d878fb0ff899346b7de,627
3,InnerTrain,43017e1e57174925ae241b2ebff7991b,210
3,InnerTrain,31cb85777b814e0ab6ae6d146964b6ae,288
3,InnerTrain,75ebb308bea04317adbc25554d5cd7f5,709
3,InnerTrain,bc5daf905b854dbc8944811c4b7c319d,108
3,InnerTrain,4959ccdac5774a088d0c9e10667f09f1,184
3,InnerTrain,2a334f5c4615465f86a250d4758a2d7d,166
3,InnerTrain,f68ef41fbd1142d3a74f71be605a2227,651
3,InnerTrain,77c23b25e2ee4b9ebff6d179d3ce4a31,795
3,InnerTrain,b79d940da8df43d09ee972c2414ffeca,216
3,InnerTrain,6e81ee0f64274490a403bbd6482c2bf9,75
3,InnerTrain,83ffc453d209404781ea4574d77adb22,54
3,InnerTrain,d2db9f5df62c4d338d3bed43f616b954,274
3,InnerTrain,d95a36c034344ae2ac11daf2ba1b2c60,957
3,InnerTrain,da783af4b5124333911684dbaf31d969,543
3,InnerTrain,e15260c4ed5b4505900d497ef92ddd2d,391
3,InnerTrain,bf753f22bc524274bc359467e0be149c,131
3,InnerTrain,1319a9c0288f4ff9ae32d3f33b3bae17,412
3,InnerTrain,e333874a12d64a7d956f23fe6a4c5c62,206
3,InnerTrain,359f9c029ae44e1d9d47c05bc7915561,83
3,InnerTrain,875e9b8b63b54263ba1edeb21faadea8,151
3,InnerTrain,3a1850241080418b88dcee97c7d17ed7,546
3,InnerTrain,cb3ef7b7ef124983b336c781f134cdfb,45
3,InnerTrain,2bbff07f5b4248eab483ddcf91cfa848,407
3,InnerTrain,dc9ef63b61394d3d8effeb51919f2144,1082
3,InnerTrain,8c45a7a9142f4f848d463cc46843db71,478
3,InnerTrain,6ab3d1e9476d4cd89d4949d69d056901,446
3,InnerTrain,59ff984c3143486da7d2c4ffec023b36,331
3,InnerTrain,13c6a31ab85547b08dab2544024553a8,884
3,InnerTrain,82024d9f5f7f46dba436cd93c27173c7,686
3,InnerTrain,212b65c558254e2084489bf76e371e1a,258
3,InnerTrain,ea4c42715ae24b0b952c57a9af1e7731,230
3,InnerTrain,1f23540a109243438a5e3bd47e70105d,192
3,InnerTrain,2575c1870ede486b8568279b4731e47e,381
3,InnerTrain,5890face846e47a899246159b7c30bd7,1034
3,InnerTrain,9f5f2211d6f943a89dd87bbe9703539d,262
3,InnerTrain,e329b73341204af7a9de29e65291ce1c,266
3,InnerTrain,d9a3087bab26405cb005221b979edd39,686
3,InnerTrain,a2b64d02c5fa4b9bab671a97561b6b33,114
3,InnerTrain,8c84164e752a4ab69d039a07c898f7af,28
3,InnerTrain,e71f69d57d944b6cb0ffc516a88b6104,35
3,InnerTrain,bc4fd5a05a004333b9411754630f4cba,1099
3,InnerTrain,15e1fa06e30e438a98430cc1fd0e8a69,314
3,InnerTrain,48ba943c3d19463a81281bf6a7078eac,247
3,InnerTrain,dcdea563c77544bb887de11d87619d3c,710
3,InnerTrain,d25718445d89453381c659b9c8734939,151
3,InnerTrain,d825d5544592463e8c138473502dfeea,227
3,InnerTrain,eae0cfe3be5f44a5be4f3e2c961397ed,483
3,InnerTrain,3289046b886f4c98a676bd7e6a3c6ef1,357
3,InnerTrain,52bb785dcb5548a1836898f14fb3cf6d,459
3,InnerTrain,1b3b150c9d3e4e1593e7ce882a69f870,316
3,InnerTrain,bd916d78cb3149999182fb3ce4eb8a8d,1
3,InnerTrain,fd4ef697de684d0a8e016a8f8ae61193,328
3,InnerTrain,3359935281a34136992997acab7cdddd,397
3,InnerTrain,70368a18644046f898ab836fc8a3c03f,556
3,InnerTrain,febc1800b9ed432d96aee5ecf0156831,1070
3,InnerTrain,df8dfada99a04a81bd1b102eeb84e9bc,265
3,InnerTrain,1891b66d9f58463399aa242f3b521232,569
3,InnerTrain,17302a41218442ffbb0b094adb0669ab,189
3,InnerTrain,ee909cb746e44174be804f26bc971efe,1250
3,InnerTrain,64a3a2d22172406c848f2a92275808ba,98
3,InnerTrain,4bf8fb20e4744bd391beb07b2424b30a,434
3,InnerTrain,29dee0b8210b410a9b3421f0cb39019f,229
3,InnerTrain,7365754410624f2f85087003f4ed41ad,43
3,InnerTrain,1fbcc26ebf6948bb964d3ae74939e8ea,342
3,InnerTrain,b519ec833e23450a8bd3340b67f2516b,608
3,InnerTrain,e02aee6f1fec4d13ad77044466da5fb4,440
3,InnerTrain,5e30d846d2344ec2addfb664799d1899,453
3,InnerTrain,bef135921f374f838bf0badae55cac83,393
3,InnerTrain,b3318661150b4d6080886dc702989910,285
3,InnerTrain,d83994e61a1b431cacf34931801d0c78,25
3,InnerTrain,f55c8c62235146d895f611176fd0a5dc,540
3,InnerTrain,02f1e5e2fc544798aad223f5ae5e8440,178
3,InnerTrain,bebf5f5b2a674631ab5c88fd1aa9e87a,747
3,InnerTrain,b0c4f9a7680142d8add66f69e5f20ecb,509
3,InnerTrain,69295e26c8d146de94ea5307d8d74819,470
3,InnerTrain,2422d2652f4f42298a389a6e0dfef307,429
3,InnerTrain,9c83e438973e4824853e6a38928ca4ff,226
3,InnerTrain,4f28b42169f4404cbab4b43476e13885,513
3,InnerTrain,f634de95cc7043b8b38ceaac67d472cf,320
3,InnerTrain,7cf32f906f50415786414ce8bbe10e9b,844
3,InnerTrain,c71940250758484c913c23850c284fba,397
3,InnerTrain,49eb09ab4c4142268131125d6e619a0c,603
3,InnerTrain,792b78f6cbcf413c821cb591630cddfb,290
3,InnerTrain,7937f7d56b5444fd8c55052460e23807,205
3,InnerTrain,9a0d2af517ff44f587c93254ee657215,204
3,InnerTrain,cf3db17f34cd412faca3535ac8c7069a,1033
3,InnerTrain,fee7ac5f5c1e4943877cd20d6e069427,106
3,InnerTrain,363bb6c0fdaf465aa54c39f082bb92c6,534
3,InnerTrain,0ced08ea43754420a23b2fbec667a763,553
3,InnerTrain,53d376c20b7146349a53554a4616c48c,676
3,InnerTrain,5c76a3728b8b4d02ae20bd69fb928aa1,455
3,InnerTrain,e0a212aafd574781b122a6ba66599a1e,25
3,InnerTrain,0c12123d57594f4d81d32fd4aa89fb1f,685
3,InnerTrain,e1e664292aa144bc8d0d5d6441df084c,354
3,InnerTrain,41e0d46e715a476ab05e4d62e415ea41,861
3,InnerTrain,5b9c64f03f8b4a4f8189a18d74f866c2,580
3,InnerTrain,fdf4384c1fce4a16aad939d8417bccd6,85
3,InnerTrain,453453c849304ad69741891946d46453,219
3,InnerTrain,6d6314f1865343f987ca53107b694745,620
3,InnerTrain,1977a1c98a6c4eb79fbc2a6dc0da9b0f,1351
3,InnerTrain,16c90eedfc7943a5a4c64e84d18876a2,93
3,InnerTrain,88084e0150d64dd1949a9cf1493e5188,180
3,InnerTrain,e631037169574c67944176bf079ee75c,91
3,InnerTrain,eac3102e4cc24d4b95532bcc711a902f,633
3,InnerTrain,c075fbdd97124beaba95bc5c25149f30,313
3,InnerTrain,098c11f50ff2425a9ff994e004de1216,375
3,InnerTrain,0d2cc345342a460e94ff54748338ac22,1081
3,InnerTrain,ef5f216134a94e308697ab4c75402a20,563
3,InnerTrain,6e820d4c44b74793aacd0c7091488865,228
3,InnerTrain,0be1ff07a8f148ca9535fb7f0deaf828,312
3,InnerTrain,e323a27a0ba94ab5ab11010d778cd41f,771
3,InnerTrain,bb73edb93a0a46c4be997c576e9beb61,35
3,InnerTrain,212fd4c9c9174635a7ec76051c8eec9e,184
3,InnerTrain,261e8288cf5647e396ab584e210e4ba1,94
3,InnerTrain,087c6e521e974c708d49cac1db095691,219
3,InnerTrain,affb0caa5d2948f98cee5c42c7aefc1c,342
3,InnerTrain,6207269cb9474c14b01f9610b2ee30aa,1080
3,InnerTrain,53d4c9a634df4fdfadf057d3a216e98f,1248
3,InnerTrain,fe3aa64e4339456186c38c6308f5fb1a,452
3,InnerTrain,2755560e05784e5cbc76619793d36e86,319
3,InnerTrain,fab5dcdfa43b4cce99da3ddf6718cc2a,529
3,InnerTrain,a2e8f126913b4f72909e06d881dc5a8b,216
3,InnerTrain,1fa63d31aaa7459383b4414715cd12db,330
3,InnerTrain,e6cb595f6df44b3999db28c65f2244ac,112
3,InnerTrain,dac50250c406439480be8b44d2c5a634,401
3,InnerTrain,2131d9fd2c48418081875019e35cf6a2,715
3,InnerTrain,881c0b8d8efe4006a6c974128ee7f7c2,592
3,InnerTrain,dd61533869aa48f2aaa7e8a6418bdbe6,52
3,InnerTrain,03a8a37d5d444674bae34336e78ac39d,364
3,InnerTrain,ed22649f50454a6ab71356780b2a2454,607
3,InnerTrain,23e33c8bba1f411ba5871dc074f8dbf8,396
3,InnerTrain,cb0cd06a1dd84271968466d7b65e48f8,720
3,InnerTrain,10dfdae842b543938a230f25a1e9f934,900
3,InnerTrain,5d5506d750cc41d8bd33840d5350d7ad,175
3,InnerTrain,938479858b4849dd8ceddc11c154082b,200
3,InnerTrain,c0990deaa8954a54afc86f7710f349a1,389
3,InnerTrain,60111bb5388f4195b98555d4d4b89618,249
3,InnerTrain,c8e6213038884d05907b1edd7e55552e,88
3,InnerTrain,6520b5f0d568414c973f791b30ee1548,989
3,InnerTrain,567fcd99d0dc4fa088f52b047f4ebdcf,319
3,InnerTrain,3d42cd90a8184d9ebd3bb85b6416314d,588
3,InnerTrain,8399be3e75814cc793d145986318c45d,298
3,InnerTrain,90d616aaefc4429380388205ebb23398,84
3,InnerTrain,9a442b0f6b7a41568b3e4f7b7ba58402,157
3,InnerTrain,28d385e6db0e495da3a606b58e2432f0,499
3,InnerTrain,deab903b0b644d7a984c552968026631,396
3,InnerTrain,4bcb814456f044919bc052c208dbebc5,254
3,InnerTrain,53c92676ef334011bd4689494ac11fa0,557
3,InnerTrain,0287702725184161af95373198546a59,471
3,InnerTrain,7bbc6931b39b4ba3834240618fc4a4c2,6
3,InnerTrain,32bae098e2434a09af1e7983e31fbf5c,80
3,InnerTrain,35c3bc100e4b4e5089820986d3f50fa3,502
3,InnerTrain,5d709891c41d423687ae4ea0473cb9c4,742
3,InnerTrain,85e8f6d6743a4897b5e07e685267868e,843
3,InnerTrain,4ed628299b1e45a3a73704e8cf8287a9,244
3,InnerTrain,c133e78e55ae487c821803a3b183d1ab,530
3,InnerTrain,7deb4760e2244f32b57f9d631b535b66,239
3,InnerTrain,c6da5920d2bc459bb3bc51ee6b9fdd7e,607
3,InnerTrain,7f8714d8ca814914bf4ff3ed30123db5,382
3,InnerTrain,a5003bf9af8545a3a4c7f1f5604e8d3b,116
3,InnerTrain,fb20ca9935c4439e8125ba830abcf9dc,529
3,InnerTrain,f77e66f97d204b5da547f6c007dc2abf,210
3,InnerTrain,77c9f156f8594ed59dcdacb8b877a7ac,426
3,InnerTrain,03ee880dd4e348f4b3407f0d073c7c70,618
3,InnerTrain,cab845a2e8864482993ac62811f879c1,388
3,InnerTrain,928ee3a8c5a84497a6360fe70a4e921e,325
3,InnerTrain,a8819942e8bb43b6a832c56dfb78cfc6,546
3,InnerTrain,c2d5a5e7f7dc4e12b967fff22a0e1bf1,990
3,InnerTrain,3014465d5958427aac89c4f15b6050dd,606
3,InnerTrain,cdeb0e85e43e481a87b2251351e10c2f,499
3,InnerTrain,37cfda558193400bbe3a5ff14ae4606e,204
3,InnerTrain,74d03e3b673f4a72a3f76e1b0c7840bd,117
3,InnerTrain,d987908d74794138b07d1237887bb441,339
3,InnerTrain,f05ec45554f842ccb523caf326750f13,427
3,InnerTrain,00590cbfa24a430a8c274b51e1c71231,146
3,InnerTrain,de7d80a1f5fb4c3e82ce8a4f213b450a,605
3,InnerTrain,6d8cb5391245464c9de1c412819df210,59
3,InnerTrain,34ca95580d2d4c45a68b471d5afb3e27,96
3,InnerTrain,7f03cd19d9cc4381a591fca00666d7ed,331
3,InnerTrain,78c5f7d7b547483c906d8524a8c3190f,789
3,InnerTrain,75a4ec12042542149b0a77a0a10d6330,214
3,InnerTrain,a4bfab3710d4494aa3c9a443c1bf5573,386
3,InnerTrain,ceca737af78440118b7b394a54723454,54
3,InnerTrain,6308d6d934074a028fc3145eedf3e65f,271
3,InnerTrain,01c8c59260db4a3682d7b4f8da65425e,108
3,InnerTrain,e0a22086a94f48e5bbd4c4e7916b2106,204
3,InnerTrain,f69f7b4cefb7493bb1a8185f6f01d137,247
3,InnerTrain,3032b651c72e4b5c86d4dea1b4930689,97
3,InnerTrain,e5514b8f435e475cac4eba74b44773b5,26
3,InnerTrain,2fc3753772e241f2ab2cd16a784cc680,204
3,InnerTrain,c6c092a66329470f836714f46b92d59b,181
3,InnerTrain,e083627747d8499a8c4e94c7abf941e2,380
3,InnerTrain,2987b4494fcc4639bdd6d714a94b2c72,353
3,InnerTrain,d1ac8e27ba8944a4a42a488cf2fedd74,464
3,InnerTrain,dbfd4af0e0d744858e796ec69826e673,360
3,InnerTrain,fc61f52dcc1b4def95a278665d23af00,574
3,InnerTrain,b487d499e93e44caaf6c3dc884225fa2,144
3,InnerTrain,7bcc4753bdb64d2cb407b55cc4e4527f,733
3,InnerTrain,f98a50e675b14266a6c53cb25a0351fa,137
3,InnerTrain,210add02013a4dfa84b7c5e23058781f,350
3,InnerTrain,d3d94f2ce3dc4db4b3ba6f4aa81c3987,385
3,InnerTrain,e209e66ff7834490b212c16cb12a1ce9,835
3,InnerTrain,af128e79b77a4a4b8bfcd997c320b2a9,193
3,InnerTrain,62696ecd66a3445da436ce2d87ee3501,116
3,InnerTrain,01c3f5e39956402da3e37845632fadca,222
3,InnerTrain,9a81caa3d5134d7f87ee4786ccef68f7,125
3,InnerTrain,a5d7cc4bf3404cccb89932d94ccb9da6,320
3,InnerTrain,09f67057dd8346388b28f79d9bb1cf04,161
3,InnerTrain,ced236f5da704cbcb41249bb6ecc8b68,169
3,InnerTrain,103b54209e584cd4b7ed2890eca2e126,296
3,InnerTrain,b829278aae2747959f2a95423455bbcb,366
3,InnerTrain,1623e7fab5174f2a84cf1b539233e3a6,878
3,InnerTrain,762e6aac0d6f4c1b9b0286ab4b2da654,129
3,InnerTrain,cc9d6954dc6448359fc1e8aeafc5f760,367
3,InnerTrain,54ec146682e24683becfeab4124e8402,231
3,InnerTrain,5fc7c5dfc56b4971b14005bc53f69908,587
3,InnerTrain,1466f33b56704942a368fa03d10708dd,609
3,InnerTrain,181bf34123514c329e2cef72847607a4,439
3,InnerTrain,aad7d3bf3c7a47ad9cb93d9b92ed38ee,318
3,InnerTrain,df0c3cb16cde410eba8eea191765515c,775
3,InnerTrain,36fbee38a28543ea9e27a67d64e1dee4,206
3,InnerTrain,f13bd38bf9b64d579a63d4e7d750f592,228
3,InnerTrain,bc8f2774ff4946d3965a807a6aa1b64f,1079
3,InnerTrain,dc6235e2281943548084c484cb38b876,781
3,InnerTrain,b526c20f7eed49f0886cdb4ba6b733e8,71
3,InnerTrain,d0b2d916178a402a842c88f394d7d7e8,56
3,InnerTrain,9544516643a14926bf750fc71c1b307d,82
3,InnerTrain,579fb61492be4ffc97132658f8e4bb9c,797
3,InnerTrain,406a61a4d394432e95a7e8426a97551f,588
3,InnerTrain,8b60e7e47cde43e0a7fbd66d926de14f,568
3,InnerTrain,e757a98aa8794d448f65f5966b8ac954,1031
3,InnerTrain,590b4e5a4f94426ab3b1a66f35e140d5,385
3,InnerTrain,ea9d0ef295c14dafb5653ede3f9f29a1,396
3,InnerTrain,881da81bb35a4bdb925e0a2884ee7f0f,377
3,InnerTrain,634e7fbfe29c4a72b1ceb692b1d2ab44,496
3,InnerTrain,37b32e4e8cf846679b2c0cb342dbd4aa,97
3,InnerTrain,5dd272b76c3f4e2582040a91f2be2dde,167
3,InnerTrain,da41ecbc644b4915b84bb732e35ebf8c,357
3,InnerTrain,08be42eb2186411d8e2201225329f1c6,436
3,InnerTrain,5726dbbea8044103be584a85e2f3ee64,335
3,InnerTrain,bc219c0fa63b43b4b9dddab47fce1fef,346
3,InnerTrain,4ea72ee843914a6cbd755e39f2489156,33
3,InnerTrain,cffc45a1565446fab5014afb3da169e8,310
3,InnerTrain,b886756c3fd641eeba9dda3932e196c0,121
3,InnerTrain,fe4fdd7a28754baeac7074ad78f55a52,93
3,InnerTrain,fb3aaad97849430cbc32891319c9be10,819
3,InnerTrain,d4d2faa310a748dda508d15c6d5c4244,726
3,InnerTrain,fb255bba9b6a4f37a8894e336d2136f1,165
3,InnerTrain,5c2fc0a595c9435cb08e30700c63f9e9,271
3,InnerTrain,9833ac6de5ae418f9e6d0eeb58e72beb,277
3,InnerTrain,20b987b503444b3d9996c8f66946afa3,844
3,InnerTrain,d865cb18632040fdb4cb06b6e3331cdb,786
3,InnerTrain,e3094e1174654d119b55cce4df145e02,236
3,InnerTrain,1be49200788d4e38ae4496b27b233ccb,1053
3,InnerTrain,4f18d9a7ed374a0fb93c026589dcf9a0,452
3,InnerTrain,70c3b2f2b1f3403083fd44d06cc5abe0,725
3,InnerTrain,717053dec2ef4baa913ba1e24c09edff,450
3,InnerTrain,7599adab7f3944dc8ac1c88b4f3bb082,878
3,InnerTrain,4284a8d9b40d42edb9725543db91381e,360
3,InnerTrain,87a71839e68b46da8e91fb5f21b50c1c,646
3,InnerTrain,55b44b64f35c48689cdca8c39b672db4,323
3,InnerTrain,f29904c2bcdc4d78bbcac75a2b30fe38,482
3,InnerTrain,e12dee10fe2545e4ab88459ed4268bc6,416
3,InnerTrain,0c13be31e9854d97960d1af570db433f,799
3,InnerTrain,390f81ac97474695a727d688240e6fba,124
3,InnerTrain,892ed06c432448fe87ecb5d31756f14a,578
3,InnerTrain,82240fd6d5ba4375815f8a7fa1561361,730
3,InnerTrain,7f6043918b234b68a61e6caab7a33346,534
3,InnerTrain,1ecfbad2023f4b17b542801a21375e3f,695
3,InnerTrain,efe3681f556b43e6aa65bf7bfc61a2f8,801
3,InnerTrain,cd1a8954ff904333bb13fa1a6ee526fd,360
3,InnerTrain,566311b8201e416f9f99463656dcadce,201
3,InnerTrain,d654cae175de44319ace178994ed0329,505
3,InnerTrain,2135a00f664d4a3bbfb938e007befa06,434
3,InnerTrain,4efde86424ea4088a43faeb5158ceabf,219
3,InnerTrain,d1455a9d8add42dba52beac59a67259c,36
3,InnerTrain,8b43539a55374b6c8ed60c95a42d63a2,195
3,InnerTrain,2e3c0f308fcf4664bf7994053d7080b9,347
3,InnerTrain,e3d714da71d2477695a055716ede7130,304
3,InnerTrain,ccf96ecd7161425ba7c5b5dbad79b600,508
3,InnerTrain,857922568e4e4fb89c3ee3010eb93c7c,485
3,InnerTrain,ab7f4909bc6c4841a12020355a7d505c,346
3,InnerTrain,482edf83eb664fdf90204c1830abe648,164
3,InnerTrain,0e37d4a357db4246a908cfd97d17efc6,119
3,InnerTrain,448cf480b0b8400a86881d28c2c5f734,317
3,InnerTrain,7061c4fa99a44d02af4a3e2689be4457,102
3,InnerTrain,7809330e0345423ab6212787edf3561b,169
3,InnerTrain,f8ef029224b84d14843db98a76a7f4a1,26
3,InnerTrain,28db6ee9a8d34e9e88e741817b6733c1,211
3,InnerTrain,673ce9bdd9254fff82a524653a07b57f,326
3,InnerTrain,c9c28de6e66442f7921858f1ebbec3ef,47
3,InnerTrain,2eb0dd074d8e4a328fd2283184c4412e,1027
3,InnerTrain,cd9db61edff14e8784678abb347cd674,337
3,InnerTrain,9eaabad9385b4fe1b9f397edead326ac,282
3,InnerTrain,d91c7213cd1c48ae86a30bd82fc4fd25,731
3,InnerTrain,4431d97ea17044ad9c09c13d16684054,794
3,InnerTrain,d1ece215e0a8442691cb5e380a6fb935,411
3,InnerTrain,e233467e827140efa4b42d2b4c435855,494
3,InnerTrain,93032908bafd484ea10a39b0d5d3fff6,24
3,InnerTrain,11058d54abcd4829828523040372ce05,126
3,InnerTrain,02e484442a2f411b971edcf96ebbe885,342
3,InnerTrain,5560a973257e407b8d5bf9fb92b1e0f3,524
3,InnerTrain,bfe368f8c6a44efcb323a82f6974a9a6,41
3,InnerTrain,5af1f9db65e04747aa3ca8364037c49b,61
3,InnerTrain,aa45d94630be481787f20121ce89a605,193
3,InnerTrain,1b5ef5ecb2084b89aa0314d65f25d9e1,122
3,InnerTrain,b0644660d7864451bfc4b3432bb5b47e,486
3,InnerTrain,2bfb95d8ba3a4c11869f4d6635784640,50
3,InnerTrain,cddd0d5be10b4313a859524952455f43,157
3,InnerTrain,095d9b93b583425f910ae2afaf1d017d,134
3,InnerTrain,04061484361145f5ac6f90a5103b84a6,313
3,InnerTrain,788c5502523f4d01b3a8de47ec3dadfb,261
3,InnerTrain,66461d94f2e44d39a90843ff2dce11e8,228
3,InnerTrain,d7823d64ca1a47c5842beb6d7197042d,161
3,InnerTrain,ab8bf18dfce14db4b8213b88f5dc1429,239
3,InnerTrain,01796494e25c448dadaba70cfcc3532d,322
3,InnerDev,a99120daccb24bcd941b33e6e03bf718,116
3,InnerDev,b7bb8ec5bf22476f8ba8ca0b2e57e8f6,107
3,InnerDev,55c853d5aab04850a8059dc95e62c2ad,150
3,InnerDev,270fe8382f884386b3445143fa946200,90
3,InnerDev,1a819a84e3494177b47bea8c7f0770ec,798
3,InnerDev,f444b757d7e2444c889da10f02b73491,129
3,InnerDev,4db0eee3b82d49b198c1a411cf7f7d68,182
3,InnerDev,c7492bdc08f8450fa580b7787331f0c9,254
3,InnerDev,55638ae3a8b34572aef756ee7fbce0df,211
3,InnerDev,53e8446852bf488bb1b09ae032918bbd,1753
3,InnerDev,5035adcd18d34d4783c2ccb41db998c1,51
3,InnerDev,268099669c954f429087081530094337,185
3,InnerDev,d6e6f5d622474271b695f4c7f07df7bb,1493
3,InnerDev,c6072dd4f7cc47efaad77889aa465ad6,328
3,InnerDev,a6fae4900f8e46cba689b59b5bc8a2ab,272
3,InnerDev,a6daedc3063b421cb3a05019e545f925,436
3,InnerDev,f7d01e23508040c2aec430e8da13fb76,422
3,InnerDev,2121cc12888e47ce856dc5391f202594,991
3,InnerDev,cf550d9670274ac1a7f274fbacb39c48,48
3,InnerDev,19dce2ebc7bd4f138aea6d645a4afec7,359
3,InnerDev,93bdbe60d6d0495cbb39d6c811554905,594
3,InnerDev,6f5133fe62b240e797bac25aeff8b531,131
3,InnerDev,52b30ecd104a4f4eab6f8f5684a73e56,530
3,InnerDev,65cfdc10a42e499ea704c617e077afe0,702
3,InnerDev,d3c39710e9da42f48b605824ce2a1927,187
3,InnerDev,b0b26c1e5a1140e69598422f12ae1dc0,445
3,InnerDev,5a3283d8aad24bba8cd36bfc1619064a,601
3,InnerDev,6946bd49ebe648b7a8c4555774059bc8,305
3,InnerDev,6193fac132614eb1a09dcbf3f359460f,680
3,InnerDev,19640fe4b6894f97b16e0faad51432b4,256
3,InnerDev,8931a57994764c9b945a7a1b352c9ae5,451
3,InnerDev,d0de3bf834b747179080898725b0f21d,64
3,InnerDev,19f47b8941094af29b8db20b255717fc,591
3,InnerDev,aee27b55da77468ba444357348f5cf88,415
3,InnerDev,36e3167610cc48eabcaad06a72479ac7,245
3,InnerDev,102b894332464704900264216480a8f7,30
3,InnerDev,a4fe925930de41489b12b85b77d2f0cb,308
3,InnerDev,f4395dd8e4004f12a8dec3079a93d804,376
3,InnerDev,312102fd97de4bd4859374946e24ccdc,127
3,InnerDev,a59b6db922ff490da5ccfc9980700935,356
3,InnerDev,c7b8d96173bf41dc8df8c0d16adfc71e,591
3,InnerDev,782f9486adbd4546a492e69b6697ef70,1124
3,OuterTest,7d6006ae9d8f406aa99756156ea4f70a,1047
3,OuterTest,0c601ff2bf004fccafec366b08bf29e2,352
3,OuterTest,8cf06ee8cd004478aa46f391310b923e,175
3,OuterTest,40a2faa275fe4b9bb7412259485bb46e,100
3,OuterTest,9f3c8453d03d4df5946444757376b826,147
3,OuterTest,34a9823fac0d4b9db30898e00b5f9f9c,374
3,OuterTest,2f0e54af35964a3fb347359836bec035,574
3,OuterTest,3a3c0ea9e3ce43918ee1765afd0f1319,611
3,OuterTest,9c5dc664216e43a99d5da3f23d373e4d,648
3,OuterTest,1d25e9071ea94891b5eb7554e77a11bb,403
3,OuterTest,6b6a24b7ae6b40ee95d60918f7f4cb2e,1021
3,OuterTest,c468cdcc838143d480b5b9c835c8380c,545
3,OuterTest,cf652a711c8e40209132036a95162fed,408
3,OuterTest,c610d0ac2e2045a5972bda66ac42ede3,156
3,OuterTest,45fc8a7a26c5469a88db999ae8468777,107
3,OuterTest,dc8302cfccdb4812a0a4a60dde595e18,376
3,OuterTest,2bd47eabb64d4499862388cec180a7d1,719
3,OuterTest,2ce2df158372461fa91ce77455656f81,229
3,OuterTest,078e6d7a3d4a429bba404bf12c7a98f2,448
3,OuterTest,dbe2eceb3e4649289366f674c2ba4274,82
3,OuterTest,30ae9c1092f6404a9e6aa0589e809780,1067
3,OuterTest,1d914f73a4a243c3acac50d24f083aac,66
3,OuterTest,e8bda599a2d44d76a7692caeacb1ba6e,652
3,OuterTest,796e7ae080984a0ab2b96ce80f18ca3b,226
3,OuterTest,add2303ca41d445c8339e05769745fc0,49
3,OuterTest,7b4a37ecca84421fbc22ad15e8b00ed8,163
3,OuterTest,5aa5225d0ef440519a31c1dde075dab7,429
3,OuterTest,edf6a55a70114f6296143ed471251804,630
3,OuterTest,1ad821fcfc9f4c24bb879ec7d5ba0ec1,350
3,OuterTest,d8a5dd6087de4e808c61c27f91e8216e,364
3,OuterTest,6295f0119c5c44d8a75e0016517a172d,413
3,OuterTest,491322eec05043c9907c59aa35b046ea,267
3,OuterTest,8c7dfcee70754286959b80c6cfe2d246,126
3,OuterTest,2dc89e0f9c6c4dbab908d341fab020c6,986
3,OuterTest,f12b4e7fb95646ec9dac305076024bb9,351
3,OuterTest,980ddcb62e294608bd4235b0dfd517f4,47
3,OuterTest,73b16c26a0d24c7a841e4cbe5d0d7878,207
3,OuterTest,48ff8fee13c344ed843af3eec8f9b94b,233
3,OuterTest,fc9068b303e448a6bbcefd37204386a9,170
3,OuterTest,70e7d95ee1d1426fa84da44ddbf82d7a,916
3,OuterTest,f0f120e4d4b0441da90ec53b16ee169d,256
3,OuterTest,947308824ada42fdbcff7009e815287f,238
3,OuterTest,f30849d00388491fa6997a13d56c73fd,235
3,OuterTest,521f01dfc8c9402e8309e047e2eea112,432
3,OuterTest,8fbbe701baf641359129ea166e1674ec,361
3,OuterTest,5c6620829a1f492b8482218670aa0541,31
3,OuterTest,2ffd7e2a1daf4b928464ddb2ed3dca59,327
3,OuterTest,45275e709d4a4b0592d57850d8e8bd8d,1151
3,OuterTest,b57e1a48e584451f8f966ab083c8d07d,561
3,OuterTest,06c43bc74aff453081ce83eb126a756e,876
3,OuterTest,0053e9c440a94c1b84bd9c4223efc4b0,1205
3,OuterTest,ae643c14ded14e6ea74f8c8605200ed1,330
3,OuterTest,fccdb073bc54449a99f033e040ad51a2,358
3,OuterTest,75548269eb0a4614a6f84ab8d7713196,622
3,OuterTest,de943e246dad4ad686de98008a634ecf,431
3,OuterTest,b0525843a3b0463f91d715deff733b8f,1155
3,OuterTest,27dc2edfb6524c7d8997ac3573ed2f3d,767
3,OuterTest,6b80170cd8404e6298d353bf1fa8dc0c,245
3,OuterTest,010fb5bcc7984d0f8f07f99e02366df1,335
3,OuterTest,8758419c03ab47a59ea6d6620176f3a3,72
3,OuterTest,2cc8ffb250c44b42a888e9185810e04c,389
3,OuterTest,40516b7f46e548d19dfee580e9a5afa6,534
3,OuterTest,93036f2be8de445aad06b727b848cea5,474
3,OuterTest,eba4b7c19b5f48289e105937d03e5222,147
3,OuterTest,c59fe8015e3743329ec907bc29c93124,254
3,OuterTest,bd22f197e9f648cba8e307869479629b,303
3,OuterTest,c34206e65a1442828b950b0ca52098b7,53
3,OuterTest,37a37b06ba5e4f978fc6cb77e90f2498,356
3,OuterTest,76b0df6376e246d284c9be42b1fc6be6,363
3,OuterTest,78f63999591a49a195b872ddc368a146,303
3,OuterTest,73d9a36f20594e658020ebfc5b0ba74a,641
3,OuterTest,3034b3f33e1d49f4a7b6c84bdea57004,434
3,OuterTest,3b5f3391078e48ac92600cbdfa4ccbe6,744
3,OuterTest,7ef04cdbd04c4b67a22f59502cb8fac6,207
3,OuterTest,4b5bf3f4668d44fea9a676e9c4a8a79e,22
3,OuterTest,ca6abd081eaf48689f06b5e8fcc9d369,80
3,OuterTest,ff6af17f52c34e9c9958c64e41fb3786,369
3,OuterTest,a1e7cd557b9541dbb00822ea0c56204b,209
3,OuterTest,8dd4349e80c345afac455cf76074f028,146
3,OuterTest,1c76efe7d0b048bc815c0445eeaa76ab,1278
3,OuterTest,126aa95f38b649fa857d48672c8ad808,183
3,OuterTest,aa54277d163d419b9f952b014112643e,419
3,OuterTest,7ad327c8827849ed91136bb2d04acec9,481
3,OuterTest,36349e9caeff483e9d8d25e9743b9f5b,533
3,OuterTest,38b3010304734913bb148d17ebbc352b,476
3,OuterTest,798e8504b4364d378270333a349ef508,487
3,OuterTest,9ac6dff089a84a6d8f066122443a10db,185
3,OuterTest,bcb05cffb5814973a6cff4fbdca2b99b,394
3,OuterTest,c7780850596641b8ab5f352d16b178e4,422
3,OuterTest,4f679c8f8f6d4f5d8466253dda4733ba,541
3,OuterTest,97349fd50e694a5f994b0954047b96d0,301
3,OuterTest,c0cb50847c3949a0b4baf2e200ac897c,554
3,OuterTest,6746ba640c0e45c7961efbe6af51757e,173
3,OuterTest,c7604a179ea94e45857ec2c16416e5ad,284
3,OuterTest,a1ca2ba59ac9452fb3da60019bf32c71,597
3,OuterTest,2f093cad7209436aa06e103bfe062857,1429
3,OuterTest,dcd5bc29543747e28ef02816dd458290,217
3,OuterTest,6447a9c30b0140d783871b08104ae7b3,498
3,OuterTest,12cd5f88732749a58725528bb3d86958,216
3,OuterTest,724957e51f464a9aa64a16458443786d,1244
3,OuterTest,4deb245e67374cd88e64d6557b652841,152
3,OuterTest,14b96c255dee4a838a8d401302ac2852,128
3,OuterTest,242ac1b59fec4e0c9c200ffca81775e2,300
3,OuterTest,82aa6c89bbf744a6a5a12cc171d8376e,625
3,OuterTest,69e393da7cb54eb6bea7927a2af0d1ee,514
3,OuterTest,c949ec2cca7047bdb67dce64b6c3586a,58
3,OuterTest,ab40eb69df49448d83628f611b2ca273,359
3,OuterTest,ef5f945852e84fcc88cab506746a6636,958
3,OuterTest,3e1f0257a4b8457486651de2d16b61ab,630
3,OuterTest,1ec0b9bc3eca4b76b2610c519f843762,1000
3,OuterTest,fd5a3c6d3ad44954a8045edbe9d93763,433
3,OuterTest,634a8c5835e44aec912604a9a1972a5d,208
3,OuterTest,04e5f089805540a5a9e73c1b7c54ee8c,99
3,OuterTest,76b36918bd4c487581a4196ffd1b1434,621
3,OuterTest,221a67d95acf448ba863917ec4d32ed0,639
3,OuterTest,20ec831deb0f44e397497198cbe5a97c,246
3,OuterTest,8b93e49bac094cf0a1c3ea983912f89f,302
3,OuterTest,8d8728879b89405eba3f8ce1af138cb2,410
3,OuterTest,13be0238abba499e95ba4e6404b22223,430
3,OuterTest,748894952b00431186308b387c2f424c,420
3,OuterTest,08110c8640454affb5167801442a85fd,878
3,OuterTest,1847e3fc11ab466d95f82e6c7031f33d,59
3,OuterTest,69a38ccf0894467fbae658d28d4fd10a,113
3,OuterTest,373bf99c103d4464a7b963a83523fbcb,494
3,OuterTest,bed12977df5a41dcb97ac69eeae3682c,325
3,OuterTest,c5b36e5275cc4a2285d095e87347c49a,373
3,OuterTest,1d4db80d13f342aba4881b38099bc4b7,176
3,OuterTest,3673601f263947fd9259640bd55622bd,876
3,OuterTest,23663ff8f4614b8bb005d67e51a69283,297
3,OuterTest,4c5c675340d14cd88a65b5e22eb9c9c1,1001
3,OuterTest,4098aaf3c7074e7d87285e2fc95369e0,359
3,OuterTest,25f40f7316954a3e978e24d691e1a117,73
3,OuterTest,97ba0e14805b42f292db7f06b6d1121b,616
3,OuterTest,019b370afb444a2e8ce85654898307c8,152
3,OuterTest,e5a3df5fe95149b5b974af1d14277ea7,388
3,OuterTest,76c632788f8c4516bef1c4297f2002f6,244
3,OuterTest,9a61a88ed9094334a73aa93c08222110,202
3,OuterTest,a5887dd5d6d947e4af581b915716d51c,169
3,OuterTest,d033fb0d79ea42b9a356fa5162172598,627
3,OuterTest,f9e460f092c94466b1211704b5a8859d,54
3,OuterTest,7ca5e90766dc4b7bb6a9b3b0d95c99da,534
3,OuterTest,84f4c0747550493f959595dae6785cd3,299
3,OuterTest,28e4134bcd664522907277f1ceec2893,530
3,OuterTest,f612aec0c3e34e32b2e9e48670cdecca,343
3,OuterTest,034256c9639044f98da7562ef3de3646,121
3,OuterTest,4d475873416a4860900f5af213e0027c,297
3,OuterTest,fdf27bbde3e345bd9ac83cbe9a3c813a,166
3,OuterTest,7e2d9f38f8eb409ea57b3864bb4ed098,1287
3,OuterTest,555c691be4704ef29559373e031441dd,882
3,OuterTest,827712f3e79340d8878de0202c5b3960,681
3,OuterTest,f36162eac28641a0978032ff89e0f752,436
3,OuterTest,ab6eea0e06c84f70be411a9d36636a7a,719
3,OuterTest,5a1d2867bb504c888a628ad549cc10b6,269
3,OuterTest,295c6c85275e4376bc8446b4a76504cd,92
3,OuterTest,d58468c6097c425e89671a7b3f480acf,258
3,OuterTest,f143809fc26c4bb296f4f367b0954c26,67
3,OuterTest,9047b53fd41540649dce014a128cbe1b,62
3,OuterTest,0b8948ee96ac46faad405bf1ffc70bb1,1068
3,OuterTest,77b27e26bf6d4c38859ccfa076cee51d,529
3,OuterTest,81227a12571240e0b9d537165f57e177,611
3,OuterTest,69ee276c40644ddbb7fe21c613cd7689,271
3,OuterTest,f92422ed4b4e427194a4958ccf15709a,504
3,OuterTest,862a468e56954dc9a833a9eb3ebd884b,617
3,OuterTest,692fe09aecae4b1a94f8a3bceedd9b7c,34
3,OuterTest,54cdaaae372d421fa4734d66f51a8c48,220
3,OuterTest,bed8426a524d45afab05b19cf02386b2,273
3,OuterTest,25496f19ffd14bd088cb430bfc01a4d7,360
3,OuterTest,30783e1b472a4101b82be19e41636ba2,515
3,OuterTest,2a721a8d80e04e4e82709e6150f5196a,6
3,OuterTest,b0be2e24e2234947867c7f555f6f59d2,272
3,OuterTest,b3f63d06b6c54ae6ae80d688f4966408,82
3,OuterTest,e54f4a36a8b94aebbe4189186dee8f05,353
3,OuterTest,b2119bd765a94b0cb705424800307bbf,102
3,OuterTest,2c96ff6afc9e4cf7bc8b107fce955c1f,514
3,OuterTest,2538a745a83f430eb590d48b4743e179,213
3,OuterTest,865c607c8ef44f13b39744a0de110740,32
3,OuterTest,a6ebe93557f24cf9bcf613dbff0aab24,1173
3,OuterTest,44f25e0b668e4077abf57f3df320bb57,727
3,OuterTest,47cfdbcf14fe47d2a3b9e7e5b46d8a36,578
3,OuterTest,36b7b02f0f034f0595e3437a85554151,1307
3,OuterTest,66e050dbde3447e5a4b07f0d896f5864,1197
3,OuterTest,d39c6835da754adfa0f75183e685c403,835
3,OuterTest,64e1ad8a976542ab86c427d714550d06,378
3,OuterTest,fd2d419d4cf84a2d84922b9b7d2cea4d,892
3,OuterTest,f0f7132494bc4045a21868aca13b56f9,533
3,OuterTest,3bc4553925494890a21ef7a15c40eaed,745
3,OuterTest,797700339b014fb6aa61c1ea3778d587,272
3,OuterTest,47a73fb6a41a4c4b9fe2897254dd3671,467
3,OuterTest,670e01eb31b64b509db5290531254203,827
3,OuterTest,fcb40dc8514444c49b1fdc06f80a123b,70
3,OuterTest,214008f81b8b4b509c730f0c13e9491f,1216
3,OuterTest,26540bfbab79463cb1ba76b52ec6013b,284
3,OuterTest,58af378ff68b49c99aabf320dca1ee25,833
3,OuterTest,98fc76cc0e364efdaa7e86a36b666dda,332
3,OuterTest,ea68050d37ea40688241b2dc361ec886,304
3,OuterTest,5c9bd7ead37e4aa9989f7909f3a78baa,302
3,OuterTest,b8be4950e73743a8841d545fcb145706,667
3,OuterTest,cd122d67c51c4fa4902486897cad91ad,665
3,OuterTest,2bbae5e654224cbeb5884c471e2ad05e,938
3,OuterTest,85a9c262809d4ac49d2a9b1f8a1487e8,394
3,OuterTest,7463b2d752f0464f803b07a945ee7c5a,911
3,OuterTest,c4ab236557c8423caa8add5fb48a0898,602
3,OuterTest,240d15482599449a9bd0432fbfa688ab,259
3,OuterTest,ba76f4185aa34ed3bff467ac640da902,253
3,OuterTest,7540f31d12f1439db67a50be7726c70d,579
3,OuterTest,d90b94e8bfd446cd9407f48665122268,355
3,OuterTest,30e77a3561ce4f1bb4fd90e322ea29d7,1293
3,OuterTest,d4c5db6faa9f443795ad86561e9e556e,378
3,OuterTest,5a2aac9df32945d183fc81924ff148b6,234
3,OuterTest,9a1188aba4bf458c8220818a6c0be55a,178
