Comparison,Group,Count,SceneCount,ChangedCount,ImprovedCount,WorsenedCount,NeutralCount,ChangedNeutralCount,MeanGain,MeanHarm,GrossGain,GrossHarm,NetFDEDelta,P90Harm,P95Harm,P99Harm,Top10HarmCount,Top10HarmSum,Top10HarmShare,HighCostHarmCount,HighCostHarmSum,HighCostDefinition,NetFDEDeltaSum,Units,Interpretation
NG-C-NG-A,Overall,260151,630,81298,49939,31359,178853,0,1.6493725089739733,1.5795962083101887,82368.013725651253,49534.557496399204,-0.12620922552383826,5.4346384048461918,6.6478409603238058,14.665863780975311,3136,27042.574254055507,0.54593349816481762,3136,27042.574254055507,largest ceil(0.1*positive-harm actors) per comparison/group,-32833.45622925205,FDE and gain/harm m; count actors/windows,descriptive; subset/tail membership differs between comparisons
G-A-NG-A,Overall,260151,630,110144,52511,57633,150007,0,1.841373363872675,1.6918009640872376,96692.356710318039,97503.564963239769,0.0031182207753255977,5.9049206733703627,9.8402983665466088,19.331232639551164,5764,65581.646105369087,0.67260767470496385,5764,65581.646105369087,largest ceil(0.1*positive-harm actors) per comparison/group,811.20825292172958,FDE and gain/harm m; count actors/windows,descriptive; subset/tail membership differs between comparisons
G-C-NG-C,Overall,260151,630,53641,27920,25721,206510,0,1.7572845601475546,1.3489960984645866,49063.384919319724,34697.528648607629,-0.055221222561943235,4.9687976837158203,6.1299300193786621,8.9940238952636644,2573,17266.625607224181,0.49763272139893661,2573,17266.625607224181,largest ceil(0.1*positive-harm actors) per comparison/group,-14365.856270712095,FDE and gain/harm m; count actors/windows,descriptive; subset/tail membership differs between comparisons
G-C-G-A,Overall,260151,630,115886,69495,46391,144265,0,1.6915839920363513,1.4991293305529168,117556.62952656623,69546.10877368036,-0.1845486688611071,5.5997018814086914,7.7929027080535889,14.960162997245783,4640,43387.960014220327,0.62387329470028452,4640,43387.960014220327,largest ceil(0.1*positive-harm actors) per comparison/group,-48010.520752885874,FDE and gain/harm m; count actors/windows,descriptive; subset/tail membership differs between comparisons
NG-C-NG-A,Vehicle,191026,629,61674,37895,23779,129352,0,2.0539176796663057,1.9745147052879608,77833.210470954655,46951.985177042421,-0.16165980177521508,5.9570521354675297,7.8216631412506024,15.636927118301422,2378,22726.28034086246,0.48403236317204051,2378,22726.28034086246,largest ceil(0.1*positive-harm actors) per comparison/group,-30881.225293912234,FDE and gain/harm m; count actors/windows,descriptive; subset/tail membership differs between comparisons
G-A-NG-A,Vehicle,191026,629,82035,38924,43111,108991,0,2.3184892462482209,2.1035126782390212,90244.875420965749,90684.535071562452,0.0023015696847376939,7.0484485626220703,11.759623408317566,20.896904039382957,4312,56301.088663678151,0.62084553467963333,4312,56301.088663678151,largest ceil(0.1*positive-harm actors) per comparison/group,439.6596505967027,FDE and gain/harm m; count actors/windows,descriptive; subset/tail membership differs between comparisons
G-C-NG-C,Vehicle,191026,629,36517,18775,17742,154509,0,2.4267630140116285,1.8052630644887371,45562.475588068322,32028.977290159171,-0.070846368022725439,5.7321503162384033,6.4883096635341664,10.300683321952823,1775,13002.099051093683,0.40594799307215307,1775,13002.099051093683,largest ceil(0.1*positive-harm actors) per comparison/group,-13533.498297909151,FDE and gain/harm m; count actors/windows,descriptive; subset/tail membership differs between comparisons
G-C-G-A,Vehicle,191026,629,82713,50250,32463,108313,0,2.1561822100806993,1.9558812436970416,108348.15605655515,63493.772814137061,-0.23480773948267822,6.5916068077087369,9.5303835868835396,16.480492744445815,3247,34891.276703448966,0.54952281392357782,3247,34891.276703448966,largest ceil(0.1*positive-harm actors) per comparison/group,-44854.383242418087,FDE and gain/harm m; count actors/windows,descriptive; subset/tail membership differs between comparisons
NG-C-NG-A,Pedestrian,66145,542,19624,12044,7580,46521,0,0.37651969899506799,0.34070874925551226,4534.8032546965987,2582.5723193567828,-0.029514414322168205,0.57387906312942538,1.4172352433204649,2.5776549780368812,758,1114.4651163229719,0.43153297507677979,758,1114.4651163229719,largest ceil(0.1*positive-harm actors) per comparison/group,-1952.2309353398159,FDE and gain/harm m; count actors/windows,descriptive; subset/tail membership differs between comparisons
G-A-NG-A,Pedestrian,66145,542,28109,13587,14522,38036,0,0.47453310439039453,0.46956547938832927,6447.4812893522903,6819.0298916773172,0.0056171834957294865,0.93851072192192064,1.5397299587726572,3.9754574441909778,1453,3024.9134801086038,0.44359880043941968,1453,3024.9134801086038,largest ceil(0.1*positive-harm actors) per comparison/group,371.54860232502688,FDE and gain/harm m; count actors/windows,descriptive; subset/tail membership differs between comparisons
G-C-NG-C,Pedestrian,66145,542,17124,9145,7979,49021,0,0.3828222341444944,0.33444684276832409,3500.9093312514015,2668.5513584484579,-0.012583838125375214,0.57011818885803223,0.88341349363326915,1.7753372538089758,798,883.73170951381326,0.33116533684689142,798,883.73170951381326,largest ceil(0.1*positive-harm actors) per comparison/group,-832.35797280294355,FDE and gain/harm m; count actors/windows,descriptive; subset/tail membership differs between comparisons
G-C-G-A,Pedestrian,66145,542,33173,19245,13928,32972,0,0.47848654040067995,0.43454451174205194,9208.4734700110857,6052.3359595432994,-0.047715435943272905,0.90441358685493545,1.5004678308963766,3.4066907155513757,1393,2594.5374085279182,0.42868363981626995,1393,2594.5374085279182,largest ceil(0.1*positive-harm actors) per comparison/group,-3156.1375104677863,FDE and gain/harm m; count actors/windows,descriptive; subset/tail membership differs between comparisons
NG-C-NG-A,Bicycle,2980,169,0,0,0,2980,0,0,0,0,0,0,0,0,0,0,0,0,0,0,largest ceil(0.1*positive-harm actors) per comparison/group,0,FDE and gain/harm m; count actors/windows,descriptive; subset/tail membership differs between comparisons
G-A-NG-A,Bicycle,2980,169,0,0,0,2980,0,0,0,0,0,0,0,0,0,0,0,0,0,0,largest ceil(0.1*positive-harm actors) per comparison/group,0,FDE and gain/harm m; count actors/windows,descriptive; subset/tail membership differs between comparisons
G-C-NG-C,Bicycle,2980,169,0,0,0,2980,0,0,0,0,0,0,0,0,0,0,0,0,0,0,largest ceil(0.1*positive-harm actors) per comparison/group,0,FDE and gain/harm m; count actors/windows,descriptive; subset/tail membership differs between comparisons
G-C-G-A,Bicycle,2980,169,0,0,0,2980,0,0,0,0,0,0,0,0,0,0,0,0,0,0,largest ceil(0.1*positive-harm actors) per comparison/group,0,FDE and gain/harm m; count actors/windows,descriptive; subset/tail membership differs between comparisons
NG-C-NG-A,MovingVehicle,41728,597,22551,13225,9326,19177,0,5.4201303732192274,4.5933969532046577,71681.224185824278,42838.019985586638,-0.69121942581090967,8.8692648410797119,12.548682048916817,18.077613413333893,933,12457.826149599627,0.2908123707349502,933,12457.826149599627,largest ceil(0.1*positive-harm actors) per comparison/group,-28843.20420023764,FDE and gain/harm m; count actors/windows,descriptive; subset/tail membership differs between comparisons
G-A-NG-A,MovingVehicle,41728,597,25912,12777,13135,15816,0,6.420804801092161,6.2643686194729193,82038.622943554539,82282.481816776795,0.0058440105737695572,13.589568138122559,17.676355600357045,25.907284255027754,1314,24919.288810854778,0.30285047631820361,1314,24919.288810854778,largest ceil(0.1*positive-harm actors) per comparison/group,243.85887322225608,FDE and gain/harm m; count actors/windows,descriptive; subset/tail membership differs between comparisons
G-C-NG-C,MovingVehicle,41728,597,17524,9815,7709,24204,0,4.234709127058033,3.7583777576352935,41563.67008207459,28973.334133610479,-0.30172392514532476,6.5249921798706056,7.4993793725967377,12.039613113403323,771,6558.3997782450169,0.2263598572397974,771,6558.3997782450169,largest ceil(0.1*positive-harm actors) per comparison/group,-12590.335948464111,FDE and gain/harm m; count actors/windows,descriptive; subset/tail membership differs between comparisons
G-C-G-A,MovingVehicle,41728,597,26945,16019,10926,14783,0,6.1603396609362466,5.2173789132906574,98682.481028537732,57005.082006613724,-0.99878736153000403,11.110404491424561,13.819008708000183,19.713632822036743,1093,16286.249458955601,0.28569820243511046,1093,16286.249458955601,largest ceil(0.1*positive-harm actors) per comparison/group,-41677.399021924008,FDE and gain/harm m; count actors/windows,descriptive; subset/tail membership differs between comparisons
NG-C-NG-A,StoppedVehicle,23044,381,5438,3124,2314,17606,0,0.3597451977273734,0.45268600695008249,1123.8439977003145,1047.5154200824909,-0.0033122972408359493,0.35513071119785311,2.394575229287121,7.5945979011058773,232,839.13480228651315,0.80107155102349903,232,839.13480228651315,largest ceil(0.1*positive-harm actors) per comparison/group,-76.328577617823612,FDE and gain/harm m; count actors/windows,descriptive; subset/tail membership differs between comparisons
G-A-NG-A,StoppedVehicle,23044,381,9074,3706,5368,13970,0,0.55661545896759312,0.31198080196124711,2062.8168909339001,1674.7129449279746,-0.016841865388210621,0.26390079911798264,0.40440789759159002,8.0502184450626348,537,1268.998858857085,0.7577411177840162,537,1268.998858857085,largest ceil(0.1*positive-harm actors) per comparison/group,-388.10394600592554,FDE and gain/harm m; count actors/windows,descriptive; subset/tail membership differs between comparisons
G-C-NG-C,StoppedVehicle,23044,381,3365,1613,1752,19679,0,0.66457521263524422,0.41311290928483707,1071.9598179806489,723.77381706703454,-0.015109616425690609,0.38108143806457551,2.5857048243284226,7.022347899004818,176,567.94835085421801,0.78470419551197401,176,567.94835085421801,largest ceil(0.1*positive-harm actors) per comparison/group,-348.18600091361441,FDE and gain/harm m; count actors/windows,descriptive; subset/tail membership differs between comparisons
G-C-G-A,StoppedVehicle,23044,381,9178,5693,3485,13866,0,0.33555113337327708,0.53769927396515182,1910.2926022940665,1873.881969768554,-0.0015800482783159384,0.35683205127716039,2.4773268699645907,12.233774490356433,349,1587.4046271517873,0.84712092477620138,349,1587.4046271517873,largest ceil(0.1*positive-harm actors) per comparison/group,-36.410632525512483,FDE and gain/harm m; count actors/windows,descriptive; subset/tail membership differs between comparisons
NG-C-NG-A,ParkedVehicle,121939,536,32346,20752,11594,89593,0,0.16728419123386085,0.15132324074134315,3471.4815364850801,1754.4416531551324,-0.0140811379733305,0.20701385438442232,0.27647027820348752,0.97314035028218437,1160,883.25328223221004,0.50343839058072704,1160,883.25328223221004,largest ceil(0.1*positive-harm actors) per comparison/group,-1717.0398833299478,FDE and gain/harm m; count actors/windows,descriptive; subset/tail membership differs between comparisons
G-A-NG-A,ParkedVehicle,121939,536,45138,21560,23578,76801,0,0.18055699027915406,0.19817408031439379,3892.8087104185615,4672.5484656527769,0.0063945067224941603,0.19639012366533273,0.27421761731384314,0.70283796072006177,2358,3058.6805073419237,0.65460648077293115,2358,3058.6805073419237,largest ceil(0.1*positive-harm actors) per comparison/group,779.73975523421541,FDE and gain/harm m; count actors/windows,descriptive; subset/tail membership differs between comparisons
G-C-NG-C,ParkedVehicle,121939,536,14664,6816,7848,107275,0,0.20601634311101685,0.21078363406835404,1404.2073946446908,1654.2299601684426,0.0020503904864215047,0.23239661902189254,0.34595198482274969,3.7996237230300807,785,1056.3817412731587,0.63859425032151651,785,1056.3817412731587,largest ceil(0.1*positive-harm actors) per comparison/group,250.02256552375184,FDE and gain/harm m; count actors/windows,descriptive; subset/tail membership differs between comparisons
G-C-G-A,ParkedVehicle,121939,536,44613,27305,17308,77326,0,0.19266582807151753,0.17413816515209005,5260.7404354927858,3013.9833624523744,-0.018425254209403157,0.20029094219207766,0.27221730984747394,2.5007778097689211,1731,1812.545086340222,0.60137859714839847,1731,1812.545086340222,largest ceil(0.1*positive-harm actors) per comparison/group,-2246.7570730404113,FDE and gain/harm m; count actors/windows,descriptive; subset/tail membership differs between comparisons
NG-C-NG-A,Vehicle>5m,38241,598,21190,12838,8352,17051,0,5.577354248426535,4.7349540538188437,71602.073841299862,39546.336257494986,-0.83825573556666599,8.9093062162399299,13.17614310979843,18.431670296192166,836,11524.112423114479,0.29140783985849966,836,11524.112423114479,largest ceil(0.1*positive-harm actors) per comparison/group,-32055.737583804876,FDE and gain/harm m; count actors/windows,descriptive; subset/tail membership differs between comparisons
G-A-NG-A,Vehicle>5m,38241,598,24715,12332,12383,13526,0,6.5416505215233398,6.4880817027108657,80671.634231425822,80341.915724668652,-0.0086221204141411038,13.632009887695322,17.688527297973632,26.316070947647095,1239,23650.43536055088,0.29437231048361862,1239,23650.43536055088,largest ceil(0.1*positive-harm actors) per comparison/group,-329.71850675716996,FDE and gain/harm m; count actors/windows,descriptive; subset/tail membership differs between comparisons
G-C-NG-C,Vehicle>5m,38241,598,16702,9465,7237,21539,0,4.3189280503915057,3.848649178860799,40878.653996955603,27852.674107415602,-0.34062864175989127,6.5454376697540289,7.4816686630249025,12.069084701538099,724,6157.9071347787976,0.2210885429180135,724,6157.9071347787976,largest ceil(0.1*positive-harm actors) per comparison/group,-13025.979889540002,FDE and gain/harm m; count actors/windows,descriptive; subset/tail membership differs between comparisons
G-C-G-A,Vehicle>5m,38241,598,25205,15440,9765,13036,0,6.3459269359604082,5.4510100281250384,97981.111891228706,53229.112924640998,-1.1702622569124161,11.401418983936312,14.286128810048082,20.078484325408951,977,14990.455290399492,0.28162136219745382,977,14990.455290399492,largest ceil(0.1*positive-harm actors) per comparison/group,-44751.998966587707,FDE and gain/harm m; count actors/windows,descriptive; subset/tail membership differs between comparisons
NG-C-NG-A,Pedestrian<5m,24005,421,5705,3160,2545,18300,0,0.24692458217947735,0.42137310446547854,780.28167968714843,1072.394550864643,0.012168834458550075,1.6499105930328366,2.1774758338928168,2.8249854087829585,255,576.06813137233257,0.53717927875320171,255,576.06813137233257,largest ceil(0.1*positive-harm actors) per comparison/group,292.11287117749453,FDE and gain/harm m; count actors/windows,descriptive; subset/tail membership differs between comparisons
G-A-NG-A,Pedestrian<5m,24005,421,8006,3853,4153,15999,0,0.56000040572106669,0.40833434407568886,2157.6815632432699,1695.8125309463358,-0.019240534567670657,1.0248584508895893,1.4909449338912959,3.9174641132354715,416,861.31353771686554,0.50790610518499701,416,861.31353771686554,largest ceil(0.1*positive-harm actors) per comparison/group,-461.86903229693417,FDE and gain/harm m; count actors/windows,descriptive; subset/tail membership differs between comparisons
G-C-NG-C,Pedestrian<5m,24005,421,4347,2736,1611,19658,0,0.51862626004135592,0.25449104513431026,1418.9614474731497,409.98507371137384,-0.042031925588909641,0.68607386946678162,1.3457996547222137,2.2811738729477287,162,231.67290549725294,0.56507643900311544,162,231.67290549725294,largest ceil(0.1*positive-harm actors) per comparison/group,-1008.9763737617759,FDE and gain/harm m; count actors/windows,descriptive; subset/tail membership differs between comparisons
G-C-G-A,Pedestrian<5m,24005,421,8246,4964,3282,15759,0,0.4505038743116091,0.60368883662263262,2236.3012320828275,1981.3067617954803,-0.010622556562688908,2.0682833790779118,3.1304760754108427,4.1100497862696654,329,1055.2534336391836,0.53260477074378032,329,1055.2534336391836,largest ceil(0.1*positive-harm actors) per comparison/group,-254.99447028734721,FDE and gain/harm m; count actors/windows,descriptive; subset/tail membership differs between comparisons
NG-C-NG-A,Pedestrian>5m,42140,498,13919,8884,5035,28221,0,0.42261611605239197,0.2999360016866216,3754.5215750094503,1510.1777684921399,-0.053259226542888241,0.51012387275695803,0.57591478489339365,1.0112935414910309,504,356.91316063329577,0.23633850800867051,504,356.91316063329577,largest ceil(0.1*positive-harm actors) per comparison/group,-2244.3438065173104,FDE and gain/harm m; count actors/windows,descriptive; subset/tail membership differs between comparisons
G-A-NG-A,Pedestrian>5m,42140,498,20103,9734,10369,22037,0,0.44070266345890902,0.49408982165406323,4289.7997261090204,5123.2173607309815,0.019777352506453752,0.89505038261413694,1.5839656591415425,3.9935946941375731,1037,2160.6583030875772,0.42173855820540362,1037,2160.6583030875772,largest ceil(0.1*positive-harm actors) per comparison/group,833.41763462196104,FDE and gain/harm m; count actors/windows,descriptive; subset/tail membership differs between comparisons
G-C-NG-C,Pedestrian>5m,42140,498,12777,6409,6368,29363,0,0.32484753998724475,0.35467435375896422,2081.9478837782517,2258.5662847370841,0.0041912292586338959,0.55954442918300629,0.79159241765737509,1.7243577551841733,637,650.07653341814876,0.28782707765153021,637,650.07653341814876,largest ceil(0.1*positive-harm actors) per comparison/group,176.61840095883235,FDE and gain/harm m; count actors/windows,descriptive; subset/tail membership differs between comparisons
G-C-G-A,Pedestrian>5m,42140,498,24927,14281,10646,17213,0,0.4882131670000881,0.38239988707005629,6972.1722379282583,4071.0291977478191,-0.068845349790708096,0.68941670656204224,1.0032047182321548,2.047132039070128,1065,1306.218925440684,0.32085717443719447,1065,1306.218925440684,largest ceil(0.1*positive-harm actors) per comparison/group,-2901.1430401804391,FDE and gain/harm m; count actors/windows,descriptive; subset/tail membership differs between comparisons
NG-C-NG-A,Pedestrian5-8m,22483,432,6568,5621,947,15915,0,0.45557658625655623,0.29764560090403497,2560.7959913481027,281.87038405612111,-0.10136216729493314,0.54340438246726985,0.64567983150482144,1.0872691154479945,95,74.441070914268494,0.26409681585933159,95,74.441070914268494,largest ceil(0.1*positive-harm actors) per comparison/group,-2278.9256072919816,FDE and gain/harm m; count actors/windows,descriptive; subset/tail membership differs between comparisons
G-A-NG-A,Pedestrian5-8m,22483,432,10249,4638,5611,12234,0,0.44790270412963246,0.53771598028063716,2077.3727417532355,3017.1243653546553,0.041798319779452024,0.94413506984710693,1.7209523022174835,4.066008713841434,562,1245.9124924782664,0.41294701232238151,562,1245.9124924782664,largest ceil(0.1*positive-harm actors) per comparison/group,939.75162360141985,FDE and gain/harm m; count actors/windows,descriptive; subset/tail membership differs between comparisons
G-C-NG-C,Pedestrian5-8m,22483,432,7597,4428,3169,14886,0,0.32733285695321979,0.34532423179320998,1449.4298905888572,1094.3324905526824,-0.015794039942897957,0.56530374884605428,0.83399872183799639,1.7901130008697588,317,344.94298791512847,0.31520857773391908,317,344.94298791512847,largest ceil(0.1*positive-harm actors) per comparison/group,-355.0974000361748,FDE and gain/harm m; count actors/windows,descriptive; subset/tail membership differs between comparisons
G-C-G-A,Pedestrian5-8m,22483,432,13550,9800,3750,8933,0,0.501704347257108,0.3581141259173552,4916.7026031196583,1342.9279721900821,-0.1589545270172831,0.69560455083847039,0.96444417163729657,2.0063911914825412,375,439.35233872383833,0.32716001738152123,375,439.35233872383833,largest ceil(0.1*positive-harm actors) per comparison/group,-3573.7746309295762,FDE and gain/harm m; count actors/windows,descriptive; subset/tail membership differs between comparisons
