Fold,Part,Scenes,Actors,IndicesSHA256
1,InnerTrain,378,159151,ec6c324a6b8e6c1d88877892bab82b9463a03e759dd2a077d51b1f162ea79a7b
1,InnerDev,42,18327,b544a4ea1f392f39fc5bc7381e238d69ddbcd7687e9a37f08a58f27fe90a76a6
1,OuterTest,210,82673,8b4fd3fd1d85336aa71b65901a35e697279a3c4746da34086d06b66c6cac46e5
2,InnerTrain,378,157356,191daf638fe7d712d96446af009e9b934cb20766551344a6d35f3c7a97013ccb
2,InnerDev,42,19084,d28f12b70da0eab4b70d92076a995d719c397be3dfc7023a2831cf856c0f01fe
2,OuterTest,210,83711,df830f5b81dade134c5d6e3f65675f0713871e69ae525fa7a7c1fba287fd04bc
3,InnerTrain,378,148900,bb2cc4ca44da2df4de6dbbf6bc710abac703997fcdd87c6cfb5f72a71001ccf5
3,InnerDev,42,17484,d9fae9b7fd8448b6702bf4f1038c4785ab439883c1daa18cc5a4aaf1d33acb0f
3,OuterTest,210,93767,c7beb0e9b3f289c62197c72268202f1df0ec13392335b30664cb9466b0ee6164
