Split,Group,Count,NearConnectorRate,NearTurnConnectorRate,NearTrafficControlRate,NearCrosswalkRate,Scenes,Instances
train,overall,290085,0.9783959873830085,0.9136253167175138,0.971591085371529,0.8333833186824552,700,21743
train,vehicle,213745,0.9782170343165922,0.9048679501274883,0.9666705653933425,0.8283234695548434,699,15856
train,pedestrian,73202,0.9789076801180295,0.9370645610775662,0.9855878254692495,0.8507964263271496,603,5596
train,bicycle,3138,0.978648820905035,0.9633524537922243,0.9802421924792861,0.7718291905672403,181,291
train,vehicle.moving,46795,0.9806175873490758,0.9283897852334652,0.9809808740250027,0.8279517042419062,664,3814
train,Vehicle >5m,42731,0.9799911071587372,0.9252299267510706,0.9785401699000725,0.8142566286770728,665,3692
val,overall,54990,0.9804873613384252,0.9129841789416258,0.9680669212584107,0.7297690489179851,150,4323
val,vehicle,42332,0.97550316545403,0.9011386185391665,0.9609279032410469,0.7436927147311726,150,3144
val,pedestrian,12002,0.9970004999166806,0.9523412764539243,0.9915014164305949,0.6828861856357273,121,1108
val,bicycle,656,1.0,0.9573170731707317,1.0,0.6890243902439024,47,71
val,vehicle.moving,10461,0.9905362776025236,0.95526240321193,0.9776312016059651,0.7664659210400535,137,850
val,Vehicle >5m,9744,0.9892241379310345,0.9563834154351396,0.9810139573070608,0.7603653530377669,137,853
combined,overall,345075,0.978729261754691,0.9135231471419256,0.9710294863435485,0.8168716945591538,850,26066
combined,vehicle,256077,0.9777684055967542,0.9042514556168653,0.9657212479059033,0.8143331888455425,849,19000
combined,pedestrian,85204,0.9814562696587015,0.9392164687103892,0.9864208253133656,0.82714426552744,724,6704
combined,bicycle,3794,0.9823405376910912,0.9623089088033737,0.9836584080126516,0.757511860832894,228,362
combined,vehicle.moving,57256,0.9824297890177449,0.9332995668576219,0.9803688696381165,0.8167178985608495,801,4664
combined,Vehicle >5m,52475,0.9817055740828966,0.9310147689375893,0.9789995235826584,0.8042496426869938,802,4545
