location,layer,record_count
boston-seaport,lane,1215
boston-seaport,lane_connector,1631
boston-seaport,stop_line,775
boston-seaport,traffic_light,307
boston-seaport,ped_crossing,340
boston-seaport,walkway,301
boston-seaport,road_segment,928
boston-seaport,road_block,969
boston-seaport,lane_divider,671
boston-seaport,road_divider,377
boston-seaport,carpark_area,275
singapore-hollandvillage,lane,601
singapore-hollandvillage,lane_connector,719
singapore-hollandvillage,stop_line,300
singapore-hollandvillage,traffic_light,119
singapore-hollandvillage,ped_crossing,28
singapore-hollandvillage,walkway,498
singapore-hollandvillage,road_segment,167
singapore-hollandvillage,road_block,387
singapore-hollandvillage,lane_divider,220
singapore-hollandvillage,road_divider,107
singapore-hollandvillage,carpark_area,0
singapore-onenorth,lane,936
singapore-onenorth,lane_connector,1066
singapore-onenorth,stop_line,451
singapore-onenorth,traffic_light,127
singapore-onenorth,ped_crossing,120
singapore-onenorth,walkway,838
singapore-onenorth,road_segment,783
singapore-onenorth,road_block,645
singapore-onenorth,lane_divider,357
singapore-onenorth,road_divider,152
singapore-onenorth,carpark_area,39
singapore-queenstown,lane,910
singapore-queenstown,lane_connector,1173
singapore-queenstown,stop_line,437
singapore-queenstown,traffic_light,81
singapore-queenstown,ped_crossing,75
singapore-queenstown,walkway,457
singapore-queenstown,road_segment,260
singapore-queenstown,road_block,676
singapore-queenstown,lane_divider,257
singapore-queenstown,road_divider,172
singapore-queenstown,carpark_area,40
