Pair,Layer,Weighting,EdgeCount,EdgeHeadObservationCount,GateMean,A_Raw,F_Raw,F_Effective,RawAmplification,EffectiveRetention,CompensationIndex
V<-V,All,EdgeWeighted,1100370,26408880,0.19472511825174213,10.69810047434946,1.4526470125958892,0.2829292650002546,0.1357855083452437,0.02644668232591005,0.13581545722090668
V<-V,1,EdgeWeighted,1100370,8802960,0.19472511825174213,12.133059023425476,1.461790002826451,0.2847590896282198,0.12047992174103432,0.023469686320962777,0.12052726081977971
V<-V,2,EdgeWeighted,1100370,8802960,0.19472511825174213,9.330810673614437,1.7321610412744617,0.3373786422786266,0.18563885818798775,0.03615748445856771,0.18568473819066145
V<-V,3,EdgeWeighted,1100370,8802960,0.19472511825174213,10.630431726008466,1.1639899936867548,0.22665006309391736,0.10949602260686844,0.02132087094131704,0.10949213967779883
V<-P,All,EdgeWeighted,258536,6204864,0.21290628930524572,7.515420945576141,0.5378701465010394,0.11447878786720397,0.07156886482878398,0.015232518383719452,0.07154564441459034
V<-P,1,EdgeWeighted,258536,2068288,0.21290628930524572,7.530081131762789,0.5375310850648866,0.11433897984729273,0.07138450103594113,0.015184295852159439,0.07131914791487487
V<-P,2,EdgeWeighted,258536,2068288,0.21290628930524572,7.170551104133646,0.5801887945758215,0.12353953735556737,0.08091272000449586,0.01722873673016046,0.08092168614259489
V<-P,3,EdgeWeighted,258536,2068288,0.21290628930524572,7.845630600831986,0.49589055986241,0.10555784639875178,0.06320595302788841,0.0134543482397724,0.06319375370140072
V<-B,All,EdgeWeighted,15189,364536,0.21140226886874244,0.6323379639254096,0.6807540594809932,0.14415440119020123,1.0765667847765452,0.22797049542244574,1.0783729326020668
V<-B,1,EdgeWeighted,15189,121512,0.21140226886874244,0.5913500982939065,0.7551857426776322,0.15984702446633475,1.2770535290107663,0.2703086077510098,1.2786456664397723
V<-B,2,EdgeWeighted,15189,121512,0.21140226886874244,0.6216831607888448,0.6924109849945977,0.14672877548929675,1.1137682625637226,0.23601857406420496,1.1164429036772425
V<-B,3,EdgeWeighted,15189,121512,0.21140226886874244,0.6839806326934776,0.5946654507707501,0.12588740361497225,0.8694185385554051,0.1840511203931659,0.8706203233856405
P<-V,All,EdgeWeighted,215392,5169408,0.23273020206850015,8.555507689209342,1.232706017786383,0.28693622232127985,0.14408332750379071,0.033538187610747755,0.1441075798138162
P<-V,1,EdgeWeighted,215392,1723136,0.23273020206850015,8.535390946979225,1.3446582292636056,0.31298432678215177,0.1575391491779418,0.03666900887840767,0.15756015754248004
P<-V,2,EdgeWeighted,215392,1723136,0.23273020206850015,8.153441289845704,1.2728915852864122,0.29629965314243817,0.1561170968766894,0.03634044107830216,0.1561483606073713
P<-V,3,EdgeWeighted,215392,1723136,0.23273020206850015,8.9776908308031,1.0805682388091304,0.2515246870392497,0.12036148915910631,0.028016634956517336,0.1203824579005287
P<-P,All,EdgeWeighted,190592,4574208,0.22233593420568376,7.980119362993168,1.1327461360394075,0.2519299892568698,0.14194601397479337,0.031569701840484674,0.1419909945432819
P<-P,1,EdgeWeighted,190592,1524736,0.22233593420568376,9.058126535200358,1.1978467770339944,0.26641654690980787,0.13224001354548298,0.029411881759476448,0.13228577081655954
P<-P,2,EdgeWeighted,190592,1524736,0.22233593420568376,6.9516073177596995,1.325876573981496,0.29487004698965485,0.1907294977216136,0.042417534979594836,0.19078127529552408
P<-P,3,EdgeWeighted,190592,1524736,0.22233593420568376,7.930624236019445,0.8745150571027324,0.19450337387114677,0.11027064578701617,0.02452560704395651,0.11030878129749361
P<-B,All,EdgeWeighted,6744,161856,0.22496800541144177,0.2737154748003716,0.1082137382040601,0.02444758361207922,0.39535117380364293,0.08931750291697793,0.39702311794690476
P<-B,1,EdgeWeighted,6744,53952,0.22496800541144177,0.31206742138382587,0.1003682337405617,0.022715623051061586,0.3216235455763221,0.0727907521471621,0.32356044931114236
P<-B,2,EdgeWeighted,6744,53952,0.22496800541144177,0.2750770371529578,0.12925522784284407,0.029236587327669112,0.469887361307071,0.1062850849617125,0.4724453152477199
P<-B,3,EdgeWeighted,6744,53952,0.22496800541144177,0.23400196586433117,0.09501775302877453,0.021390540457506955,0.4060553449508631,0.09141179418890329,0.40633240250495684
B<-V,All,EdgeWeighted,10917,262008,0.20978764851003534,2.2426370982425237,0.39743805144350236,0.08333666741918422,0.1772190649939618,0.03716012149843193,0.17713206659701744
B<-V,1,EdgeWeighted,10917,87336,0.20978764851003534,2.720559360426176,0.42306117260722786,0.08854943541622229,0.15550521602509826,0.03254824591545341,0.1551485256407323
B<-V,2,EdgeWeighted,10917,87336,0.20978764851003534,2.0199949070398375,0.3849405790258125,0.08093533998944186,0.1905651226043263,0.0400671008162966,0.19098883652576715
B<-V,3,EdgeWeighted,10917,87336,0.20978764851003534,1.9873570272615566,0.38431240269746664,0.08052522685188847,0.19337864082390707,0.04051875196157344,0.19314173316651606
B<-P,All,EdgeWeighted,5216,125184,0.20489222707763954,0.6827564923455249,0.24944299585361238,0.05115917660368722,0.36534693554244013,0.07493033962757767,0.3657060935851094
B<-P,1,EdgeWeighted,5216,41728,0.20489222707763954,0.8558524967278275,0.24526612555353688,0.05047552516595119,0.2865752260179274,0.05897689703443619,0.2878434921479634
B<-P,2,EdgeWeighted,5216,41728,0.20489222707763954,0.5573310664757744,0.30978375859139334,0.06335995840470057,0.5558343535233653,0.11368459624636533,0.5548506759838197
B<-P,3,EdgeWeighted,5216,41728,0.20489222707763954,0.6350859138329729,0.1932791034159069,0.03964204624040985,0.3043353602444811,0.06241997303476006,0.3046478184095737
B<-B,All,EdgeWeighted,624,14976,0.185791577403553,0.7866633118180529,0.34200046970942743,0.06413863052245923,0.4347482083174186,0.08153250411399482,0.43883851391451983
B<-B,1,EdgeWeighted,624,4992,0.185791577403553,0.7215164013542003,0.336649860081835,0.06324170172757285,0.46658655961821205,0.08765109252175665,0.471771051352137
B<-B,2,EdgeWeighted,624,4992,0.185791577403553,0.7771296345272276,0.4434112637029149,0.0833726782993136,0.5705756649814424,0.10728284384265634,0.5774364993697486
B<-B,3,EdgeWeighted,624,4992,0.185791577403553,0.861343899572731,0.2459402853435324,0.045801511540491245,0.2855308809991248,0.053174476572558624,0.2862049747013558
