Update,Loss
10,1.5498361587524414
20,1.5140149593353271
30,1.4795243740081787
40,1.4470906257629395
50,1.4145495891571045
60,1.39042067527771
70,1.36378812789917
80,1.3404484987258911
90,1.3211591243743896
100,1.3116071224212646
110,1.3096423149108887
120,1.3052430152893066
130,1.3041218519210815
140,1.3034533262252808
150,1.300719976425171
160,1.2997736930847168
170,1.298905849456787
180,1.2983767986297607
190,1.2979803085327148
200,1.2976782321929932
210,1.2974278926849365
220,1.2972149848937988
230,1.2970165014266968
240,1.2968361377716064
250,1.2966666221618652
260,1.296504020690918
270,1.2963652610778809
280,1.2962498664855957
290,1.296225666999817
300,1.2960495948791504
